performance_id,campaign_id,date_id,impressions,clicks,conversions,spend,ctr,cpc,cpm,created_at,revenue,roas,cvr,creative_id,audience_id
1,35,1,2,0,0,0.16,0.0,,80.0,2026-05-24 18:26:42,0,0.0,,3,4
2,88,2,2,0,0,0.16,0.0,,80.0,2026-05-24 18:26:42,0,0.0,,2,1
3,141,3,2,0,0,0.16,0.0,,80.0,2026-05-24 18:26:42,0,0.0,,1,2
4,35,4,145,0,0,0.21,0.0,,1.45,2026-05-24 18:26:42,0,0.0,,3,4
5,88,5,145,0,0,0.21,0.0,,1.45,2026-05-24 18:26:42,0,0.0,,2,1
6,141,6,145,0,0,0.21,0.0,,1.45,2026-05-24 18:26:42,0,0.0,,1,2
7,13,7,2,0,0,-0.57,0.0,,-285.0,2026-05-24 18:26:42,0,0.0,,2,2
8,66,8,2,0,0,-0.57,0.0,,-285.0,2026-05-24 18:26:42,0,0.0,,1,3
9,119,9,2,0,0,-0.57,0.0,,-285.0,2026-05-24 18:26:42,0,0.0,,3,4
10,35,10,20,4,0,-4.49,20.0,-1.12,-224.5,2026-05-24 18:26:42,0,0.0,0.0,3,4
11,88,11,20,4,0,-4.49,20.0,-1.12,-224.5,2026-05-24 18:26:42,0,0.0,0.0,2,1
12,141,12,20,4,0,-4.49,20.0,-1.12,-224.5,2026-05-24 18:26:42,0,0.0,0.0,1,2
13,35,13,39,3,0,11.59,7.69,3.86,297.18,2026-05-24 18:26:42,0,0.0,0.0,3,4
14,88,14,39,3,0,11.59,7.69,3.86,297.18,2026-05-24 18:26:42,0,0.0,0.0,2,1
15,141,15,39,3,0,11.59,7.69,3.86,297.18,2026-05-24 18:26:42,0,0.0,0.0,1,2
16,13,16,44,-100,0,11.91,-227.27,-0.12,270.68,2026-05-24 18:26:42,0,0.0,0.0,2,2
17,66,17,44,-100,0,11.91,-227.27,-0.12,270.68,2026-05-24 18:26:42,0,0.0,0.0,1,3
18,119,18,44,-100,0,11.91,-227.27,-0.12,270.68,2026-05-24 18:26:42,0,0.0,0.0,3,4
19,51,19,44,10,0,12.14,22.73,1.21,275.91,2026-05-24 18:26:42,0,0.0,0.0,1,4
20,104,20,44,10,0,12.14,22.73,1.21,275.91,2026-05-24 18:26:42,0,0.0,0.0,3,1
21,157,21,44,10,0,12.14,22.73,1.21,275.91,2026-05-24 18:26:42,0,0.0,0.0,2,2
22,35,22,52,1,0,-13.17,1.92,-13.17,-253.27,2026-05-24 18:26:42,0,0.0,0.0,3,4
23,88,23,52,1,0,-13.17,1.92,-13.17,-253.27,2026-05-24 18:26:42,0,0.0,0.0,2,1
24,141,24,52,1,0,-13.17,1.92,-13.17,-253.27,2026-05-24 18:26:42,0,0.0,0.0,1,2
25,35,25,69,8,0,19.35,11.59,2.42,280.43,2026-05-24 18:26:42,0,0.0,0.0,3,4
26,88,26,69,8,0,19.35,11.59,2.42,280.43,2026-05-24 18:26:42,0,0.0,0.0,2,1
27,141,27,69,8,0,19.35,11.59,2.42,280.43,2026-05-24 18:26:42,0,0.0,0.0,1,2
28,35,28,95,9,0,19.63,9.47,2.18,206.63,2026-05-24 18:26:42,0,0.0,0.0,3,4
29,88,29,95,9,0,19.63,9.47,2.18,206.63,2026-05-24 18:26:42,0,0.0,0.0,2,1
30,141,30,95,9,0,19.63,9.47,2.18,206.63,2026-05-24 18:26:42,0,0.0,0.0,1,2
31,35,31,80,12,0,23.85,15.0,1.99,298.13,2026-05-24 18:26:42,0,0.0,0.0,3,4
32,88,32,80,12,0,23.85,15.0,1.99,298.13,2026-05-24 18:26:42,0,0.0,0.0,2,1
33,141,33,80,12,0,23.85,15.0,1.99,298.13,2026-05-24 18:26:42,0,0.0,0.0,1,2
34,35,34,119,3,0,24.22,2.52,8.07,203.53,2026-05-24 18:26:42,0,0.0,0.0,3,4
35,88,35,119,3,0,24.22,2.52,8.07,203.53,2026-05-24 18:26:42,0,0.0,0.0,2,1
36,141,36,119,3,0,24.22,2.52,8.07,203.53,2026-05-24 18:26:42,0,0.0,0.0,1,2
37,35,37,144,14,0,27.12,9.72,1.94,188.33,2026-05-24 18:26:42,0,0.0,0.0,3,4
38,88,38,144,14,0,27.12,9.72,1.94,188.33,2026-05-24 18:26:42,0,0.0,0.0,2,1
39,141,39,144,14,0,27.12,9.72,1.94,188.33,2026-05-24 18:26:42,0,0.0,0.0,1,2
40,35,40,116,11,0,33.81,9.48,3.07,291.47,2026-05-24 18:26:42,0,0.0,0.0,3,4
41,88,41,116,11,0,33.81,9.48,3.07,291.47,2026-05-24 18:26:42,0,0.0,0.0,2,1
42,141,42,116,11,0,33.81,9.48,3.07,291.47,2026-05-24 18:26:42,0,0.0,0.0,1,2
43,35,43,129,9,0,37.21,6.98,4.13,288.45,2026-05-24 18:26:42,0,0.0,0.0,3,4
44,88,44,129,9,0,37.21,6.98,4.13,288.45,2026-05-24 18:26:42,0,0.0,0.0,2,1
45,141,45,129,9,0,37.21,6.98,4.13,288.45,2026-05-24 18:26:42,0,0.0,0.0,1,2
46,35,46,136,17,0,38.56,12.5,2.27,283.53,2026-05-24 18:26:42,0,0.0,0.0,3,4
47,88,47,136,17,0,38.56,12.5,2.27,283.53,2026-05-24 18:26:42,0,0.0,0.0,2,1
48,141,48,136,17,0,38.56,12.5,2.27,283.53,2026-05-24 18:26:42,0,0.0,0.0,1,2
49,35,49,179,7,0,47.914478,3.91,6.84,267.68,2026-05-24 18:26:42,0,0.0,0.0,3,4
50,88,50,179,7,0,47.914478,3.91,6.84,267.68,2026-05-24 18:26:42,0,0.0,0.0,2,1
51,141,51,179,7,0,47.914478,3.91,6.84,267.68,2026-05-24 18:26:42,0,0.0,0.0,1,2
52,35,52,326,19,0,63.17,5.83,3.32,193.77,2026-05-24 18:26:42,0,0.0,0.0,3,4
53,88,53,326,19,0,63.17,5.83,3.32,193.77,2026-05-24 18:26:42,0,0.0,0.0,2,1
54,141,54,326,19,0,63.17,5.83,3.32,193.77,2026-05-24 18:26:42,0,0.0,0.0,1,2
55,35,55,329,23,0,69.12,6.99,3.01,210.09,2026-05-24 18:26:42,0,0.0,0.0,3,4
56,88,56,329,23,0,69.12,6.99,3.01,210.09,2026-05-24 18:26:42,0,0.0,0.0,2,1
57,141,57,329,23,0,69.12,6.99,3.01,210.09,2026-05-24 18:26:42,0,0.0,0.0,1,2
58,35,58,-257,-27,0,10756.284623,10.51,-398.38,-41853.25,2026-05-24 18:26:42,0,0.0,0.0,3,4
59,88,59,-257,-27,0,10756.284623,10.51,-398.38,-41853.25,2026-05-24 18:26:42,0,0.0,0.0,2,1
60,141,60,-257,-27,0,10756.284623,10.51,-398.38,-41853.25,2026-05-24 18:26:42,0,0.0,0.0,1,2
61,35,61,237,31,0,72.88,13.08,2.35,307.51,2026-05-24 18:26:42,0,0.0,0.0,3,4
62,88,62,237,31,0,72.88,13.08,2.35,307.51,2026-05-24 18:26:42,0,0.0,0.0,2,1
63,141,63,237,31,0,72.88,13.08,2.35,307.51,2026-05-24 18:26:42,0,0.0,0.0,1,2
64,35,64,268,25,0,75.53,9.33,3.02,281.83,2026-05-24 18:26:42,0,0.0,0.0,3,4
65,88,65,268,25,0,75.53,9.33,3.02,281.83,2026-05-24 18:26:42,0,0.0,0.0,2,1
66,141,66,268,25,0,75.53,9.33,3.02,281.83,2026-05-24 18:26:42,0,0.0,0.0,1,2
67,35,67,-321,25,0,79.22,-7.79,3.17,-246.79,2026-05-24 18:26:42,0,0.0,0.0,3,4
68,88,68,-321,25,0,79.22,-7.79,3.17,-246.79,2026-05-24 18:26:42,0,0.0,0.0,2,1
69,141,69,-321,25,0,79.22,-7.79,3.17,-246.79,2026-05-24 18:26:42,0,0.0,0.0,1,2
70,35,70,-376,-35,0,84.05479,9.31,-2.4,-223.55,2026-05-24 18:26:42,0,0.0,0.0,3,4
71,88,71,-376,-35,0,84.05479,9.31,-2.4,-223.55,2026-05-24 18:26:42,0,0.0,0.0,2,1
72,141,72,-376,-35,0,84.05479,9.31,-2.4,-223.55,2026-05-24 18:26:42,0,0.0,0.0,1,2
73,35,73,418,-32,0,96.257842,-7.66,-3.01,230.28,2026-05-24 18:26:42,0,0.0,0.0,3,4
74,88,74,418,-32,0,96.257842,-7.66,-3.01,230.28,2026-05-24 18:26:42,0,0.0,0.0,2,1
75,141,75,418,-32,0,96.257842,-7.66,-3.01,230.28,2026-05-24 18:26:42,0,0.0,0.0,1,2
76,35,76,484,45,0,103.56691,9.3,2.3,213.98,2026-05-24 18:26:42,0,0.0,0.0,3,4
77,88,77,484,45,0,103.56691,9.3,2.3,213.98,2026-05-24 18:26:42,0,0.0,0.0,2,1
78,141,78,484,45,0,103.56691,9.3,2.3,213.98,2026-05-24 18:26:42,0,0.0,0.0,1,2
79,13,79,687,58,0,159.0,8.44,2.74,231.44,2026-05-24 18:26:42,0,0.0,0.0,2,2
80,66,80,687,58,0,159.0,8.44,2.74,231.44,2026-05-24 18:26:42,0,0.0,0.0,1,3
81,119,81,687,58,0,159.0,8.44,2.74,231.44,2026-05-24 18:26:42,0,0.0,0.0,3,4
82,51,82,814,52,0,162.62,6.39,3.13,199.78,2026-05-24 18:26:42,0,0.0,0.0,1,4
83,104,83,814,52,0,162.62,6.39,3.13,199.78,2026-05-24 18:26:42,0,0.0,0.0,3,1
84,157,84,814,52,0,162.62,6.39,3.13,199.78,2026-05-24 18:26:42,0,0.0,0.0,2,2
85,30,85,522,24,0,593.55,4.6,24.73,1137.07,2026-05-24 18:26:42,0,0.0,0.0,1,3
86,83,86,522,24,0,593.55,4.6,24.73,1137.07,2026-05-24 18:26:42,0,0.0,0.0,3,4
87,136,87,522,24,0,593.55,4.6,24.73,1137.07,2026-05-24 18:26:42,0,0.0,0.0,2,1
88,30,88,76125,19,0,677.49,0.02,35.66,8.9,2026-05-24 18:26:42,0,0.0,0.0,1,3
89,83,89,76125,19,0,677.49,0.02,35.66,8.9,2026-05-24 18:26:42,0,0.0,0.0,3,4
90,136,90,76125,19,0,677.49,0.02,35.66,8.9,2026-05-24 18:26:42,0,0.0,0.0,2,1
91,46,91,742,39,0,718.77,5.26,18.43,968.69,2026-05-24 18:26:42,0,0.0,0.0,2,3
92,99,92,742,39,0,718.77,5.26,18.43,968.69,2026-05-24 18:26:42,0,0.0,0.0,1,4
93,152,93,742,39,0,718.77,5.26,18.43,968.69,2026-05-24 18:26:42,0,0.0,0.0,3,1
94,30,94,456,21,0,114500.28,4.61,5452.39,251097.11,2026-05-24 18:26:42,0,0.0,0.0,1,3
95,83,95,456,21,0,114500.28,4.61,5452.39,251097.11,2026-05-24 18:26:42,0,0.0,0.0,3,4
96,136,96,456,21,0,114500.28,4.61,5452.39,251097.11,2026-05-24 18:26:42,0,0.0,0.0,2,1
97,8,97,248385,54,0,812.63,0.02,15.05,3.27,2026-05-24 18:26:42,0,0.0,0.0,3,1
98,61,98,248385,54,0,812.63,0.02,15.05,3.27,2026-05-24 18:26:42,0,0.0,0.0,2,2
99,114,99,248385,54,0,812.63,0.02,15.05,3.27,2026-05-24 18:26:42,0,0.0,0.0,1,3
100,30,100,854,26,0,823.74,3.04,31.68,964.57,2026-05-24 18:26:42,0,0.0,0.0,1,3
101,83,101,854,26,0,823.74,3.04,31.68,964.57,2026-05-24 18:26:42,0,0.0,0.0,3,4
102,136,102,854,26,0,823.74,3.04,31.68,964.57,2026-05-24 18:26:42,0,0.0,0.0,2,1
103,30,103,882,47,0,1010.36,5.33,21.5,1145.53,2026-05-24 18:26:42,0,0.0,0.0,1,3
104,83,104,882,47,0,1010.36,5.33,21.5,1145.53,2026-05-24 18:26:42,0,0.0,0.0,3,4
105,136,105,882,47,0,1010.36,5.33,21.5,1145.53,2026-05-24 18:26:42,0,0.0,0.0,2,1
106,30,106,1429,80,0,1039.769843,5.6,13.0,727.62,2026-05-24 18:26:42,0,0.0,0.0,1,3
107,83,107,1429,80,0,1039.769843,5.6,13.0,727.62,2026-05-24 18:26:42,0,0.0,0.0,3,4
108,136,108,1429,80,0,1039.769843,5.6,13.0,727.62,2026-05-24 18:26:42,0,0.0,0.0,2,1
109,30,109,962,34,0,1050.968275,3.53,30.91,1092.48,2026-05-24 18:26:42,0,0.0,0.0,1,3
110,83,110,962,34,0,1050.968275,3.53,30.91,1092.48,2026-05-24 18:26:42,0,0.0,0.0,3,4
111,136,111,962,34,0,1050.968275,3.53,30.91,1092.48,2026-05-24 18:26:42,0,0.0,0.0,2,1
112,30,112,1899,56,0,1386.665904,2.95,24.76,730.21,2026-05-24 18:26:42,0,0.0,0.0,1,3
113,83,113,1899,56,0,1386.665904,2.95,24.76,730.21,2026-05-24 18:26:42,0,0.0,0.0,3,4
114,136,114,1899,56,0,1386.665904,2.95,24.76,730.21,2026-05-24 18:26:42,0,0.0,0.0,2,1
115,30,115,3024,61,0,2163.664659,2.02,35.47,715.5,2026-05-24 18:26:42,0,0.0,0.0,1,3
116,83,116,3024,61,0,2163.664659,2.02,35.47,715.5,2026-05-24 18:26:42,0,0.0,0.0,3,4
117,136,117,3024,61,0,2163.664659,2.02,35.47,715.5,2026-05-24 18:26:42,0,0.0,0.0,2,1
118,8,118,2617,98,1,2560.093262,3.74,26.12,978.25,2026-05-24 18:26:42,184000,71.87,1.02,3,1
119,61,119,2617,98,1,2560.093262,3.74,26.12,978.25,2026-05-24 18:26:42,184000,71.87,1.02,2,2
120,114,120,2617,98,1,2560.093262,3.74,26.12,978.25,2026-05-24 18:26:42,184000,71.87,1.02,1,3
121,18,121,0,0,0,0.0,,,,2026-05-24 18:26:42,0,,,1,3
122,71,122,0,0,0,0.0,,,,2026-05-24 18:26:42,0,,,3,4
123,124,123,0,0,0,0.0,,,,2026-05-24 18:26:42,0,,,2,1
124,19,124,0,0,0,0.0,,,,2026-05-24 18:26:42,0,,,2,4
125,72,125,0,0,0,0.0,,,,2026-05-24 18:26:42,0,,,1,1
126,125,126,0,0,0,0.0,,,,2026-05-24 18:26:42,0,,,3,2
127,24,127,0,0,0,0.0,,,,2026-05-24 18:26:42,0,,,1,1
128,77,128,0,0,0,0.0,,,,2026-05-24 18:26:42,0,,,3,2
129,130,129,0,0,0,0.0,,,,2026-05-24 18:26:42,0,,,2,3
130,24,130,0,0,0,0.0,,,,2026-05-24 18:26:42,0,,,1,1
131,77,131,0,0,0,0.0,,,,2026-05-24 18:26:42,0,,,3,2
132,130,132,0,0,0,0.0,,,,2026-05-24 18:26:42,0,,,2,3
133,34,133,0,0,0,0.0,,,,2026-05-24 18:26:42,0,,,2,3
134,87,134,0,0,0,0.0,,,,2026-05-24 18:26:42,0,,,1,4
135,140,135,0,0,0,0.0,,,,2026-05-24 18:26:42,0,,,3,1
136,21,136,192,3,0,105.72,1.56,35.24,550.63,2026-05-24 18:26:42,0,0.0,0.0,1,2
137,74,137,192,3,0,105.72,1.56,35.24,550.63,2026-05-24 18:26:42,0,0.0,0.0,3,3
138,127,138,192,3,0,105.72,1.56,35.24,550.63,2026-05-24 18:26:42,0,0.0,0.0,2,4
139,21,139,252,7,0,149.93,2.78,21.42,594.96,2026-05-24 18:26:42,0,0.0,0.0,1,2
140,74,140,252,7,0,149.93,2.78,21.42,594.96,2026-05-24 18:26:42,0,0.0,0.0,3,3
141,127,141,252,7,0,149.93,2.78,21.42,594.96,2026-05-24 18:26:42,0,0.0,0.0,2,4
142,21,142,259,13,0,187.05,5.02,14.39,722.2,2026-05-24 18:26:42,0,0.0,0.0,1,2
143,74,143,259,13,0,187.05,5.02,14.39,722.2,2026-05-24 18:26:42,0,0.0,0.0,3,3
144,127,144,259,13,0,187.05,5.02,14.39,722.2,2026-05-24 18:26:42,0,0.0,0.0,2,4
145,21,145,328,15,0,237.0,4.57,15.8,722.56,2026-05-24 18:26:42,0,0.0,0.0,1,2
146,74,146,328,15,0,237.0,4.57,15.8,722.56,2026-05-24 18:26:42,0,0.0,0.0,3,3
147,127,147,328,15,0,237.0,4.57,15.8,722.56,2026-05-24 18:26:42,0,0.0,0.0,2,4
148,32,148,347,21,0,249.4,6.05,11.88,718.73,2026-05-24 18:26:42,0,0.0,0.0,3,1
149,85,149,347,21,0,249.4,6.05,11.88,718.73,2026-05-24 18:26:42,0,0.0,0.0,2,2
150,138,150,347,21,0,249.4,6.05,11.88,718.73,2026-05-24 18:26:42,0,0.0,0.0,1,3
151,32,151,-367,28,0,307.9,-7.63,11.0,-838.96,2026-05-24 18:26:42,0,0.0,0.0,3,1
152,85,152,-367,28,0,307.9,-7.63,11.0,-838.96,2026-05-24 18:26:42,0,0.0,0.0,2,2
153,138,153,-367,28,0,307.9,-7.63,11.0,-838.96,2026-05-24 18:26:42,0,0.0,0.0,1,3
154,32,154,331,18,1,321.54,5.44,17.86,971.42,2026-05-24 18:26:42,90000,279.9,5.56,3,1
155,85,155,331,18,1,321.54,5.44,17.86,971.42,2026-05-24 18:26:42,90000,279.9,5.56,2,2
156,138,156,331,18,1,321.54,5.44,17.86,971.42,2026-05-24 18:26:42,90000,279.9,5.56,1,3
157,32,157,354,33,0,331.14,9.32,10.03,935.42,2026-05-24 18:26:42,0,0.0,0.0,3,1
158,85,158,354,33,0,331.14,9.32,10.03,935.42,2026-05-24 18:26:42,0,0.0,0.0,2,2
159,138,159,354,33,0,331.14,9.32,10.03,935.42,2026-05-24 18:26:42,0,0.0,0.0,1,3
160,21,160,71775,17,0,351.85,0.02,20.7,4.9,2026-05-24 18:26:42,0,0.0,0.0,1,2
161,74,161,71775,17,0,351.85,0.02,20.7,4.9,2026-05-24 18:26:42,0,0.0,0.0,3,3
162,127,162,71775,17,0,351.85,0.02,20.7,4.9,2026-05-24 18:26:42,0,0.0,0.0,2,4
163,21,163,427,2000,0,353.85,468.38,0.18,828.69,2026-05-24 18:26:42,0,0.0,0.0,1,2
164,74,164,427,2000,0,353.85,468.38,0.18,828.69,2026-05-24 18:26:42,0,0.0,0.0,3,3
165,127,165,427,2000,0,353.85,468.38,0.18,828.69,2026-05-24 18:26:42,0,0.0,0.0,2,4
166,21,166,537,20,0,356.87,3.72,17.84,664.56,2026-05-24 18:26:42,0,0.0,0.0,1,2
167,74,167,537,20,0,356.87,3.72,17.84,664.56,2026-05-24 18:26:42,0,0.0,0.0,3,3
168,127,168,537,20,0,356.87,3.72,17.84,664.56,2026-05-24 18:26:42,0,0.0,0.0,2,4
169,32,169,76270,39,0,377.8,0.05,9.69,4.95,2026-05-24 18:26:42,0,0.0,0.0,3,1
170,85,170,76270,39,0,377.8,0.05,9.69,4.95,2026-05-24 18:26:42,0,0.0,0.0,2,2
171,138,171,76270,39,0,377.8,0.05,9.69,4.95,2026-05-24 18:26:42,0,0.0,0.0,1,3
172,32,172,419,26,0,382.42,6.21,14.71,912.7,2026-05-24 18:26:42,0,0.0,0.0,3,1
173,85,173,419,26,0,382.42,6.21,14.71,912.7,2026-05-24 18:26:42,0,0.0,0.0,2,2
174,138,174,419,26,0,382.42,6.21,14.71,912.7,2026-05-24 18:26:42,0,0.0,0.0,1,3
175,21,175,414,10,0,58341.87,2.42,5834.19,140922.39,2026-05-24 18:26:42,0,0.0,0.0,1,2
176,74,176,414,10,0,58341.87,2.42,5834.19,140922.39,2026-05-24 18:26:42,0,0.0,0.0,3,3
177,127,177,414,10,0,58341.87,2.42,5834.19,140922.39,2026-05-24 18:26:42,0,0.0,0.0,2,4
178,48,178,84825,28,0,398.57,0.03,14.23,4.7,2026-05-24 18:26:42,0,0.0,0.0,1,1
179,101,179,84825,28,0,398.57,0.03,14.23,4.7,2026-05-24 18:26:42,0,0.0,0.0,3,2
180,154,180,84825,28,0,398.57,0.03,14.23,4.7,2026-05-24 18:26:42,0,0.0,0.0,2,3
181,21,181,636,-15,0,406.79,-2.36,-27.12,639.61,2026-05-24 18:26:42,0,0.0,0.0,1,2
182,74,182,636,-15,0,406.79,-2.36,-27.12,639.61,2026-05-24 18:26:42,0,0.0,0.0,3,3
183,127,183,636,-15,0,406.79,-2.36,-27.12,639.61,2026-05-24 18:26:42,0,0.0,0.0,2,4
184,21,184,548,19,0,443.15,3.47,23.32,808.67,2026-05-24 18:26:42,0,0.0,0.0,1,2
185,74,185,548,19,0,443.15,3.47,23.32,808.67,2026-05-24 18:26:42,0,0.0,0.0,3,3
186,127,186,548,19,0,443.15,3.47,23.32,808.67,2026-05-24 18:26:42,0,0.0,0.0,2,4
187,41,187,506,33,0,457.2,6.52,13.85,903.56,2026-05-24 18:26:42,0,0.0,0.0,3,2
188,94,188,506,33,0,457.2,6.52,13.85,903.56,2026-05-24 18:26:42,0,0.0,0.0,2,3
189,147,189,506,33,0,457.2,6.52,13.85,903.56,2026-05-24 18:26:42,0,0.0,0.0,1,4
190,21,190,-601,24,0,458.41,-3.99,19.1,-762.75,2026-05-24 18:26:42,0,0.0,0.0,1,2
191,74,191,-601,24,0,458.41,-3.99,19.1,-762.75,2026-05-24 18:26:42,0,0.0,0.0,3,3
192,127,192,-601,24,0,458.41,-3.99,19.1,-762.75,2026-05-24 18:26:42,0,0.0,0.0,2,4
193,21,193,780,34,0,511.43,4.36,15.04,655.68,2026-05-24 18:26:42,0,0.0,0.0,1,2
194,74,194,780,34,0,511.43,4.36,15.04,655.68,2026-05-24 18:26:42,0,0.0,0.0,3,3
195,127,195,780,34,0,511.43,4.36,15.04,655.68,2026-05-24 18:26:42,0,0.0,0.0,2,4
196,21,196,844,34,0,90015.63,4.03,2647.52,106653.59,2026-05-24 18:26:42,0,0.0,0.0,1,2
197,74,197,844,34,0,90015.63,4.03,2647.52,106653.59,2026-05-24 18:26:42,0,0.0,0.0,3,3
198,127,198,844,34,0,90015.63,4.03,2647.52,106653.59,2026-05-24 18:26:42,0,0.0,0.0,2,4
199,21,199,907,50,0,726.66,5.51,14.53,801.17,2026-05-24 18:26:42,0,0.0,0.0,1,2
200,74,200,907,50,0,726.66,5.51,14.53,801.17,2026-05-24 18:26:42,0,0.0,0.0,3,3
201,127,201,907,50,0,726.66,5.51,14.53,801.17,2026-05-24 18:26:42,0,0.0,0.0,2,4
202,30,202,0,0,0,0.0,,,,2026-05-24 18:26:42,0,,,1,3
203,83,203,0,0,0,0.0,,,,2026-05-24 18:26:42,0,,,3,4
204,136,204,0,0,0,0.0,,,,2026-05-24 18:26:42,0,,,2,1
205,30,205,0,0,0,0.0,,,,2026-05-24 18:26:42,0,,,1,3
206,83,206,0,0,0,0.0,,,,2026-05-24 18:26:42,0,,,3,4
207,136,207,0,0,0,0.0,,,,2026-05-24 18:26:42,0,,,2,1
208,30,208,4,0,0,3.36,0.0,,840.0,2026-05-24 18:26:42,0,0.0,,1,3
209,83,209,4,0,0,3.36,0.0,,840.0,2026-05-24 18:26:42,0,0.0,,3,4
210,136,210,4,0,0,3.36,0.0,,840.0,2026-05-24 18:26:42,0,0.0,,2,1
211,30,211,20,0,0,11.76,0.0,,588.0,2026-05-24 18:26:42,0,0.0,,1,3
212,83,212,20,0,0,11.76,0.0,,588.0,2026-05-24 18:26:42,0,0.0,,3,4
213,136,213,20,0,0,11.76,0.0,,588.0,2026-05-24 18:26:42,0,0.0,,2,1
214,30,214,21,200,0,16.87,952.38,0.08,803.33,2026-05-24 18:26:42,0,0.0,0.0,1,3
215,83,215,21,200,0,16.87,952.38,0.08,803.33,2026-05-24 18:26:42,0,0.0,0.0,3,4
216,136,216,21,200,0,16.87,952.38,0.08,803.33,2026-05-24 18:26:42,0,0.0,0.0,2,1
217,30,217,97,2,0,71.77,2.06,35.88,739.9,2026-05-24 18:26:42,0,0.0,0.0,1,3
218,83,218,97,2,0,71.77,2.06,35.88,739.9,2026-05-24 18:26:42,0,0.0,0.0,3,4
219,136,219,97,2,0,71.77,2.06,35.88,739.9,2026-05-24 18:26:42,0,0.0,0.0,2,1
220,30,220,41615,7,0,-266.26,0.02,-38.04,-6.4,2026-05-24 18:26:42,0,0.0,0.0,1,3
221,83,221,41615,7,0,-266.26,0.02,-38.04,-6.4,2026-05-24 18:26:42,0,0.0,0.0,3,4
222,136,222,41615,7,0,-266.26,0.02,-38.04,-6.4,2026-05-24 18:26:42,0,0.0,0.0,2,1
223,30,223,406,20,1,385.73,4.93,19.29,950.07,2026-05-24 18:26:42,95000,246.29,5.0,1,3
224,83,224,406,20,1,385.73,4.93,19.29,950.07,2026-05-24 18:26:42,95000,246.29,5.0,3,4
225,136,225,406,20,1,385.73,4.93,19.29,950.07,2026-05-24 18:26:42,95000,246.29,5.0,2,1
226,30,226,654,18,0,509.28,2.75,28.29,778.72,2026-05-24 18:26:42,0,0.0,0.0,1,3
227,83,227,654,18,0,509.28,2.75,28.29,778.72,2026-05-24 18:26:42,0,0.0,0.0,3,4
228,136,228,654,18,0,509.28,2.75,28.29,778.72,2026-05-24 18:26:42,0,0.0,0.0,2,1
229,30,229,-98020,14,0,547.0,-0.01,39.07,-5.58,2026-05-24 18:26:42,0,0.0,0.0,1,3
230,83,230,-98020,14,0,547.0,-0.01,39.07,-5.58,2026-05-24 18:26:42,0,0.0,0.0,3,4
231,136,231,-98020,14,0,547.0,-0.01,39.07,-5.58,2026-05-24 18:26:42,0,0.0,0.0,2,1
232,30,232,907,1600,0,776.78,176.41,0.49,856.43,2026-05-24 18:26:42,0,0.0,0.0,1,3
233,83,233,907,1600,0,776.78,176.41,0.49,856.43,2026-05-24 18:26:42,0,0.0,0.0,3,4
234,136,234,907,1600,0,776.78,176.41,0.49,856.43,2026-05-24 18:26:42,0,0.0,0.0,2,1
235,30,235,777,20,0,812.7,2.57,40.64,1045.95,2026-05-24 18:26:42,0,0.0,0.0,1,3
236,83,236,777,20,0,812.7,2.57,40.64,1045.95,2026-05-24 18:26:42,0,0.0,0.0,3,4
237,136,237,777,20,0,812.7,2.57,40.64,1045.95,2026-05-24 18:26:42,0,0.0,0.0,2,1
238,30,238,1027,51,0,839.31,4.97,16.46,817.24,2026-05-24 18:26:42,0,0.0,0.0,1,3
239,83,239,1027,51,0,839.31,4.97,16.46,817.24,2026-05-24 18:26:42,0,0.0,0.0,3,4
240,136,240,1027,51,0,839.31,4.97,16.46,817.24,2026-05-24 18:26:42,0,0.0,0.0,2,1
241,30,241,1020,30,0,856.62,2.94,28.55,839.82,2026-05-24 18:26:42,0,0.0,0.0,1,3
242,83,242,1020,30,0,856.62,2.94,28.55,839.82,2026-05-24 18:26:42,0,0.0,0.0,3,4
243,136,243,1020,30,0,856.62,2.94,28.55,839.82,2026-05-24 18:26:42,0,0.0,0.0,2,1
244,16,244,964,22,0,866.72,2.28,39.4,899.09,2026-05-24 18:26:42,0,0.0,0.0,2,1
245,69,245,964,22,0,866.72,2.28,39.4,899.09,2026-05-24 18:26:42,0,0.0,0.0,1,2
246,122,246,964,22,0,866.72,2.28,39.4,899.09,2026-05-24 18:26:42,0,0.0,0.0,3,3
247,30,247,210250,72,0,900.69,0.03,12.51,4.28,2026-05-24 18:26:42,0,0.0,0.0,1,3
248,83,248,210250,72,0,900.69,0.03,12.51,4.28,2026-05-24 18:26:42,0,0.0,0.0,3,4
249,136,249,210250,72,0,900.69,0.03,12.51,4.28,2026-05-24 18:26:42,0,0.0,0.0,2,1
250,30,250,1197,-6600,0,960.0,-551.38,-0.15,802.01,2026-05-24 18:26:42,0,0.0,0.0,1,3
251,83,251,1197,-6600,0,960.0,-551.38,-0.15,802.01,2026-05-24 18:26:42,0,0.0,0.0,3,4
252,136,252,1197,-6600,0,960.0,-551.38,-0.15,802.01,2026-05-24 18:26:42,0,0.0,0.0,2,1
253,30,253,1476,61,0,961.43,4.13,15.76,651.38,2026-05-24 18:26:42,0,0.0,0.0,1,3
254,83,254,1476,61,0,961.43,4.13,15.76,651.38,2026-05-24 18:26:42,0,0.0,0.0,3,4
255,136,255,1476,61,0,961.43,4.13,15.76,651.38,2026-05-24 18:26:42,0,0.0,0.0,2,1
256,30,256,-2100,62,0,2114.23,-2.95,34.1,-1006.78,2026-05-24 18:26:42,0,0.0,0.0,1,3
257,83,257,-2100,62,0,2114.23,-2.95,34.1,-1006.78,2026-05-24 18:26:42,0,0.0,0.0,3,4
258,136,258,-2100,62,0,2114.23,-2.95,34.1,-1006.78,2026-05-24 18:26:42,0,0.0,0.0,2,1
259,40,259,0,0,0,0.0,,,,2026-05-24 18:26:42,0,,,2,1
260,93,260,0,0,0,0.0,,,,2026-05-24 18:26:42,0,,,1,2
261,146,261,0,0,0,0.0,,,,2026-05-24 18:26:42,0,,,3,3
262,20,262,0,0,0,0.0,,,,2026-05-24 18:26:42,0,,,3,1
263,73,263,0,0,0,0.0,,,,2026-05-24 18:26:42,0,,,2,2
264,126,264,0,0,0,0.0,,,,2026-05-24 18:26:42,0,,,1,3
265,20,265,0,0,0,0.0,,,,2026-05-24 18:26:42,0,,,3,1
266,73,266,0,0,0,0.0,,,,2026-05-24 18:26:42,0,,,2,2
267,126,267,0,0,0,0.0,,,,2026-05-24 18:26:42,0,,,1,3
268,29,268,0,0,0,0.0,,,,2026-05-24 18:26:42,0,,,3,2
269,82,269,0,0,0,0.0,,,,2026-05-24 18:26:42,0,,,2,3
270,135,270,0,0,0,0.0,,,,2026-05-24 18:26:42,0,,,1,4
271,29,271,0,0,0,0.0,,,,2026-05-24 18:26:42,0,,,3,2
272,82,272,0,0,0,0.0,,,,2026-05-24 18:26:42,0,,,2,3
273,135,273,0,0,0,0.0,,,,2026-05-24 18:26:42,0,,,1,4
274,29,274,0,0,0,0.0,,,,2026-05-24 18:26:42,0,,,3,2
275,82,275,0,0,0,0.0,,,,2026-05-24 18:26:42,0,,,2,3
276,135,276,0,0,0,0.0,,,,2026-05-24 18:26:42,0,,,1,4
277,29,277,0,0,0,0.0,,,,2026-05-24 18:26:42,0,,,3,2
278,82,278,0,0,0,0.0,,,,2026-05-24 18:26:42,0,,,2,3
279,135,279,0,0,0,0.0,,,,2026-05-24 18:26:42,0,,,1,4
280,45,280,0,0,0,0.0,,,,2026-05-24 18:26:42,0,,,1,2
281,98,281,0,0,0,0.0,,,,2026-05-24 18:26:42,0,,,3,3
282,151,282,0,0,0,0.0,,,,2026-05-24 18:26:42,0,,,2,4
283,29,283,0,0,0,0.0,,,,2026-05-24 18:26:42,0,,,3,2
284,82,284,0,0,0,0.0,,,,2026-05-24 18:26:42,0,,,2,3
285,135,285,0,0,0,0.0,,,,2026-05-24 18:26:42,0,,,1,4
286,29,286,0,0,0,0.0,,,,2026-05-24 18:26:42,0,,,3,2
287,82,287,0,0,0,0.0,,,,2026-05-24 18:26:42,0,,,2,3
288,135,288,0,0,0,0.0,,,,2026-05-24 18:26:42,0,,,1,4
289,29,289,0,0,0,0.0,,,,2026-05-24 18:26:42,0,,,3,2
290,82,290,0,0,0,0.0,,,,2026-05-24 18:26:42,0,,,2,3
291,135,291,0,0,0,0.0,,,,2026-05-24 18:26:42,0,,,1,4
292,53,292,3,0,0,0.01,0.0,,3.33,2026-05-24 18:26:42,0,0.0,,3,2
293,106,293,3,0,0,0.01,0.0,,3.33,2026-05-24 18:26:42,0,0.0,,2,3
294,159,294,3,0,0,0.01,0.0,,3.33,2026-05-24 18:26:42,0,0.0,,1,4
295,37,295,-1,0,0,0.0,0.0,,0.0,2026-05-24 18:26:42,0,,,2,2
296,90,296,-1,0,0,0.0,0.0,,0.0,2026-05-24 18:26:42,0,,,1,3
297,143,297,-1,0,0,0.0,0.0,,0.0,2026-05-24 18:26:42,0,,,3,4
298,37,298,3,0,0,0.0,0.0,,0.0,2026-05-24 18:26:42,0,,,2,2
299,90,299,3,0,0,0.0,0.0,,0.0,2026-05-24 18:26:42,0,,,1,3
300,143,300,3,0,0,0.0,0.0,,0.0,2026-05-24 18:26:42,0,,,3,4
301,37,301,1,0,0,0.01,0.0,,10.0,2026-05-24 18:26:42,0,0.0,,2,2
302,90,302,1,0,0,0.01,0.0,,10.0,2026-05-24 18:26:42,0,0.0,,1,3
303,143,303,1,0,0,0.01,0.0,,10.0,2026-05-24 18:26:42,0,0.0,,3,4
304,37,304,2,0,0,0.01,0.0,,5.0,2026-05-24 18:26:42,0,0.0,,2,2
305,90,305,2,0,0,0.01,0.0,,5.0,2026-05-24 18:26:42,0,0.0,,1,3
306,143,306,2,0,0,0.01,0.0,,5.0,2026-05-24 18:26:42,0,0.0,,3,4
307,37,307,1,0,0,-0.02,0.0,,-20.0,2026-05-24 18:26:42,0,0.0,,2,2
308,90,308,1,0,0,-0.02,0.0,,-20.0,2026-05-24 18:26:42,0,0.0,,1,3
309,143,309,1,0,0,-0.02,0.0,,-20.0,2026-05-24 18:26:42,0,0.0,,3,4
310,37,310,290,0,0,0.02,0.0,,0.07,2026-05-24 18:26:42,0,0.0,,2,2
311,90,311,290,0,0,0.02,0.0,,0.07,2026-05-24 18:26:42,0,0.0,,1,3
312,143,312,290,0,0,0.02,0.0,,0.07,2026-05-24 18:26:42,0,0.0,,3,4
313,37,313,6,0,0,0.02,0.0,,3.33,2026-05-24 18:26:42,0,0.0,,2,2
314,90,314,6,0,0,0.02,0.0,,3.33,2026-05-24 18:26:42,0,0.0,,1,3
315,143,315,6,0,0,0.02,0.0,,3.33,2026-05-24 18:26:42,0,0.0,,3,4
316,37,316,3,0,0,0.03,0.0,,10.0,2026-05-24 18:26:42,0,0.0,,2,2
317,90,317,3,0,0,0.03,0.0,,10.0,2026-05-24 18:26:42,0,0.0,,1,3
318,143,318,3,0,0,0.03,0.0,,10.0,2026-05-24 18:26:42,0,0.0,,3,4
319,37,319,12,0,0,0.05,0.0,,4.17,2026-05-24 18:26:42,0,0.0,,2,2
320,90,320,12,0,0,0.05,0.0,,4.17,2026-05-24 18:26:42,0,0.0,,1,3
321,143,321,12,0,0,0.05,0.0,,4.17,2026-05-24 18:26:42,0,0.0,,3,4
322,37,322,7,0,0,0.07,0.0,,10.0,2026-05-24 18:26:42,0,0.0,,2,2
323,90,323,7,0,0,0.07,0.0,,10.0,2026-05-24 18:26:42,0,0.0,,1,3
324,143,324,7,0,0,0.07,0.0,,10.0,2026-05-24 18:26:42,0,0.0,,3,4
325,37,325,16,0,0,0.14,0.0,,8.75,2026-05-24 18:26:42,0,0.0,,2,2
326,90,326,16,0,0,0.14,0.0,,8.75,2026-05-24 18:26:42,0,0.0,,1,3
327,143,327,16,0,0,0.14,0.0,,8.75,2026-05-24 18:26:42,0,0.0,,3,4
328,37,328,48,0,0,0.33,0.0,,6.88,2026-05-24 18:26:42,0,0.0,,2,2
329,90,329,48,0,0,0.33,0.0,,6.88,2026-05-24 18:26:42,0,0.0,,1,3
330,143,330,48,0,0,0.33,0.0,,6.88,2026-05-24 18:26:42,0,0.0,,3,4
331,37,331,2234,2,0,-14.38,0.09,-7.19,-6.44,2026-05-24 18:26:42,0,0.0,0.0,2,2
332,90,332,2234,2,0,-14.38,0.09,-7.19,-6.44,2026-05-24 18:26:42,0,0.0,0.0,1,3
333,143,333,2234,2,0,-14.38,0.09,-7.19,-6.44,2026-05-24 18:26:42,0,0.0,0.0,3,4
334,37,334,7597,7,0,6426.56,0.09,918.08,845.93,2026-05-24 18:26:42,0,0.0,0.0,2,2
335,90,335,7597,7,0,6426.56,0.09,918.08,845.93,2026-05-24 18:26:42,0,0.0,0.0,1,3
336,143,336,7597,7,0,6426.56,0.09,918.08,845.93,2026-05-24 18:26:42,0,0.0,0.0,3,4
337,29,337,207,6,0,48.19,2.9,8.03,232.8,2026-05-24 18:26:42,0,0.0,0.0,3,2
338,82,338,207,6,0,48.19,2.9,8.03,232.8,2026-05-24 18:26:42,0,0.0,0.0,2,3
339,135,339,207,6,0,48.19,2.9,8.03,232.8,2026-05-24 18:26:42,0,0.0,0.0,1,4
340,37,340,1196975,1300,0,50.69,0.11,0.04,0.04,2026-05-24 18:26:42,0,0.0,0.0,2,2
341,90,341,1196975,1300,0,50.69,0.11,0.04,0.04,2026-05-24 18:26:42,0,0.0,0.0,1,3
342,143,342,1196975,1300,0,50.69,0.11,0.04,0.04,2026-05-24 18:26:42,0,0.0,0.0,3,4
343,37,343,8388,1500,0,68.83,17.88,0.05,8.21,2026-05-24 18:26:42,0,0.0,0.0,2,2
344,90,344,8388,1500,0,68.83,17.88,0.05,8.21,2026-05-24 18:26:42,0,0.0,0.0,1,3
345,143,345,8388,1500,0,68.83,17.88,0.05,8.21,2026-05-24 18:26:42,0,0.0,0.0,3,4
346,37,346,18072,34,0,20611.5,0.19,606.22,1140.52,2026-05-24 18:26:42,0,0.0,0.0,2,2
347,90,347,18072,34,0,20611.5,0.19,606.22,1140.52,2026-05-24 18:26:42,0,0.0,0.0,1,3
348,143,348,18072,34,0,20611.5,0.19,606.22,1140.52,2026-05-24 18:26:42,0,0.0,0.0,3,4
349,37,349,24833,73,0,173.02,0.29,2.37,6.97,2026-05-24 18:26:42,0,0.0,0.0,2,2
350,90,350,24833,73,0,173.02,0.29,2.37,6.97,2026-05-24 18:26:42,0,0.0,0.0,1,3
351,143,351,24833,73,0,173.02,0.29,2.37,6.97,2026-05-24 18:26:42,0,0.0,0.0,3,4
352,37,352,3808570,9,0,175.56,0.0,19.51,0.05,2026-05-24 18:26:42,0,0.0,0.0,2,2
353,90,353,3808570,9,0,175.56,0.0,19.51,0.05,2026-05-24 18:26:42,0,0.0,0.0,1,3
354,143,354,3808570,9,0,175.56,0.0,19.51,0.05,2026-05-24 18:26:42,0,0.0,0.0,3,4
355,37,355,23522,28,0,195.92,0.12,7.0,8.33,2026-05-24 18:26:42,0,0.0,0.0,2,2
356,90,356,23522,28,0,195.92,0.12,7.0,8.33,2026-05-24 18:26:42,0,0.0,0.0,1,3
357,143,357,23522,28,0,195.92,0.12,7.0,8.33,2026-05-24 18:26:42,0,0.0,0.0,3,4
358,37,358,23827,53,0,198.91,0.22,3.75,8.35,2026-05-24 18:26:42,0,0.0,0.0,2,2
359,90,359,23827,53,0,198.91,0.22,3.75,8.35,2026-05-24 18:26:42,0,0.0,0.0,1,3
360,143,360,23827,53,0,198.91,0.22,3.75,8.35,2026-05-24 18:26:42,0,0.0,0.0,3,4
361,37,361,3765795,56,0,200.69,0.0,3.58,0.05,2026-05-24 18:26:42,0,0.0,0.0,2,2
362,90,362,3765795,56,0,200.69,0.0,3.58,0.05,2026-05-24 18:26:42,0,0.0,0.0,1,3
363,143,363,3765795,56,0,200.69,0.0,3.58,0.05,2026-05-24 18:26:42,0,0.0,0.0,3,4
364,45,364,5004,113,0,292.09,2.26,2.58,58.37,2026-05-24 18:26:42,0,0.0,0.0,1,2
365,98,365,5004,113,0,292.09,2.26,2.58,58.37,2026-05-24 18:26:42,0,0.0,0.0,3,3
366,151,366,5004,113,0,292.09,2.26,2.58,58.37,2026-05-24 18:26:42,0,0.0,0.0,2,4
367,37,367,46641,29,0,296.21,0.06,10.21,6.35,2026-05-24 18:26:42,0,0.0,0.0,2,2
368,90,368,46641,29,0,296.21,0.06,10.21,6.35,2026-05-24 18:26:42,0,0.0,0.0,1,3
369,143,369,46641,29,0,296.21,0.06,10.21,6.35,2026-05-24 18:26:42,0,0.0,0.0,3,4
370,29,370,3266,87,0,302.91,2.66,3.48,92.75,2026-05-24 18:26:42,0,0.0,0.0,3,2
371,82,371,3266,87,0,302.91,2.66,3.48,92.75,2026-05-24 18:26:42,0,0.0,0.0,2,3
372,135,372,3266,87,0,302.91,2.66,3.48,92.75,2026-05-24 18:26:42,0,0.0,0.0,1,4
373,29,373,4719,103,0,306.38,2.18,2.97,64.92,2026-05-24 18:26:42,0,0.0,0.0,3,2
374,82,374,4719,103,0,306.38,2.18,2.97,64.92,2026-05-24 18:26:42,0,0.0,0.0,2,3
375,135,375,4719,103,0,306.38,2.18,2.97,64.92,2026-05-24 18:26:42,0,0.0,0.0,1,4
376,29,376,755595,180,0,337.63,0.02,1.88,0.45,2026-05-24 18:26:42,0,0.0,0.0,3,2
377,82,377,755595,180,0,337.63,0.02,1.88,0.45,2026-05-24 18:26:42,0,0.0,0.0,2,3
378,135,378,755595,180,0,337.63,0.02,1.88,0.45,2026-05-24 18:26:42,0,0.0,0.0,1,4
379,37,379,53768,34,0,351.9,0.06,10.35,6.54,2026-05-24 18:26:42,0,0.0,0.0,2,2
380,90,380,53768,34,0,351.9,0.06,10.35,6.54,2026-05-24 18:26:42,0,0.0,0.0,1,3
381,143,381,53768,34,0,351.9,0.06,10.35,6.54,2026-05-24 18:26:42,0,0.0,0.0,3,4
382,29,382,3854,155,0,359.51,4.02,2.32,93.28,2026-05-24 18:26:42,0,0.0,0.0,3,2
383,82,383,3854,155,0,359.51,4.02,2.32,93.28,2026-05-24 18:26:42,0,0.0,0.0,2,3
384,135,384,3854,155,0,359.51,4.02,2.32,93.28,2026-05-24 18:26:42,0,0.0,0.0,1,4
385,37,385,50900,125,0,364.73,0.25,2.92,7.17,2026-05-24 18:26:42,0,0.0,0.0,2,2
386,90,386,50900,125,0,364.73,0.25,2.92,7.17,2026-05-24 18:26:42,0,0.0,0.0,1,3
387,143,387,50900,125,0,364.73,0.25,2.92,7.17,2026-05-24 18:26:42,0,0.0,0.0,3,4
388,29,388,7025,14100,0,373.61,200.71,0.03,53.18,2026-05-24 18:26:42,0,0.0,0.0,3,2
389,82,389,7025,14100,0,373.61,200.71,0.03,53.18,2026-05-24 18:26:42,0,0.0,0.0,2,3
390,135,390,7025,14100,0,373.61,200.71,0.03,53.18,2026-05-24 18:26:42,0,0.0,0.0,1,4
391,29,391,4445,121,0,402.67,2.72,3.33,90.59,2026-05-24 18:26:42,0,0.0,0.0,3,2
392,82,392,4445,121,0,402.67,2.72,3.33,90.59,2026-05-24 18:26:42,0,0.0,0.0,2,3
393,135,393,4445,121,0,402.67,2.72,3.33,90.59,2026-05-24 18:26:42,0,0.0,0.0,1,4
394,37,394,67014,45,0,422.06,0.07,9.38,6.3,2026-05-24 18:26:42,0,0.0,0.0,2,2
395,90,395,67014,45,0,422.06,0.07,9.38,6.3,2026-05-24 18:26:42,0,0.0,0.0,1,3
396,143,396,67014,45,0,422.06,0.07,9.38,6.3,2026-05-24 18:26:42,0,0.0,0.0,3,4
397,29,397,20889,851,0,1685.91,4.07,1.98,80.71,2026-05-24 18:26:42,0,0.0,0.0,3,2
398,82,398,20889,851,0,1685.91,4.07,1.98,80.71,2026-05-24 18:26:42,0,0.0,0.0,2,3
399,135,399,20889,851,0,1685.91,4.07,1.98,80.71,2026-05-24 18:26:42,0,0.0,0.0,1,4
400,37,400,68910,171,0,458.11,0.25,2.68,6.65,2026-05-24 18:26:42,0,0.0,0.0,2,2
401,90,401,68910,171,0,458.11,0.25,2.68,6.65,2026-05-24 18:26:42,0,0.0,0.0,1,3
402,143,402,68910,171,0,458.11,0.25,2.68,6.65,2026-05-24 18:26:42,0,0.0,0.0,3,4
403,37,403,61090,186,0,464.27,0.3,2.5,7.6,2026-05-24 18:26:42,0,0.0,0.0,2,2
404,90,404,61090,186,0,464.27,0.3,2.5,7.6,2026-05-24 18:26:42,0,0.0,0.0,1,3
405,143,405,61090,186,0,464.27,0.3,2.5,7.6,2026-05-24 18:26:42,0,0.0,0.0,3,4
406,29,406,1263965,200,0,500.23,0.02,2.5,0.4,2026-05-24 18:26:42,0,0.0,0.0,3,2
407,82,407,1263965,200,0,500.23,0.02,2.5,0.4,2026-05-24 18:26:42,0,0.0,0.0,2,3
408,135,408,1263965,200,0,500.23,0.02,2.5,0.4,2026-05-24 18:26:42,0,0.0,0.0,1,4
409,29,409,4350,163,0,511.11,3.75,3.14,117.5,2026-05-24 18:26:42,0,0.0,0.0,3,2
410,82,410,4350,163,0,511.11,3.75,3.14,117.5,2026-05-24 18:26:42,0,0.0,0.0,2,3
411,135,411,4350,163,0,511.11,3.75,3.14,117.5,2026-05-24 18:26:42,0,0.0,0.0,1,4
412,29,412,-13325,315,0,144744.07,-2.36,459.5,-10862.59,2026-05-24 18:26:42,0,0.0,0.0,3,2
413,82,413,-13325,315,0,144744.07,-2.36,459.5,-10862.59,2026-05-24 18:26:42,0,0.0,0.0,2,3
414,135,414,-13325,315,0,144744.07,-2.36,459.5,-10862.59,2026-05-24 18:26:42,0,0.0,0.0,1,4
415,29,415,15043,408,0,1233.15,2.71,3.02,81.98,2026-05-24 18:26:42,0,0.0,0.0,3,2
416,82,416,15043,408,0,1233.15,2.71,3.02,81.98,2026-05-24 18:26:42,0,0.0,0.0,2,3
417,135,417,15043,408,0,1233.15,2.71,3.02,81.98,2026-05-24 18:26:42,0,0.0,0.0,1,4
418,45,418,19083,390,0,1274.63,2.04,3.27,66.79,2026-05-24 18:26:42,0,0.0,0.0,1,2
419,98,419,19083,390,0,1274.63,2.04,3.27,66.79,2026-05-24 18:26:42,0,0.0,0.0,3,3
420,151,420,19083,390,0,1274.63,2.04,3.27,66.79,2026-05-24 18:26:42,0,0.0,0.0,2,4
421,29,421,17480,461,0,1328.8,2.64,2.88,76.02,2026-05-24 18:26:42,0,0.0,0.0,3,2
422,82,422,17480,461,0,1328.8,2.64,2.88,76.02,2026-05-24 18:26:42,0,0.0,0.0,2,3
423,135,423,17480,461,0,1328.8,2.64,2.88,76.02,2026-05-24 18:26:42,0,0.0,0.0,1,4
424,29,424,25471,799,0,219147.81,3.14,274.28,8603.82,2026-05-24 18:26:42,0,0.0,0.0,3,2
425,82,425,25471,799,0,219147.81,3.14,274.28,8603.82,2026-05-24 18:26:42,0,0.0,0.0,2,3
426,135,426,25471,799,0,219147.81,3.14,274.28,8603.82,2026-05-24 18:26:42,0,0.0,0.0,1,4
427,20,427,173459,6054,0,3187.7,3.49,0.53,18.38,2026-05-24 18:26:42,0,0.0,0.0,3,1
428,73,428,173459,6054,0,3187.7,3.49,0.53,18.38,2026-05-24 18:26:42,0,0.0,0.0,2,2
429,126,429,173459,6054,0,3187.7,3.49,0.53,18.38,2026-05-24 18:26:42,0,0.0,0.0,1,3
430,20,430,270624,9269,0,3780.68,3.43,0.41,13.97,2026-05-24 18:26:42,0,0.0,0.0,3,1
431,73,431,270624,9269,0,3780.68,3.43,0.41,13.97,2026-05-24 18:26:42,0,0.0,0.0,2,2
432,126,432,270624,9269,0,3780.68,3.43,0.41,13.97,2026-05-24 18:26:42,0,0.0,0.0,1,3
433,8,433,0,0,1,0.0,,,,2026-05-24 18:26:42,170000,,,3,1
434,61,434,0,0,1,0.0,,,,2026-05-24 18:26:42,170000,,,2,2
435,114,435,0,0,1,0.0,,,,2026-05-24 18:26:42,170000,,,1,3
436,30,436,71,7,0,18.01,9.86,2.57,253.66,2026-05-24 18:26:42,0,0.0,0.0,1,3
437,83,437,71,7,0,18.01,9.86,2.57,253.66,2026-05-24 18:26:42,0,0.0,0.0,3,4
438,136,438,71,7,0,18.01,9.86,2.57,253.66,2026-05-24 18:26:42,0,0.0,0.0,2,1
439,16,439,230,4,0,66.26,1.74,16.57,288.09,2026-05-24 18:26:42,0,0.0,0.0,2,1
440,69,440,230,4,0,66.26,1.74,16.57,288.09,2026-05-24 18:26:42,0,0.0,0.0,1,2
441,122,441,230,4,0,66.26,1.74,16.57,288.09,2026-05-24 18:26:42,0,0.0,0.0,3,3
442,30,442,39585,11,0,66.9,0.03,6.08,1.69,2026-05-24 18:26:42,0,0.0,0.0,1,3
443,83,443,39585,11,0,66.9,0.03,6.08,1.69,2026-05-24 18:26:42,0,0.0,0.0,3,4
444,136,444,39585,11,0,66.9,0.03,6.08,1.69,2026-05-24 18:26:42,0,0.0,0.0,2,1
445,30,445,206,500,0,68.32,242.72,0.14,331.65,2026-05-24 18:26:42,0,0.0,0.0,1,3
446,83,446,206,500,0,68.32,242.72,0.14,331.65,2026-05-24 18:26:42,0,0.0,0.0,3,4
447,136,447,206,500,0,68.32,242.72,0.14,331.65,2026-05-24 18:26:42,0,0.0,0.0,2,1
448,30,448,-162,4,0,89.12,-2.47,22.28,-550.12,2026-05-24 18:26:42,0,0.0,0.0,1,3
449,83,449,-162,4,0,89.12,-2.47,22.28,-550.12,2026-05-24 18:26:42,0,0.0,0.0,3,4
450,136,450,-162,4,0,89.12,-2.47,22.28,-550.12,2026-05-24 18:26:42,0,0.0,0.0,2,1
451,30,451,206,11,0,142.53,5.34,12.96,691.89,2026-05-24 18:26:42,0,0.0,0.0,1,3
452,83,452,206,11,0,142.53,5.34,12.96,691.89,2026-05-24 18:26:42,0,0.0,0.0,3,4
453,136,453,206,11,0,142.53,5.34,12.96,691.89,2026-05-24 18:26:42,0,0.0,0.0,2,1
454,30,454,1494,20,0,680.9,1.34,34.05,455.76,2026-05-24 18:26:42,0,0.0,0.0,1,3
455,83,455,1494,20,0,680.9,1.34,34.05,455.76,2026-05-24 18:26:42,0,0.0,0.0,3,4
456,136,456,1494,20,0,680.9,1.34,34.05,455.76,2026-05-24 18:26:42,0,0.0,0.0,2,1
457,30,457,239,5,0,170.88,2.09,34.18,714.98,2026-05-24 18:26:42,0,0.0,0.0,1,3
458,83,458,239,5,0,170.88,2.09,34.18,714.98,2026-05-24 18:26:42,0,0.0,0.0,3,4
459,136,459,239,5,0,170.88,2.09,34.18,714.98,2026-05-24 18:26:42,0,0.0,0.0,2,1
460,30,460,2820,54,0,1184.1,1.91,21.93,419.89,2026-05-24 18:26:42,0,0.0,0.0,1,3
461,83,461,2820,54,0,1184.1,1.91,21.93,419.89,2026-05-24 18:26:42,0,0.0,0.0,3,4
462,136,462,2820,54,0,1184.1,1.91,21.93,419.89,2026-05-24 18:26:42,0,0.0,0.0,2,1
463,30,463,-137,3,0,261.459999,-2.19,87.15,-1908.47,2026-05-24 18:26:42,0,0.0,0.0,1,3
464,83,464,-137,3,0,261.459999,-2.19,87.15,-1908.47,2026-05-24 18:26:42,0,0.0,0.0,3,4
465,136,465,-137,3,0,261.459999,-2.19,87.15,-1908.47,2026-05-24 18:26:42,0,0.0,0.0,2,1
466,30,466,4634,67,0,1957.96,1.45,29.22,422.52,2026-05-24 18:26:42,0,0.0,0.0,1,3
467,83,467,4634,67,0,1957.96,1.45,29.22,422.52,2026-05-24 18:26:42,0,0.0,0.0,3,4
468,136,468,4634,67,0,1957.96,1.45,29.22,422.52,2026-05-24 18:26:42,0,0.0,0.0,2,1
469,30,469,762,19,0,735.318382,2.49,38.7,964.98,2026-05-24 18:26:42,0,0.0,0.0,1,3
470,83,470,762,19,0,735.318382,2.49,38.7,964.98,2026-05-24 18:26:42,0,0.0,0.0,3,4
471,136,471,762,19,0,735.318382,2.49,38.7,964.98,2026-05-24 18:26:42,0,0.0,0.0,2,1
472,30,472,1420,26,0,1087.361804,1.83,41.82,765.75,2026-05-24 18:26:42,0,0.0,0.0,1,3
473,83,473,1420,26,0,1087.361804,1.83,41.82,765.75,2026-05-24 18:26:42,0,0.0,0.0,3,4
474,136,474,1420,26,0,1087.361804,1.83,41.82,765.75,2026-05-24 18:26:42,0,0.0,0.0,2,1
475,30,475,0,0,0,0.0,,,,2026-05-24 18:26:42,0,,,1,3
476,83,476,0,0,0,0.0,,,,2026-05-24 18:26:42,0,,,3,4
477,136,477,0,0,0,0.0,,,,2026-05-24 18:26:42,0,,,2,1
478,13,478,0,0,0,0.0,,,,2026-05-24 18:26:42,0,,,2,2
479,66,479,0,0,0,0.0,,,,2026-05-24 18:26:42,0,,,1,3
480,119,480,0,0,0,0.0,,,,2026-05-24 18:26:42,0,,,3,4
481,30,481,3,0,0,0.22,0.0,,73.33,2026-05-24 18:26:42,0,0.0,,1,3
482,83,482,3,0,0,0.22,0.0,,73.33,2026-05-24 18:26:42,0,0.0,,3,4
483,136,483,3,0,0,0.22,0.0,,73.33,2026-05-24 18:26:42,0,0.0,,2,1
484,35,484,8,1,0,4.099999,12.5,4.1,512.5,2026-05-24 18:26:42,0,0.0,0.0,3,4
485,88,485,8,1,0,4.099999,12.5,4.1,512.5,2026-05-24 18:26:42,0,0.0,0.0,2,1
486,141,486,8,1,0,4.099999,12.5,4.1,512.5,2026-05-24 18:26:42,0,0.0,0.0,1,2
487,35,487,-6960,2,0,6.19,-0.03,3.1,-0.89,2026-05-24 18:26:42,0,0.0,0.0,3,4
488,88,488,-6960,2,0,6.19,-0.03,3.1,-0.89,2026-05-24 18:26:42,0,0.0,0.0,2,1
489,141,489,-6960,2,0,6.19,-0.03,3.1,-0.89,2026-05-24 18:26:42,0,0.0,0.0,1,2
490,35,490,11455,5,0,-8.9,0.04,-1.78,-0.78,2026-05-24 18:26:42,0,0.0,0.0,3,4
491,88,491,11455,5,0,-8.9,0.04,-1.78,-0.78,2026-05-24 18:26:42,0,0.0,0.0,2,1
492,141,492,11455,5,0,-8.9,0.04,-1.78,-0.78,2026-05-24 18:26:42,0,0.0,0.0,1,2
493,35,493,-51,3,0,12.71,-5.88,4.24,-249.22,2026-05-24 18:26:42,0,0.0,0.0,3,4
494,88,494,-51,3,0,12.71,-5.88,4.24,-249.22,2026-05-24 18:26:42,0,0.0,0.0,2,1
495,141,495,-51,3,0,12.71,-5.88,4.24,-249.22,2026-05-24 18:26:42,0,0.0,0.0,1,2
496,35,496,46,7,0,17.19,15.22,2.46,373.7,2026-05-24 18:26:42,0,0.0,0.0,3,4
497,88,497,46,7,0,17.19,15.22,2.46,373.7,2026-05-24 18:26:42,0,0.0,0.0,2,1
498,141,498,46,7,0,17.19,15.22,2.46,373.7,2026-05-24 18:26:42,0,0.0,0.0,1,2
499,35,499,126,21,0,18.91,16.67,0.9,150.08,2026-05-24 18:26:42,0,0.0,0.0,3,4
500,88,500,126,21,0,18.91,16.67,0.9,150.08,2026-05-24 18:26:42,0,0.0,0.0,2,1
501,141,501,126,21,0,18.91,16.67,0.9,150.08,2026-05-24 18:26:42,0,0.0,0.0,1,2
502,35,502,428,25,0,6872.009999999999,5.84,274.88,16056.1,2026-05-24 18:26:42,0,0.0,0.0,3,4
503,88,503,428,25,0,6872.009999999999,5.84,274.88,16056.1,2026-05-24 18:26:42,0,0.0,0.0,2,1
504,141,504,428,25,0,6872.009999999999,5.84,274.88,16056.1,2026-05-24 18:26:42,0,0.0,0.0,1,2
505,35,505,311,19,0,49.18,6.11,2.59,158.14,2026-05-24 18:26:42,0,0.0,0.0,3,4
506,88,506,311,19,0,49.18,6.11,2.59,158.14,2026-05-24 18:26:42,0,0.0,0.0,2,1
507,141,507,311,19,0,49.18,6.11,2.59,158.14,2026-05-24 18:26:42,0,0.0,0.0,1,2
508,51,508,279,17,0,51.61,6.09,3.04,184.98,2026-05-24 18:26:42,0,0.0,0.0,1,4
509,104,509,279,17,0,51.61,6.09,3.04,184.98,2026-05-24 18:26:42,0,0.0,0.0,3,1
510,157,510,279,17,0,51.61,6.09,3.04,184.98,2026-05-24 18:26:42,0,0.0,0.0,2,2
511,35,511,378,21,0,10062.64,5.56,479.17,26620.74,2026-05-24 18:26:42,0,0.0,0.0,3,4
512,88,512,378,21,0,10062.64,5.56,479.17,26620.74,2026-05-24 18:26:42,0,0.0,0.0,2,1
513,141,513,378,21,0,10062.64,5.56,479.17,26620.74,2026-05-24 18:26:42,0,0.0,0.0,1,2
514,51,514,-704,46,0,72.056567,-6.53,1.57,-102.35,2026-05-24 18:26:42,0,0.0,0.0,1,4
515,104,515,-704,46,0,72.056567,-6.53,1.57,-102.35,2026-05-24 18:26:42,0,0.0,0.0,3,1
516,157,516,-704,46,0,72.056567,-6.53,1.57,-102.35,2026-05-24 18:26:42,0,0.0,0.0,2,2
517,35,517,872,58,0,77.85,6.65,1.34,89.28,2026-05-24 18:26:42,0,0.0,0.0,3,4
518,88,518,872,58,0,77.85,6.65,1.34,89.28,2026-05-24 18:26:42,0,0.0,0.0,2,1
519,141,519,872,58,0,77.85,6.65,1.34,89.28,2026-05-24 18:26:42,0,0.0,0.0,1,2
520,35,520,372,-17,0,12616.05,-4.57,-742.12,33914.11,2026-05-24 18:26:42,0,0.0,0.0,3,4
521,88,521,372,-17,0,12616.05,-4.57,-742.12,33914.11,2026-05-24 18:26:42,0,0.0,0.0,2,1
522,141,522,372,-17,0,12616.05,-4.57,-742.12,33914.11,2026-05-24 18:26:42,0,0.0,0.0,1,2
523,30,523,715,38,0,125.2,5.31,3.29,175.1,2026-05-24 18:26:42,0,0.0,0.0,1,3
524,83,524,715,38,0,125.2,5.31,3.29,175.1,2026-05-24 18:26:42,0,0.0,0.0,3,4
525,136,525,715,38,0,125.2,5.31,3.29,175.1,2026-05-24 18:26:42,0,0.0,0.0,2,1
526,46,526,553,15,0,145.01,2.71,9.67,262.22,2026-05-24 18:26:42,0,0.0,0.0,2,3
527,99,527,553,15,0,145.01,2.71,9.67,262.22,2026-05-24 18:26:42,0,0.0,0.0,1,4
528,152,528,553,15,0,145.01,2.71,9.67,262.22,2026-05-24 18:26:42,0,0.0,0.0,3,1
529,51,529,911,57,0,158.595522,6.26,2.78,174.09,2026-05-24 18:26:42,0,0.0,0.0,1,4
530,104,530,911,57,0,158.595522,6.26,2.78,174.09,2026-05-24 18:26:42,0,0.0,0.0,3,1
531,157,531,911,57,0,158.595522,6.26,2.78,174.09,2026-05-24 18:26:42,0,0.0,0.0,2,2
532,35,532,492,56,0,159.33,11.38,2.85,323.84,2026-05-24 18:26:42,0,0.0,0.0,3,4
533,88,533,492,56,0,159.33,11.38,2.85,323.84,2026-05-24 18:26:42,0,0.0,0.0,2,1
534,141,534,492,56,0,159.33,11.38,2.85,323.84,2026-05-24 18:26:42,0,0.0,0.0,1,2
535,30,535,598,22,0,209.04,3.68,9.5,349.57,2026-05-24 18:26:42,0,0.0,0.0,1,3
536,83,536,598,22,0,209.04,3.68,9.5,349.57,2026-05-24 18:26:42,0,0.0,0.0,3,4
537,136,537,598,22,0,209.04,3.68,9.5,349.57,2026-05-24 18:26:42,0,0.0,0.0,2,1
538,35,538,1564,127,0,282.455224,8.12,2.22,180.6,2026-05-24 18:26:42,0,0.0,0.0,3,4
539,88,539,1564,127,0,282.455224,8.12,2.22,180.6,2026-05-24 18:26:42,0,0.0,0.0,2,1
540,141,540,1564,127,0,282.455224,8.12,2.22,180.6,2026-05-24 18:26:42,0,0.0,0.0,1,2
541,35,541,1063,102,0,306.5,9.6,3.0,288.33,2026-05-24 18:26:42,0,0.0,0.0,3,4
542,88,542,1063,102,0,306.5,9.6,3.0,288.33,2026-05-24 18:26:42,0,0.0,0.0,2,1
543,141,543,1063,102,0,306.5,9.6,3.0,288.33,2026-05-24 18:26:42,0,0.0,0.0,1,2
544,35,544,710,80,0,314.93,11.27,3.94,443.56,2026-05-24 18:26:42,0,0.0,0.0,3,4
545,88,545,710,80,0,314.93,11.27,3.94,443.56,2026-05-24 18:26:42,0,0.0,0.0,2,1
546,141,546,710,80,0,314.93,11.27,3.94,443.56,2026-05-24 18:26:42,0,0.0,0.0,1,2
547,30,547,495,21,0,-327.06,4.24,-15.57,-660.73,2026-05-24 18:26:42,0,0.0,0.0,1,3
548,83,548,495,21,0,-327.06,4.24,-15.57,-660.73,2026-05-24 18:26:42,0,0.0,0.0,3,4
549,136,549,495,21,0,-327.06,4.24,-15.57,-660.73,2026-05-24 18:26:42,0,0.0,0.0,2,1
550,35,550,1907,84,0,362.18,4.4,4.31,189.92,2026-05-24 18:26:42,0,0.0,0.0,3,4
551,88,551,1907,84,0,362.18,4.4,4.31,189.92,2026-05-24 18:26:42,0,0.0,0.0,2,1
552,141,552,1907,84,0,362.18,4.4,4.31,189.92,2026-05-24 18:26:42,0,0.0,0.0,1,2
553,30,553,1378,86,0,393.07,6.24,4.57,285.25,2026-05-24 18:26:42,0,0.0,0.0,1,3
554,83,554,1378,86,0,393.07,6.24,4.57,285.25,2026-05-24 18:26:42,0,0.0,0.0,3,4
555,136,555,1378,86,0,393.07,6.24,4.57,285.25,2026-05-24 18:26:42,0,0.0,0.0,2,1
556,30,556,107300,27,0,557.82,0.03,20.66,5.2,2026-05-24 18:26:42,0,0.0,0.0,1,3
557,83,557,107300,27,0,557.82,0.03,20.66,5.2,2026-05-24 18:26:42,0,0.0,0.0,3,4
558,136,558,107300,27,0,557.82,0.03,20.66,5.2,2026-05-24 18:26:42,0,0.0,0.0,2,1
559,30,559,3604,196,0,-564.42,5.44,-2.88,-156.61,2026-05-24 18:26:42,0,0.0,0.0,1,3
560,83,560,3604,196,0,-564.42,5.44,-2.88,-156.61,2026-05-24 18:26:42,0,0.0,0.0,3,4
561,136,561,3604,196,0,-564.42,5.44,-2.88,-156.61,2026-05-24 18:26:42,0,0.0,0.0,2,1
562,30,562,3889,208,0,592.0,5.35,2.85,152.22,2026-05-24 18:26:42,0,0.0,0.0,1,3
563,83,563,3889,208,0,592.0,5.35,2.85,152.22,2026-05-24 18:26:42,0,0.0,0.0,3,4
564,136,564,3889,208,0,592.0,5.35,2.85,152.22,2026-05-24 18:26:42,0,0.0,0.0,2,1
565,30,565,3013,15900,0,98658.87,527.71,6.2,32744.4,2026-05-24 18:26:42,0,0.0,0.0,1,3
566,83,566,3013,15900,0,98658.87,527.71,6.2,32744.4,2026-05-24 18:26:42,0,0.0,0.0,3,4
567,136,567,3013,15900,0,98658.87,527.71,6.2,32744.4,2026-05-24 18:26:42,0,0.0,0.0,2,1
568,35,568,3790,214,0,718.648293,5.65,3.36,189.62,2026-05-24 18:26:42,0,0.0,0.0,3,4
569,88,569,3790,214,0,718.648293,5.65,3.36,189.62,2026-05-24 18:26:42,0,0.0,0.0,2,1
570,141,570,3790,214,0,718.648293,5.65,3.36,189.62,2026-05-24 18:26:42,0,0.0,0.0,1,2
571,30,571,703,30,82,757.16,4.27,25.24,1077.04,2026-05-24 18:26:42,11895000,15710.02,273.33,1,3
572,83,572,703,30,82,757.16,4.27,25.24,1077.04,2026-05-24 18:26:42,11895000,15710.02,273.33,3,4
573,136,573,703,30,82,757.16,4.27,25.24,1077.04,2026-05-24 18:26:42,11895000,15710.02,273.33,2,1
574,30,574,1271,48,0,899.43,3.78,18.74,707.66,2026-05-24 18:26:42,0,0.0,0.0,1,3
575,83,575,1271,48,0,899.43,3.78,18.74,707.66,2026-05-24 18:26:42,0,0.0,0.0,3,4
576,136,576,1271,48,0,899.43,3.78,18.74,707.66,2026-05-24 18:26:42,0,0.0,0.0,2,1
577,35,577,3970,248,0,918.872158,6.25,3.71,231.45,2026-05-24 18:26:42,0,0.0,0.0,3,4
578,88,578,3970,248,0,918.872158,6.25,3.71,231.45,2026-05-24 18:26:42,0,0.0,0.0,2,1
579,141,579,3970,248,0,918.872158,6.25,3.71,231.45,2026-05-24 18:26:42,0,0.0,0.0,1,2
580,30,580,1857,91,0,1063.603376,4.9,11.69,572.75,2026-05-24 18:26:42,0,0.0,0.0,1,3
581,83,581,1857,91,0,1063.603376,4.9,11.69,572.75,2026-05-24 18:26:42,0,0.0,0.0,3,4
582,136,582,1857,91,0,1063.603376,4.9,11.69,572.75,2026-05-24 18:26:42,0,0.0,0.0,2,1
583,30,583,2425,79,0,163848.850475,3.26,2074.04,67566.54,2026-05-24 18:26:42,0,0.0,0.0,1,3
584,83,584,2425,79,0,163848.850475,3.26,2074.04,67566.54,2026-05-24 18:26:42,0,0.0,0.0,3,4
585,136,585,2425,79,0,163848.850475,3.26,2074.04,67566.54,2026-05-24 18:26:42,0,0.0,0.0,2,1
586,30,586,1763,112,0,1101.79,6.35,9.84,624.95,2026-05-24 18:26:42,0,0.0,0.0,1,3
587,83,587,1763,112,0,1101.79,6.35,9.84,624.95,2026-05-24 18:26:42,0,0.0,0.0,3,4
588,136,588,1763,112,0,1101.79,6.35,9.84,624.95,2026-05-24 18:26:42,0,0.0,0.0,2,1
589,30,589,2514,32,0,1229.47,1.27,38.42,489.05,2026-05-24 18:26:42,0,0.0,0.0,1,3
590,83,590,2514,32,0,1229.47,1.27,38.42,489.05,2026-05-24 18:26:42,0,0.0,0.0,3,4
591,136,591,2514,32,0,1229.47,1.27,38.42,489.05,2026-05-24 18:26:42,0,0.0,0.0,2,1
592,46,592,450515,66,1,1515.225099,0.01,22.96,3.36,2026-05-24 18:26:42,19215000,12681.28,1.52,2,3
593,99,593,450515,66,1,1515.225099,0.01,22.96,3.36,2026-05-24 18:26:42,19215000,12681.28,1.52,1,4
594,152,594,450515,66,1,1515.225099,0.01,22.96,3.36,2026-05-24 18:26:42,19215000,12681.28,1.52,3,1
595,30,595,5583,-312,0,1580.070156,-5.59,-5.06,283.01,2026-05-24 18:26:42,0,0.0,0.0,1,3
596,83,596,5583,-312,0,1580.070156,-5.59,-5.06,283.01,2026-05-24 18:26:42,0,0.0,0.0,3,4
597,136,597,5583,-312,0,1580.070156,-5.59,-5.06,283.01,2026-05-24 18:26:42,0,0.0,0.0,2,1
598,30,598,1729125,610,0,1626.5,0.04,2.67,0.94,2026-05-24 18:26:42,0,0.0,0.0,1,3
599,83,599,1729125,610,0,1626.5,0.04,2.67,0.94,2026-05-24 18:26:42,0,0.0,0.0,3,4
600,136,600,1729125,610,0,1626.5,0.04,2.67,0.94,2026-05-24 18:26:42,0,0.0,0.0,2,1
601,30,601,1787,6100,0,1980.12,341.35,0.32,1108.07,2026-05-24 18:26:42,0,0.0,0.0,1,3
602,83,602,1787,6100,0,1980.12,341.35,0.32,1108.07,2026-05-24 18:26:42,0,0.0,0.0,3,4
603,136,603,1787,6100,0,1980.12,341.35,0.32,1108.07,2026-05-24 18:26:42,0,0.0,0.0,2,1
604,30,604,2783,59,0,2397.85541,2.12,40.64,861.61,2026-05-24 18:26:42,0,0.0,0.0,1,3
605,83,605,2783,59,0,2397.85541,2.12,40.64,861.61,2026-05-24 18:26:42,0,0.0,0.0,3,4
606,136,606,2783,59,0,2397.85541,2.12,40.64,861.61,2026-05-24 18:26:42,0,0.0,0.0,2,1
607,30,607,2037,20,0,3591.390864,0.98,179.57,1763.08,2026-05-24 18:26:42,0,0.0,0.0,1,3
608,83,608,2037,20,0,3591.390864,0.98,179.57,1763.08,2026-05-24 18:26:42,0,0.0,0.0,3,4
609,136,609,2037,20,0,3591.390864,0.98,179.57,1763.08,2026-05-24 18:26:42,0,0.0,0.0,2,1
610,19,610,0,0,0,0.0,,,,2026-05-24 18:26:42,0,,,2,4
611,72,611,0,0,0,0.0,,,,2026-05-24 18:26:42,0,,,1,1
612,125,612,0,0,0,0.0,,,,2026-05-24 18:26:42,0,,,3,2
613,19,613,0,0,0,0.0,,,,2026-05-24 18:26:42,0,,,2,4
614,72,614,0,0,0,0.0,,,,2026-05-24 18:26:42,0,,,1,1
615,125,615,0,0,0,0.0,,,,2026-05-24 18:26:42,0,,,3,2
616,22,616,0,0,0,0.0,,,,2026-05-24 18:26:42,0,,,2,3
617,75,617,0,0,0,0.0,,,,2026-05-24 18:26:42,0,,,1,4
618,128,618,0,0,0,0.0,,,,2026-05-24 18:26:42,0,,,3,1
619,31,619,0,0,0,0.0,,,,2026-05-24 18:26:42,0,,,2,4
620,84,620,0,0,0,0.0,,,,2026-05-24 18:26:42,0,,,1,1
621,137,621,0,0,0,0.0,,,,2026-05-24 18:26:42,0,,,3,2
622,36,622,2,1,0,105.7,50.0,105.7,52850.0,2026-05-24 18:26:42,0,0.0,0.0,1,1
623,89,623,2,1,0,105.7,50.0,105.7,52850.0,2026-05-24 18:26:42,0,0.0,0.0,3,2
624,142,624,2,1,0,105.7,50.0,105.7,52850.0,2026-05-24 18:26:42,0,0.0,0.0,2,3
625,36,625,-1,0,0,0.77,0.0,,-770.0,2026-05-24 18:26:42,0,0.0,,1,1
626,89,626,-1,0,0,0.77,0.0,,-770.0,2026-05-24 18:26:42,0,0.0,,3,2
627,142,627,-1,0,0,0.77,0.0,,-770.0,2026-05-24 18:26:42,0,0.0,,2,3
628,14,628,2,0,0,0.83,0.0,,415.0,2026-05-24 18:26:42,0,0.0,,3,3
629,67,629,2,0,0,0.83,0.0,,415.0,2026-05-24 18:26:42,0,0.0,,2,4
630,120,630,2,0,0,0.83,0.0,,415.0,2026-05-24 18:26:42,0,0.0,,1,1
631,36,631,4,1,0,4.17,25.0,4.17,1042.5,2026-05-24 18:26:42,0,0.0,0.0,1,1
632,89,632,4,1,0,4.17,25.0,4.17,1042.5,2026-05-24 18:26:42,0,0.0,0.0,3,2
633,142,633,4,1,0,4.17,25.0,4.17,1042.5,2026-05-24 18:26:42,0,0.0,0.0,2,3
634,36,634,10,2,0,-9.55,20.0,-4.78,-955.0,2026-05-24 18:26:42,0,0.0,0.0,1,1
635,89,635,10,2,0,-9.55,20.0,-4.78,-955.0,2026-05-24 18:26:42,0,0.0,0.0,3,2
636,142,636,10,2,0,-9.55,20.0,-4.78,-955.0,2026-05-24 18:26:42,0,0.0,0.0,2,3
637,36,637,28,0,0,15.07,0.0,,538.21,2026-05-24 18:26:42,0,0.0,,1,1
638,89,638,28,0,0,15.07,0.0,,538.21,2026-05-24 18:26:42,0,0.0,,3,2
639,142,639,28,0,0,15.07,0.0,,538.21,2026-05-24 18:26:42,0,0.0,,2,3
640,36,640,26,7,0,16.26,26.92,2.32,625.38,2026-05-24 18:26:42,0,0.0,0.0,1,1
641,89,641,26,7,0,16.26,26.92,2.32,625.38,2026-05-24 18:26:42,0,0.0,0.0,3,2
642,142,642,26,7,0,16.26,26.92,2.32,625.38,2026-05-24 18:26:42,0,0.0,0.0,2,3
643,34,643,32,2,0,33.46,6.25,16.73,1045.63,2026-05-24 18:26:42,0,0.0,0.0,2,3
644,87,644,32,2,0,33.46,6.25,16.73,1045.63,2026-05-24 18:26:42,0,0.0,0.0,1,4
645,140,645,32,2,0,33.46,6.25,16.73,1045.63,2026-05-24 18:26:42,0,0.0,0.0,3,1
646,21,646,46,1,0,34.39,2.17,34.39,747.61,2026-05-24 18:26:42,0,0.0,0.0,1,2
647,74,647,46,1,0,34.39,2.17,34.39,747.61,2026-05-24 18:26:42,0,0.0,0.0,3,3
648,127,648,46,1,0,34.39,2.17,34.39,747.61,2026-05-24 18:26:42,0,0.0,0.0,2,4
649,36,649,66,8,0,42.89,12.12,5.36,649.85,2026-05-24 18:26:42,0,0.0,0.0,1,1
650,89,650,66,8,0,42.89,12.12,5.36,649.85,2026-05-24 18:26:42,0,0.0,0.0,3,2
651,142,651,66,8,0,42.89,12.12,5.36,649.85,2026-05-24 18:26:42,0,0.0,0.0,2,3
652,21,652,52,4,0,46.42,7.69,11.61,892.69,2026-05-24 18:26:42,0,0.0,0.0,1,2
653,74,653,52,4,0,46.42,7.69,11.61,892.69,2026-05-24 18:26:42,0,0.0,0.0,3,3
654,127,654,52,4,0,46.42,7.69,11.61,892.69,2026-05-24 18:26:42,0,0.0,0.0,2,4
655,21,655,46,1,0,64.349999,2.17,64.35,1398.91,2026-05-24 18:26:42,0,0.0,0.0,1,2
656,74,656,46,1,0,64.349999,2.17,64.35,1398.91,2026-05-24 18:26:42,0,0.0,0.0,3,3
657,127,657,46,1,0,64.349999,2.17,64.35,1398.91,2026-05-24 18:26:42,0,0.0,0.0,2,4
658,14,658,93,40,0,70.07,43.01,1.75,753.44,2026-05-24 18:26:42,0,0.0,0.0,3,3
659,67,659,93,40,0,70.07,43.01,1.75,753.44,2026-05-24 18:26:42,0,0.0,0.0,2,4
660,120,660,93,40,0,70.07,43.01,1.75,753.44,2026-05-24 18:26:42,0,0.0,0.0,1,1
661,21,661,8555,1,0,73.29,0.01,73.29,8.57,2026-05-24 18:26:42,0,0.0,0.0,1,2
662,74,662,8555,1,0,73.29,0.01,73.29,8.57,2026-05-24 18:26:42,0,0.0,0.0,3,3
663,127,663,8555,1,0,73.29,0.01,73.29,8.57,2026-05-24 18:26:42,0,0.0,0.0,2,4
664,21,664,74,2,0,11151.35,2.7,5575.68,150693.92,2026-05-24 18:26:42,0,0.0,0.0,1,2
665,74,665,74,2,0,11151.35,2.7,5575.68,150693.92,2026-05-24 18:26:42,0,0.0,0.0,3,3
666,127,666,74,2,0,11151.35,2.7,5575.68,150693.92,2026-05-24 18:26:42,0,0.0,0.0,2,4
667,36,667,226,16,0,90.31,7.08,5.64,399.6,2026-05-24 18:26:42,0,0.0,0.0,1,1
668,89,668,226,16,0,90.31,7.08,5.64,399.6,2026-05-24 18:26:42,0,0.0,0.0,3,2
669,142,669,226,16,0,90.31,7.08,5.64,399.6,2026-05-24 18:26:42,0,0.0,0.0,2,3
670,14,670,178,36,0,116.49,20.22,3.24,654.44,2026-05-24 18:26:42,0,0.0,0.0,3,3
671,67,671,178,36,0,116.49,20.22,3.24,654.44,2026-05-24 18:26:42,0,0.0,0.0,2,4
672,120,672,178,36,0,116.49,20.22,3.24,654.44,2026-05-24 18:26:42,0,0.0,0.0,1,1
673,21,673,-99,3,0,138.41,-3.03,46.14,-1398.08,2026-05-24 18:26:42,0,0.0,0.0,1,2
674,74,674,-99,3,0,138.41,-3.03,46.14,-1398.08,2026-05-24 18:26:42,0,0.0,0.0,3,3
675,127,675,-99,3,0,138.41,-3.03,46.14,-1398.08,2026-05-24 18:26:42,0,0.0,0.0,2,4
676,36,676,31175,27,0,159.03,0.09,5.89,5.1,2026-05-24 18:26:42,0,0.0,0.0,1,1
677,89,677,31175,27,0,159.03,0.09,5.89,5.1,2026-05-24 18:26:42,0,0.0,0.0,3,2
678,142,678,31175,27,0,159.03,0.09,5.89,5.1,2026-05-24 18:26:42,0,0.0,0.0,2,3
679,36,679,384,24,0,177.21,6.25,7.38,461.48,2026-05-24 18:26:42,0,0.0,0.0,1,1
680,89,680,384,24,0,177.21,6.25,7.38,461.48,2026-05-24 18:26:42,0,0.0,0.0,3,2
681,142,681,384,24,0,177.21,6.25,7.38,461.48,2026-05-24 18:26:42,0,0.0,0.0,2,3
682,21,682,108,3,0,178.83,2.78,59.61,1655.83,2026-05-24 18:26:42,0,0.0,0.0,1,2
683,74,683,108,3,0,178.83,2.78,59.61,1655.83,2026-05-24 18:26:42,0,0.0,0.0,3,3
684,127,684,108,3,0,178.83,2.78,59.61,1655.83,2026-05-24 18:26:42,0,0.0,0.0,2,4
685,21,685,139,4,0,187.63,2.88,46.91,1349.86,2026-05-24 18:26:42,0,0.0,0.0,1,2
686,74,686,139,4,0,187.63,2.88,46.91,1349.86,2026-05-24 18:26:42,0,0.0,0.0,3,3
687,127,687,139,4,0,187.63,2.88,46.91,1349.86,2026-05-24 18:26:42,0,0.0,0.0,2,4
688,34,688,175,5,0,-233.87,2.86,-46.77,-1336.4,2026-05-24 18:26:42,0,0.0,0.0,2,3
689,87,689,175,5,0,-233.87,2.86,-46.77,-1336.4,2026-05-24 18:26:42,0,0.0,0.0,1,4
690,140,690,175,5,0,-233.87,2.86,-46.77,-1336.4,2026-05-24 18:26:42,0,0.0,0.0,3,1
691,21,691,112,5,0,240.36,4.46,48.07,2146.07,2026-05-24 18:26:42,0,0.0,0.0,1,2
692,74,692,112,5,0,240.36,4.46,48.07,2146.07,2026-05-24 18:26:42,0,0.0,0.0,3,3
693,127,693,112,5,0,240.36,4.46,48.07,2146.07,2026-05-24 18:26:42,0,0.0,0.0,2,4
694,36,694,367,69,0,242.41,18.8,3.51,660.52,2026-05-24 18:26:42,0,0.0,0.0,1,1
695,89,695,367,69,0,242.41,18.8,3.51,660.52,2026-05-24 18:26:42,0,0.0,0.0,3,2
696,142,696,367,69,0,242.41,18.8,3.51,660.52,2026-05-24 18:26:42,0,0.0,0.0,2,3
697,34,697,186,6,0,274.03,3.23,45.67,1473.28,2026-05-24 18:26:42,0,0.0,0.0,2,3
698,87,698,186,6,0,274.03,3.23,45.67,1473.28,2026-05-24 18:26:42,0,0.0,0.0,1,4
699,140,699,186,6,0,274.03,3.23,45.67,1473.28,2026-05-24 18:26:42,0,0.0,0.0,3,1
700,21,700,219,8,0,280.36,3.65,35.05,1280.18,2026-05-24 18:26:42,0,0.0,0.0,1,2
701,74,701,219,8,0,280.36,3.65,35.05,1280.18,2026-05-24 18:26:42,0,0.0,0.0,3,3
702,127,702,219,8,0,280.36,3.65,35.05,1280.18,2026-05-24 18:26:42,0,0.0,0.0,2,4
703,36,703,414,42,0,283.29,10.14,6.75,684.28,2026-05-24 18:26:42,0,0.0,0.0,1,1
704,89,704,414,42,0,283.29,10.14,6.75,684.28,2026-05-24 18:26:42,0,0.0,0.0,3,2
705,142,705,414,42,0,283.29,10.14,6.75,684.28,2026-05-24 18:26:42,0,0.0,0.0,2,3
706,21,706,210,2,0,-289.4,0.95,-144.7,-1378.1,2026-05-24 18:26:42,0,0.0,0.0,1,2
707,74,707,210,2,0,-289.4,0.95,-144.7,-1378.1,2026-05-24 18:26:42,0,0.0,0.0,3,3
708,127,708,210,2,0,-289.4,0.95,-144.7,-1378.1,2026-05-24 18:26:42,0,0.0,0.0,2,4
709,12,709,24360,9,0,293.76,0.04,32.64,12.06,2026-05-24 18:26:42,0,0.0,0.0,1,1
710,65,710,24360,9,0,293.76,0.04,32.64,12.06,2026-05-24 18:26:42,0,0.0,0.0,3,2
711,118,711,24360,9,0,293.76,0.04,32.64,12.06,2026-05-24 18:26:42,0,0.0,0.0,2,3
712,36,712,452,70,0,-296.28,15.49,-4.23,-655.49,2026-05-24 18:26:42,0,0.0,0.0,1,1
713,89,713,452,70,0,-296.28,15.49,-4.23,-655.49,2026-05-24 18:26:42,0,0.0,0.0,3,2
714,142,714,452,70,0,-296.28,15.49,-4.23,-655.49,2026-05-24 18:26:42,0,0.0,0.0,2,3
715,21,715,194,15,0,-298.98,7.73,-19.93,-1541.13,2026-05-24 18:26:42,0,0.0,0.0,1,2
716,74,716,194,15,0,-298.98,7.73,-19.93,-1541.13,2026-05-24 18:26:42,0,0.0,0.0,3,3
717,127,717,194,15,0,-298.98,7.73,-19.93,-1541.13,2026-05-24 18:26:42,0,0.0,0.0,2,4
718,36,718,462,81,0,398.66,17.53,4.92,862.9,2026-05-24 18:26:42,0,0.0,0.0,1,1
719,89,719,462,81,0,398.66,17.53,4.92,862.9,2026-05-24 18:26:42,0,0.0,0.0,3,2
720,142,720,462,81,0,398.66,17.53,4.92,862.9,2026-05-24 18:26:42,0,0.0,0.0,2,3
721,21,721,354,9,0,403.953421,2.54,44.88,1141.11,2026-05-24 18:26:42,0,0.0,0.0,1,2
722,74,722,354,9,0,403.953421,2.54,44.88,1141.11,2026-05-24 18:26:42,0,0.0,0.0,3,3
723,127,723,354,9,0,403.953421,2.54,44.88,1141.11,2026-05-24 18:26:42,0,0.0,0.0,2,4
724,34,724,299,3,0,419.9,1.0,139.97,1404.35,2026-05-24 18:26:42,0,0.0,0.0,2,3
725,87,725,299,3,0,419.9,1.0,139.97,1404.35,2026-05-24 18:26:42,0,0.0,0.0,1,4
726,140,726,299,3,0,419.9,1.0,139.97,1404.35,2026-05-24 18:26:42,0,0.0,0.0,3,1
727,21,727,300,18,0,469.54,6.0,26.09,1565.13,2026-05-24 18:26:42,0,0.0,0.0,1,2
728,74,728,300,18,0,469.54,6.0,26.09,1565.13,2026-05-24 18:26:42,0,0.0,0.0,3,3
729,127,729,300,18,0,469.54,6.0,26.09,1565.13,2026-05-24 18:26:42,0,0.0,0.0,2,4
730,21,730,336,-21,0,499.29,-6.25,-23.78,1485.98,2026-05-24 18:26:42,0,0.0,0.0,1,2
731,74,731,336,-21,0,499.29,-6.25,-23.78,1485.98,2026-05-24 18:26:42,0,0.0,0.0,3,3
732,127,732,336,-21,0,499.29,-6.25,-23.78,1485.98,2026-05-24 18:26:42,0,0.0,0.0,2,4
733,21,733,428,28,0,504.85,6.54,18.03,1179.56,2026-05-24 18:26:42,0,0.0,0.0,1,2
734,74,734,428,28,0,504.85,6.54,18.03,1179.56,2026-05-24 18:26:42,0,0.0,0.0,3,3
735,127,735,428,28,0,504.85,6.54,18.03,1179.56,2026-05-24 18:26:42,0,0.0,0.0,2,4
736,34,736,367,9,0,80155.33,2.45,8906.15,218406.89,2026-05-24 18:26:42,0,0.0,0.0,2,3
737,87,737,367,9,0,80155.33,2.45,8906.15,218406.89,2026-05-24 18:26:42,0,0.0,0.0,1,4
738,140,738,367,9,0,80155.33,2.45,8906.15,218406.89,2026-05-24 18:26:42,0,0.0,0.0,3,1
739,34,739,310,1200,0,80596.25,387.1,67.16,259987.9,2026-05-24 18:26:42,0,0.0,0.0,2,3
740,87,740,310,1200,0,80596.25,387.1,67.16,259987.9,2026-05-24 18:26:42,0,0.0,0.0,1,4
741,140,741,310,1200,0,80596.25,387.1,67.16,259987.9,2026-05-24 18:26:42,0,0.0,0.0,3,1
742,12,742,-364,8,0,544.91,-2.2,68.11,-1497.01,2026-05-24 18:26:42,0,0.0,0.0,1,1
743,65,743,-364,8,0,544.91,-2.2,68.11,-1497.01,2026-05-24 18:26:42,0,0.0,0.0,3,2
744,118,744,-364,8,0,544.91,-2.2,68.11,-1497.01,2026-05-24 18:26:42,0,0.0,0.0,2,3
745,34,745,47415,5,0,575.24,0.01,115.05,12.13,2026-05-24 18:26:42,0,0.0,0.0,2,3
746,87,746,47415,5,0,575.24,0.01,115.05,12.13,2026-05-24 18:26:42,0,0.0,0.0,1,4
747,140,747,47415,5,0,575.24,0.01,115.05,12.13,2026-05-24 18:26:42,0,0.0,0.0,3,1
748,34,748,428,4,0,613.72,0.93,153.43,1433.93,2026-05-24 18:26:42,0,0.0,0.0,2,3
749,87,749,428,4,0,613.72,0.93,153.43,1433.93,2026-05-24 18:26:42,0,0.0,0.0,1,4
750,140,750,428,4,0,613.72,0.93,153.43,1433.93,2026-05-24 18:26:42,0,0.0,0.0,3,1
751,21,751,58725,21,0,625.31,0.04,29.78,10.65,2026-05-24 18:26:42,0,0.0,0.0,1,2
752,74,752,58725,21,0,625.31,0.04,29.78,10.65,2026-05-24 18:26:42,0,0.0,0.0,3,3
753,127,753,58725,21,0,625.31,0.04,29.78,10.65,2026-05-24 18:26:42,0,0.0,0.0,2,4
754,34,754,327,9,0,638.54,2.75,70.95,1952.72,2026-05-24 18:26:42,0,0.0,0.0,2,3
755,87,755,327,9,0,638.54,2.75,70.95,1952.72,2026-05-24 18:26:42,0,0.0,0.0,1,4
756,140,756,327,9,0,638.54,2.75,70.95,1952.72,2026-05-24 18:26:42,0,0.0,0.0,3,1
757,47,757,338,30,0,652.96,8.88,21.77,1931.83,2026-05-24 18:26:42,0,0.0,0.0,3,4
758,100,758,338,30,0,652.96,8.88,21.77,1931.83,2026-05-24 18:26:42,0,0.0,0.0,2,1
759,153,759,338,30,0,652.96,8.88,21.77,1931.83,2026-05-24 18:26:42,0,0.0,0.0,1,2
760,34,760,554,20,0,675.83,3.61,33.79,1219.91,2026-05-24 18:26:42,0,0.0,0.0,2,3
761,87,761,554,20,0,675.83,3.61,33.79,1219.91,2026-05-24 18:26:42,0,0.0,0.0,1,4
762,140,762,554,20,0,675.83,3.61,33.79,1219.91,2026-05-24 18:26:42,0,0.0,0.0,3,1
763,22,763,314,16,0,677.56,5.1,42.35,2157.83,2026-05-24 18:26:42,0,0.0,0.0,2,3
764,75,764,314,16,0,677.56,5.1,42.35,2157.83,2026-05-24 18:26:42,0,0.0,0.0,1,4
765,128,765,314,16,0,677.56,5.1,42.35,2157.83,2026-05-24 18:26:42,0,0.0,0.0,3,1
766,21,766,513,36,0,708.95,7.02,19.69,1381.97,2026-05-24 18:26:42,0,0.0,0.0,1,2
767,74,767,513,36,0,708.95,7.02,19.69,1381.97,2026-05-24 18:26:42,0,0.0,0.0,3,3
768,127,768,513,36,0,708.95,7.02,19.69,1381.97,2026-05-24 18:26:42,0,0.0,0.0,2,4
769,34,769,62205,14,0,795.38,0.02,56.81,12.79,2026-05-24 18:26:42,0,0.0,0.0,2,3
770,87,770,62205,14,0,795.38,0.02,56.81,12.79,2026-05-24 18:26:42,0,0.0,0.0,1,4
771,140,771,62205,14,0,795.38,0.02,56.81,12.79,2026-05-24 18:26:42,0,0.0,0.0,3,1
772,22,772,428,22,0,125382.85,5.14,5699.22,292950.58,2026-05-24 18:26:42,0,0.0,0.0,2,3
773,75,773,428,22,0,125382.85,5.14,5699.22,292950.58,2026-05-24 18:26:42,0,0.0,0.0,1,4
774,128,774,428,22,0,125382.85,5.14,5699.22,292950.58,2026-05-24 18:26:42,0,0.0,0.0,3,1
775,34,775,63220,10,0,125579.15,0.02,12557.91,1986.38,2026-05-24 18:26:42,0,0.0,0.0,2,3
776,87,776,63220,10,0,125579.15,0.02,12557.91,1986.38,2026-05-24 18:26:42,0,0.0,0.0,1,4
777,140,777,63220,10,0,125579.15,0.02,12557.91,1986.38,2026-05-24 18:26:42,0,0.0,0.0,3,1
778,34,778,556,-21,0,834.13,-3.78,-39.72,1500.23,2026-05-24 18:26:42,0,0.0,0.0,2,3
779,87,779,556,-21,0,834.13,-3.78,-39.72,1500.23,2026-05-24 18:26:42,0,0.0,0.0,1,4
780,140,780,556,-21,0,834.13,-3.78,-39.72,1500.23,2026-05-24 18:26:42,0,0.0,0.0,3,1
781,34,781,454,19,0,869.66,4.19,45.77,1915.55,2026-05-24 18:26:42,0,0.0,0.0,2,3
782,87,782,454,19,0,869.66,4.19,45.77,1915.55,2026-05-24 18:26:42,0,0.0,0.0,1,4
783,140,783,454,19,0,869.66,4.19,45.77,1915.55,2026-05-24 18:26:42,0,0.0,0.0,3,1
784,31,784,391,5,0,876.02,1.28,175.2,2240.46,2026-05-24 18:26:42,0,0.0,0.0,2,4
785,84,785,391,5,0,876.02,1.28,175.2,2240.46,2026-05-24 18:26:42,0,0.0,0.0,1,1
786,137,786,391,5,0,876.02,1.28,175.2,2240.46,2026-05-24 18:26:42,0,0.0,0.0,3,2
787,34,787,431,13,0,888.48,3.02,68.34,2061.44,2026-05-24 18:26:42,0,0.0,0.0,2,3
788,87,788,431,13,0,888.48,3.02,68.34,2061.44,2026-05-24 18:26:42,0,0.0,0.0,1,4
789,140,789,431,13,0,888.48,3.02,68.34,2061.44,2026-05-24 18:26:42,0,0.0,0.0,3,1
790,12,790,595,10,0,136315.25,1.68,13631.52,229101.26,2026-05-24 18:26:42,0,0.0,0.0,1,1
791,65,791,595,10,0,136315.25,1.68,13631.52,229101.26,2026-05-24 18:26:42,0,0.0,0.0,3,2
792,118,792,595,10,0,136315.25,1.68,13631.52,229101.26,2026-05-24 18:26:42,0,0.0,0.0,2,3
793,50,793,585,19,0,911.87,3.25,47.99,1558.75,2026-05-24 18:26:42,0,0.0,0.0,3,3
794,103,794,585,19,0,911.87,3.25,47.99,1558.75,2026-05-24 18:26:42,0,0.0,0.0,2,4
795,156,795,585,19,0,911.87,3.25,47.99,1558.75,2026-05-24 18:26:42,0,0.0,0.0,1,1
796,34,796,638,5,0,920.79,0.78,184.16,1443.24,2026-05-24 18:26:42,0,0.0,0.0,2,3
797,87,797,638,5,0,920.79,0.78,184.16,1443.24,2026-05-24 18:26:42,0,0.0,0.0,1,4
798,140,798,638,5,0,920.79,0.78,184.16,1443.24,2026-05-24 18:26:42,0,0.0,0.0,3,1
799,12,799,502,16,0,937.39,3.19,58.59,1867.31,2026-05-24 18:26:42,0,0.0,0.0,1,1
800,65,800,502,16,0,937.39,3.19,58.59,1867.31,2026-05-24 18:26:42,0,0.0,0.0,3,2
801,118,801,502,16,0,937.39,3.19,58.59,1867.31,2026-05-24 18:26:42,0,0.0,0.0,2,3
802,34,802,-2258,61,0,4175.28,-2.7,68.45,-1849.11,2026-05-24 18:26:42,0,0.0,0.0,2,3
803,87,803,-2258,61,0,4175.28,-2.7,68.45,-1849.11,2026-05-24 18:26:42,0,0.0,0.0,1,4
804,140,804,-2258,61,0,4175.28,-2.7,68.45,-1849.11,2026-05-24 18:26:42,0,0.0,0.0,3,1
805,34,805,560,900,0,-965.75,160.71,-1.07,-1724.55,2026-05-24 18:26:42,0,0.0,0.0,2,3
806,87,806,560,900,0,-965.75,160.71,-1.07,-1724.55,2026-05-24 18:26:42,0,0.0,0.0,1,4
807,140,807,560,900,0,-965.75,160.71,-1.07,-1724.55,2026-05-24 18:26:42,0,0.0,0.0,3,1
808,31,808,480,32,0,982.27,6.67,30.7,2046.4,2026-05-24 18:26:42,0,0.0,0.0,2,4
809,84,809,480,32,0,982.27,6.67,30.7,2046.4,2026-05-24 18:26:42,0,0.0,0.0,1,1
810,137,810,480,32,0,982.27,6.67,30.7,2046.4,2026-05-24 18:26:42,0,0.0,0.0,3,2
811,34,811,516,15,0,-1013.77,2.91,-67.58,-1964.67,2026-05-24 18:26:42,0,0.0,0.0,2,3
812,87,812,516,15,0,-1013.77,2.91,-67.58,-1964.67,2026-05-24 18:26:42,0,0.0,0.0,1,4
813,140,813,516,15,0,-1013.77,2.91,-67.58,-1964.67,2026-05-24 18:26:42,0,0.0,0.0,3,1
814,34,814,92075,13,0,1060.95,0.01,81.61,11.52,2026-05-24 18:26:42,0,0.0,0.0,2,3
815,87,815,92075,13,0,1060.95,0.01,81.61,11.52,2026-05-24 18:26:42,0,0.0,0.0,1,4
816,140,816,92075,13,0,1060.95,0.01,81.61,11.52,2026-05-24 18:26:42,0,0.0,0.0,3,1
817,31,817,765,47,0,1141.39,6.14,24.28,1492.01,2026-05-24 18:26:42,0,0.0,0.0,2,4
818,84,818,765,47,0,1141.39,6.14,24.28,1492.01,2026-05-24 18:26:42,0,0.0,0.0,1,1
819,137,819,765,47,0,1141.39,6.14,24.28,1492.01,2026-05-24 18:26:42,0,0.0,0.0,3,2
820,34,820,725,36,0,182019.93,4.97,5056.11,251061.97,2026-05-24 18:26:42,0,0.0,0.0,2,3
821,87,821,725,36,0,182019.93,4.97,5056.11,251061.97,2026-05-24 18:26:42,0,0.0,0.0,1,4
822,140,822,725,36,0,182019.93,4.97,5056.11,251061.97,2026-05-24 18:26:42,0,0.0,0.0,3,1
823,34,823,438,12,0,1228.16,2.74,102.35,2804.02,2026-05-24 18:26:42,0,0.0,0.0,2,3
824,87,824,438,12,0,1228.16,2.74,102.35,2804.02,2026-05-24 18:26:42,0,0.0,0.0,1,4
825,140,825,438,12,0,1228.16,2.74,102.35,2804.02,2026-05-24 18:26:42,0,0.0,0.0,3,1
826,34,826,793,27,0,1246.46,3.4,46.17,1571.83,2026-05-24 18:26:42,0,0.0,0.0,2,3
827,87,827,793,27,0,1246.46,3.4,46.17,1571.83,2026-05-24 18:26:42,0,0.0,0.0,1,4
828,140,828,793,27,0,1246.46,3.4,46.17,1571.83,2026-05-24 18:26:42,0,0.0,0.0,3,1
829,31,829,648,39,0,1305.89,6.02,33.48,2015.26,2026-05-24 18:26:42,0,0.0,0.0,2,4
830,84,830,648,39,0,1305.89,6.02,33.48,2015.26,2026-05-24 18:26:42,0,0.0,0.0,1,1
831,137,831,648,39,0,1305.89,6.02,33.48,2015.26,2026-05-24 18:26:42,0,0.0,0.0,3,2
832,34,832,726,19,0,1455.13,2.62,76.59,2004.31,2026-05-24 18:26:42,0,0.0,0.0,2,3
833,87,833,726,19,0,1455.13,2.62,76.59,2004.31,2026-05-24 18:26:42,0,0.0,0.0,1,4
834,140,834,726,19,0,1455.13,2.62,76.59,2004.31,2026-05-24 18:26:42,0,0.0,0.0,3,1
835,31,835,903,-69,0,1477.29,-7.64,-21.41,1635.98,2026-05-24 18:26:42,0,0.0,0.0,2,4
836,84,836,903,-69,0,1477.29,-7.64,-21.41,1635.98,2026-05-24 18:26:42,0,0.0,0.0,1,1
837,137,837,903,-69,0,1477.29,-7.64,-21.41,1635.98,2026-05-24 18:26:42,0,0.0,0.0,3,2
838,31,838,1016,71,0,1700.34,6.99,23.95,1673.56,2026-05-24 18:26:42,0,0.0,0.0,2,4
839,84,839,1016,71,0,1700.34,6.99,23.95,1673.56,2026-05-24 18:26:42,0,0.0,0.0,1,1
840,137,840,1016,71,0,1700.34,6.99,23.95,1673.56,2026-05-24 18:26:42,0,0.0,0.0,3,2
841,31,841,885,52,0,1716.41,5.88,33.01,1939.45,2026-05-24 18:26:42,0,0.0,0.0,2,4
842,84,842,885,52,0,1716.41,5.88,33.01,1939.45,2026-05-24 18:26:42,0,0.0,0.0,1,1
843,137,843,885,52,0,1716.41,5.88,33.01,1939.45,2026-05-24 18:26:42,0,0.0,0.0,3,2
844,34,844,1007,20,0,1780.27,1.99,89.01,1767.89,2026-05-24 18:26:42,0,0.0,0.0,2,3
845,87,845,1007,20,0,1780.27,1.99,89.01,1767.89,2026-05-24 18:26:42,0,0.0,0.0,1,4
846,140,846,1007,20,0,1780.27,1.99,89.01,1767.89,2026-05-24 18:26:42,0,0.0,0.0,3,1
847,9,847,1040,66,0,1795.48,6.35,27.2,1726.42,2026-05-24 18:26:42,0,0.0,0.0,1,2
848,62,848,1040,66,0,1795.48,6.35,27.2,1726.42,2026-05-24 18:26:42,0,0.0,0.0,3,3
849,115,849,1040,66,0,1795.48,6.35,27.2,1726.42,2026-05-24 18:26:42,0,0.0,0.0,2,4
850,31,850,1192,78,0,1798.65,6.54,23.06,1508.93,2026-05-24 18:26:42,0,0.0,0.0,2,4
851,84,851,1192,78,0,1798.65,6.54,23.06,1508.93,2026-05-24 18:26:42,0,0.0,0.0,1,1
852,137,852,1192,78,0,1798.65,6.54,23.06,1508.93,2026-05-24 18:26:42,0,0.0,0.0,3,2
853,34,853,962,34,0,1933.09,3.53,56.86,2009.45,2026-05-24 18:26:42,0,0.0,0.0,2,3
854,87,854,962,34,0,1933.09,3.53,56.86,2009.45,2026-05-24 18:26:42,0,0.0,0.0,1,4
855,140,855,962,34,0,1933.09,3.53,56.86,2009.45,2026-05-24 18:26:42,0,0.0,0.0,3,1
856,31,856,1124,103,1,1942.53,9.16,18.86,1728.23,2026-05-24 18:26:42,90000,46.33,0.97,2,4
857,84,857,1124,103,1,1942.53,9.16,18.86,1728.23,2026-05-24 18:26:42,90000,46.33,0.97,1,1
858,137,858,1124,103,1,1942.53,9.16,18.86,1728.23,2026-05-24 18:26:42,90000,46.33,0.97,3,2
859,31,859,1020,68,0,299801.44,6.67,4408.84,293922.98,2026-05-24 18:26:42,0,0.0,0.0,2,4
860,84,860,1020,68,0,299801.44,6.67,4408.84,293922.98,2026-05-24 18:26:42,0,0.0,0.0,1,1
861,137,861,1020,68,0,299801.44,6.67,4408.84,293922.98,2026-05-24 18:26:42,0,0.0,0.0,3,2
862,31,862,150945,-61,0,1990.51,-0.04,-32.63,13.19,2026-05-24 18:26:42,0,0.0,0.0,2,4
863,84,863,150945,-61,0,1990.51,-0.04,-32.63,13.19,2026-05-24 18:26:42,0,0.0,0.0,1,1
864,137,864,150945,-61,0,1990.51,-0.04,-32.63,13.19,2026-05-24 18:26:42,0,0.0,0.0,3,2
865,34,865,1164,36,0,2006.56,3.09,55.74,1723.85,2026-05-24 18:26:42,0,0.0,0.0,2,3
866,87,866,1164,36,0,2006.56,3.09,55.74,1723.85,2026-05-24 18:26:42,0,0.0,0.0,1,4
867,140,867,1164,36,0,2006.56,3.09,55.74,1723.85,2026-05-24 18:26:42,0,0.0,0.0,3,1
868,31,868,1231,91,1,2048.86,7.39,22.51,1664.39,2026-05-24 18:26:42,153000,74.68,1.1,2,4
869,84,869,1231,91,1,2048.86,7.39,22.51,1664.39,2026-05-24 18:26:42,153000,74.68,1.1,1,1
870,137,870,1231,91,1,2048.86,7.39,22.51,1664.39,2026-05-24 18:26:42,153000,74.68,1.1,3,2
871,9,871,162110,69,0,2083.52,0.04,30.2,12.85,2026-05-24 18:26:42,0,0.0,0.0,1,2
872,62,872,162110,69,0,2083.52,0.04,30.2,12.85,2026-05-24 18:26:42,0,0.0,0.0,3,3
873,115,873,162110,69,0,2083.52,0.04,30.2,12.85,2026-05-24 18:26:42,0,0.0,0.0,2,4
874,34,874,1093,45,0,2108.31,4.12,46.85,1928.92,2026-05-24 18:26:42,0,0.0,0.0,2,3
875,87,875,1093,45,0,2108.31,4.12,46.85,1928.92,2026-05-24 18:26:42,0,0.0,0.0,1,4
876,140,876,1093,45,0,2108.31,4.12,46.85,1928.92,2026-05-24 18:26:42,0,0.0,0.0,3,1
877,34,877,1052,38,0,2135.27,3.61,56.19,2029.72,2026-05-24 18:26:42,0,0.0,0.0,2,3
878,87,878,1052,38,0,2135.27,3.61,56.19,2029.72,2026-05-24 18:26:42,0,0.0,0.0,1,4
879,140,879,1052,38,0,2135.27,3.61,56.19,2029.72,2026-05-24 18:26:42,0,0.0,0.0,3,1
880,31,880,1163,77,0,2161.38,6.62,28.07,1858.45,2026-05-24 18:26:42,0,0.0,0.0,2,4
881,84,881,1163,77,0,2161.38,6.62,28.07,1858.45,2026-05-24 18:26:42,0,0.0,0.0,1,1
882,137,882,1163,77,0,2161.38,6.62,28.07,1858.45,2026-05-24 18:26:42,0,0.0,0.0,3,2
883,31,883,1063,62,0,2174.69,5.83,35.08,2045.8,2026-05-24 18:26:42,0,0.0,0.0,2,4
884,84,884,1063,62,0,2174.69,5.83,35.08,2045.8,2026-05-24 18:26:42,0,0.0,0.0,1,1
885,137,885,1063,62,0,2174.69,5.83,35.08,2045.8,2026-05-24 18:26:42,0,0.0,0.0,3,2
886,31,886,1443,107,0,2175.08,7.42,20.33,1507.33,2026-05-24 18:26:42,0,0.0,0.0,2,4
887,84,887,1443,107,0,2175.08,7.42,20.33,1507.33,2026-05-24 18:26:42,0,0.0,0.0,1,1
888,137,888,1443,107,0,2175.08,7.42,20.33,1507.33,2026-05-24 18:26:42,0,0.0,0.0,3,2
889,31,889,1158,70,0,2186.8,6.04,31.24,1888.43,2026-05-24 18:26:42,0,0.0,0.0,2,4
890,84,890,1158,70,0,2186.8,6.04,31.24,1888.43,2026-05-24 18:26:42,0,0.0,0.0,1,1
891,137,891,1158,70,0,2186.8,6.04,31.24,1888.43,2026-05-24 18:26:42,0,0.0,0.0,3,2
892,31,892,1239,85,0,2243.88,6.86,26.4,1811.04,2026-05-24 18:26:42,0,0.0,0.0,2,4
893,84,893,1239,85,0,2243.88,6.86,26.4,1811.04,2026-05-24 18:26:42,0,0.0,0.0,1,1
894,137,894,1239,85,0,2243.88,6.86,26.4,1811.04,2026-05-24 18:26:42,0,0.0,0.0,3,2
895,34,895,1400,47,0,2466.73,3.36,52.48,1761.95,2026-05-24 18:26:42,0,0.0,0.0,2,3
896,87,896,1400,47,0,2466.73,3.36,52.48,1761.95,2026-05-24 18:26:42,0,0.0,0.0,1,4
897,140,897,1400,47,0,2466.73,3.36,52.48,1761.95,2026-05-24 18:26:42,0,0.0,0.0,3,1
898,31,898,235915,94,0,2920.09,0.04,31.06,12.38,2026-05-24 18:26:42,0,0.0,0.0,2,4
899,84,899,235915,94,0,2920.09,0.04,31.06,12.38,2026-05-24 18:26:42,0,0.0,0.0,1,1
900,137,900,235915,94,0,2920.09,0.04,31.06,12.38,2026-05-24 18:26:42,0,0.0,0.0,3,2
901,12,901,1826,47,0,2956.41,2.57,62.9,1619.06,2026-05-24 18:26:42,0,0.0,0.0,1,1
902,65,902,1826,47,0,2956.41,2.57,62.9,1619.06,2026-05-24 18:26:42,0,0.0,0.0,3,2
903,118,903,1826,47,0,2956.41,2.57,62.9,1619.06,2026-05-24 18:26:42,0,0.0,0.0,2,3
904,22,904,1593,83,1,3352.86,5.21,40.4,2104.75,2026-05-24 18:26:42,90000,26.84,1.2,2,3
905,75,905,1593,83,1,3352.86,5.21,40.4,2104.75,2026-05-24 18:26:42,90000,26.84,1.2,1,4
906,128,906,1593,83,1,3352.86,5.21,40.4,2104.75,2026-05-24 18:26:42,90000,26.84,1.2,3,1
907,31,907,2087,110,0,3585.53,5.27,32.6,1718.03,2026-05-24 18:26:42,0,0.0,0.0,2,4
908,84,908,2087,110,0,3585.53,5.27,32.6,1718.03,2026-05-24 18:26:42,0,0.0,0.0,1,1
909,137,909,2087,110,0,3585.53,5.27,32.6,1718.03,2026-05-24 18:26:42,0,0.0,0.0,3,2
910,31,910,2883,178,1,5304.15,6.17,29.8,1839.8,2026-05-24 18:26:42,79500,14.99,0.56,2,4
911,84,911,2883,178,1,5304.15,6.17,29.8,1839.8,2026-05-24 18:26:42,79500,14.99,0.56,1,1
912,137,912,2883,178,1,5304.15,6.17,29.8,1839.8,2026-05-24 18:26:42,79500,14.99,0.56,3,2
913,31,913,2926,146,0,5536.36,4.99,37.92,1892.13,2026-05-24 18:26:42,0,0.0,0.0,2,4
914,84,914,2926,146,0,5536.36,4.99,37.92,1892.13,2026-05-24 18:26:42,0,0.0,0.0,1,1
915,137,915,2926,146,0,5536.36,4.99,37.92,1892.13,2026-05-24 18:26:42,0,0.0,0.0,3,2
916,31,916,4086,197,0,-7444.48,4.82,-37.79,-1821.95,2026-05-24 18:26:42,0,0.0,0.0,2,4
917,84,917,4086,197,0,-7444.48,4.82,-37.79,-1821.95,2026-05-24 18:26:42,0,0.0,0.0,1,1
918,137,918,4086,197,0,-7444.48,4.82,-37.79,-1821.95,2026-05-24 18:26:42,0,0.0,0.0,3,2
919,31,919,4116,202,0,7670.28,4.91,37.97,1863.53,2026-05-24 18:26:42,0,0.0,0.0,2,4
920,84,920,4116,202,0,7670.28,4.91,37.97,1863.53,2026-05-24 18:26:42,0,0.0,0.0,1,1
921,137,921,4116,202,0,7670.28,4.91,37.97,1863.53,2026-05-24 18:26:42,0,0.0,0.0,3,2
922,31,922,661200,211,0,7933.82,0.03,37.6,12.0,2026-05-24 18:26:42,0,0.0,0.0,2,4
923,84,923,661200,211,0,7933.82,0.03,37.6,12.0,2026-05-24 18:26:42,0,0.0,0.0,1,1
924,137,924,661200,211,0,7933.82,0.03,37.6,12.0,2026-05-24 18:26:42,0,0.0,0.0,3,2
925,30,925,0,0,0,0.0,,,,2026-05-24 18:26:42,0,,,1,3
926,83,926,0,0,0,0.0,,,,2026-05-24 18:26:42,0,,,3,4
927,136,927,0,0,0,0.0,,,,2026-05-24 18:26:42,0,,,2,1
928,35,928,22,3,0,2.72,13.64,0.91,123.64,2026-05-24 18:26:42,0,0.0,0.0,3,4
929,88,929,22,3,0,2.72,13.64,0.91,123.64,2026-05-24 18:26:42,0,0.0,0.0,2,1
930,141,930,22,3,0,2.72,13.64,0.91,123.64,2026-05-24 18:26:42,0,0.0,0.0,1,2
931,30,931,10,0,0,7.72,0.0,,772.0,2026-05-24 18:26:42,0,0.0,,1,3
932,83,932,10,0,0,7.72,0.0,,772.0,2026-05-24 18:26:42,0,0.0,,3,4
933,136,933,10,0,0,7.72,0.0,,772.0,2026-05-24 18:26:42,0,0.0,,2,1
934,51,934,45,3,0,8.21,6.67,2.74,182.44,2026-05-24 18:26:42,0,0.0,0.0,1,4
935,104,935,45,3,0,8.21,6.67,2.74,182.44,2026-05-24 18:26:42,0,0.0,0.0,3,1
936,157,936,45,3,0,8.21,6.67,2.74,182.44,2026-05-24 18:26:42,0,0.0,0.0,2,2
937,35,937,48,5,0,8.23,10.42,1.65,171.46,2026-05-24 18:26:42,0,0.0,0.0,3,4
938,88,938,48,5,0,8.23,10.42,1.65,171.46,2026-05-24 18:26:42,0,0.0,0.0,2,1
939,141,939,48,5,0,8.23,10.42,1.65,171.46,2026-05-24 18:26:42,0,0.0,0.0,1,2
940,35,940,126,11,0,24.97,8.73,2.27,198.17,2026-05-24 18:26:42,0,0.0,0.0,3,4
941,88,941,126,11,0,24.97,8.73,2.27,198.17,2026-05-24 18:26:42,0,0.0,0.0,2,1
942,141,942,126,11,0,24.97,8.73,2.27,198.17,2026-05-24 18:26:42,0,0.0,0.0,1,2
943,35,943,199,20,0,29.5,10.05,1.48,148.24,2026-05-24 18:26:42,0,0.0,0.0,3,4
944,88,944,199,20,0,29.5,10.05,1.48,148.24,2026-05-24 18:26:42,0,0.0,0.0,2,1
945,141,945,199,20,0,29.5,10.05,1.48,148.24,2026-05-24 18:26:42,0,0.0,0.0,1,2
946,35,946,338,21,0,39.23,6.21,1.87,116.07,2026-05-24 18:26:42,0,0.0,0.0,3,4
947,88,947,338,21,0,39.23,6.21,1.87,116.07,2026-05-24 18:26:42,0,0.0,0.0,2,1
948,141,948,338,21,0,39.23,6.21,1.87,116.07,2026-05-24 18:26:42,0,0.0,0.0,1,2
949,30,949,761,17,0,296.91,2.23,17.47,390.16,2026-05-24 18:26:42,0,0.0,0.0,1,3
950,83,950,761,17,0,296.91,2.23,17.47,390.16,2026-05-24 18:26:42,0,0.0,0.0,3,4
951,136,951,761,17,0,296.91,2.23,17.47,390.16,2026-05-24 18:26:42,0,0.0,0.0,2,1
952,30,952,754,30,0,357.25,3.98,11.91,473.81,2026-05-24 18:26:42,0,0.0,0.0,1,3
953,83,953,754,30,0,357.25,3.98,11.91,473.81,2026-05-24 18:26:42,0,0.0,0.0,3,4
954,136,954,754,30,0,357.25,3.98,11.91,473.81,2026-05-24 18:26:42,0,0.0,0.0,2,1
955,30,955,1201,80,0,572.022775,6.66,7.15,476.29,2026-05-24 18:26:42,0,0.0,0.0,1,3
956,83,956,1201,80,0,572.022775,6.66,7.15,476.29,2026-05-24 18:26:42,0,0.0,0.0,3,4
957,136,957,1201,80,0,572.022775,6.66,7.15,476.29,2026-05-24 18:26:42,0,0.0,0.0,2,1
958,30,958,1394,44,0,140265.41,3.16,3187.85,100620.81,2026-05-24 18:26:42,0,0.0,0.0,1,3
959,83,959,1394,44,0,140265.41,3.16,3187.85,100620.81,2026-05-24 18:26:42,0,0.0,0.0,3,4
960,136,960,1394,44,0,140265.41,3.16,3187.85,100620.81,2026-05-24 18:26:42,0,0.0,0.0,2,1
961,19,961,1,0,0,0.48,0.0,,480.0,2026-05-24 18:26:42,0,0.0,,2,4
962,72,962,1,0,0,0.48,0.0,,480.0,2026-05-24 18:26:42,0,0.0,,1,1
963,125,963,1,0,0,0.48,0.0,,480.0,2026-05-24 18:26:42,0,0.0,,3,2
964,19,964,5,0,0,5.22,0.0,,1044.0,2026-05-24 18:26:42,0,0.0,,2,4
965,72,965,5,0,0,5.22,0.0,,1044.0,2026-05-24 18:26:42,0,0.0,,1,1
966,125,966,5,0,0,5.22,0.0,,1044.0,2026-05-24 18:26:42,0,0.0,,3,2
967,19,967,2,0,0,7.78,0.0,,3890.0,2026-05-24 18:26:42,0,0.0,,2,4
968,72,968,2,0,0,7.78,0.0,,3890.0,2026-05-24 18:26:42,0,0.0,,1,1
969,125,969,2,0,0,7.78,0.0,,3890.0,2026-05-24 18:26:42,0,0.0,,3,2
970,19,970,18,0,0,15.57,0.0,,865.0,2026-05-24 18:26:42,0,0.0,,2,4
971,72,971,18,0,0,15.57,0.0,,865.0,2026-05-24 18:26:42,0,0.0,,1,1
972,125,972,18,0,0,15.57,0.0,,865.0,2026-05-24 18:26:42,0,0.0,,3,2
973,19,973,71,-7,0,51.21,-9.86,-7.32,721.27,2026-05-24 18:26:42,0,0.0,0.0,2,4
974,72,974,71,-7,0,51.21,-9.86,-7.32,721.27,2026-05-24 18:26:42,0,0.0,0.0,1,1
975,125,975,71,-7,0,51.21,-9.86,-7.32,721.27,2026-05-24 18:26:42,0,0.0,0.0,3,2
976,19,976,133,-17,0,125.05,-12.78,-7.36,940.23,2026-05-24 18:26:42,0,0.0,0.0,2,4
977,72,977,133,-17,0,125.05,-12.78,-7.36,940.23,2026-05-24 18:26:42,0,0.0,0.0,1,1
978,125,978,133,-17,0,125.05,-12.78,-7.36,940.23,2026-05-24 18:26:42,0,0.0,0.0,3,2
979,19,979,22475,17,0,130.4,0.08,7.67,5.8,2026-05-24 18:26:42,0,0.0,0.0,2,4
980,72,980,22475,17,0,130.4,0.08,7.67,5.8,2026-05-24 18:26:42,0,0.0,0.0,1,1
981,125,981,22475,17,0,130.4,0.08,7.67,5.8,2026-05-24 18:26:42,0,0.0,0.0,3,2
982,19,982,253,17,0,247.86,6.72,14.58,979.68,2026-05-24 18:26:42,0,0.0,0.0,2,4
983,72,983,253,17,0,247.86,6.72,14.58,979.68,2026-05-24 18:26:42,0,0.0,0.0,1,1
984,125,984,253,17,0,247.86,6.72,14.58,979.68,2026-05-24 18:26:42,0,0.0,0.0,3,2
985,19,985,323,26,0,343.22,8.05,13.2,1062.6,2026-05-24 18:26:42,0,0.0,0.0,2,4
986,72,986,323,26,0,343.22,8.05,13.2,1062.6,2026-05-24 18:26:42,0,0.0,0.0,1,1
987,125,987,323,26,0,343.22,8.05,13.2,1062.6,2026-05-24 18:26:42,0,0.0,0.0,3,2
988,19,988,406,28,0,343.6,6.9,12.27,846.31,2026-05-24 18:26:42,0,0.0,0.0,2,4
989,72,989,406,28,0,343.6,6.9,12.27,846.31,2026-05-24 18:26:42,0,0.0,0.0,1,1
990,125,990,406,28,0,343.6,6.9,12.27,846.31,2026-05-24 18:26:42,0,0.0,0.0,3,2
991,3,991,170,21,0,352.64,12.35,16.79,2074.35,2026-05-24 18:26:42,0,0.0,0.0,1,4
992,56,992,170,21,0,352.64,12.35,16.79,2074.35,2026-05-24 18:26:42,0,0.0,0.0,3,1
993,109,993,170,21,0,352.64,12.35,16.79,2074.35,2026-05-24 18:26:42,0,0.0,0.0,2,2
994,19,994,45385,31,1,382.61,0.07,12.34,8.43,2026-05-24 18:26:42,100000,261.36,3.23,2,4
995,72,995,45385,31,1,382.61,0.07,12.34,8.43,2026-05-24 18:26:42,100000,261.36,3.23,1,1
996,125,996,45385,31,1,382.61,0.07,12.34,8.43,2026-05-24 18:26:42,100000,261.36,3.23,3,2
997,19,997,368,47,0,-448.28,12.77,-9.54,-1218.15,2026-05-24 18:26:42,0,0.0,0.0,2,4
998,72,998,368,47,0,-448.28,12.77,-9.54,-1218.15,2026-05-24 18:26:42,0,0.0,0.0,1,1
999,125,999,368,47,0,-448.28,12.77,-9.54,-1218.15,2026-05-24 18:26:42,0,0.0,0.0,3,2
1000,19,1000,198,19,0,68123.65,9.6,3585.46,344058.84,2026-05-24 18:26:42,0,0.0,0.0,2,4
1001,72,1001,198,19,0,68123.65,9.6,3585.46,344058.84,2026-05-24 18:26:42,0,0.0,0.0,1,1
1002,125,1002,198,19,0,68123.65,9.6,3585.46,344058.84,2026-05-24 18:26:42,0,0.0,0.0,3,2
1003,19,1003,126005,66,0,686.92,0.05,10.41,5.45,2026-05-24 18:26:42,0,0.0,0.0,2,4
1004,72,1004,126005,66,0,686.92,0.05,10.41,5.45,2026-05-24 18:26:42,0,0.0,0.0,1,1
1005,125,1005,126005,66,0,686.92,0.05,10.41,5.45,2026-05-24 18:26:42,0,0.0,0.0,3,2
1006,16,1006,912,66,1,773.82,7.24,11.72,848.49,2026-05-24 18:26:42,68800,88.91,1.52,2,1
1007,69,1007,912,66,1,773.82,7.24,11.72,848.49,2026-05-24 18:26:42,68800,88.91,1.52,1,2
1008,122,1008,912,66,1,773.82,7.24,11.72,848.49,2026-05-24 18:26:42,68800,88.91,1.52,3,3
1009,19,1009,76995,4600,0,971.91542,5.97,0.21,12.62,2026-05-24 18:26:42,0,0.0,0.0,2,4
1010,72,1010,76995,4600,0,971.91542,5.97,0.21,12.62,2026-05-24 18:26:42,0,0.0,0.0,1,1
1011,125,1011,76995,4600,0,971.91542,5.97,0.21,12.62,2026-05-24 18:26:42,0,0.0,0.0,3,2
1012,28,1012,0,0,0,0.0,,,,2026-05-24 18:26:42,0,,,2,1
1013,81,1013,0,0,0,0.0,,,,2026-05-24 18:26:42,0,,,1,2
1014,134,1014,0,0,0,0.0,,,,2026-05-24 18:26:42,0,,,3,3
1015,28,1015,0,0,0,0.0,,,,2026-05-24 18:26:42,0,,,2,1
1016,81,1016,0,0,0,0.0,,,,2026-05-24 18:26:42,0,,,1,2
1017,134,1017,0,0,0,0.0,,,,2026-05-24 18:26:42,0,,,3,3
1018,32,1018,0,0,0,0.0,,,,2026-05-24 18:26:42,0,,,3,1
1019,85,1019,0,0,0,0.0,,,,2026-05-24 18:26:42,0,,,2,2
1020,138,1020,0,0,0,0.0,,,,2026-05-24 18:26:42,0,,,1,3
1021,10,1021,0,0,0,0.0,,,,2026-05-24 18:26:42,0,,,2,3
1022,63,1022,0,0,0,0.0,,,,2026-05-24 18:26:42,0,,,1,4
1023,116,1023,0,0,0,0.0,,,,2026-05-24 18:26:42,0,,,3,1
1024,19,1024,725,0,0,1.71,0.0,,2.36,2026-05-24 18:26:42,0,0.0,,2,4
1025,72,1025,725,0,0,1.71,0.0,,2.36,2026-05-24 18:26:42,0,0.0,,1,1
1026,125,1026,725,0,0,1.71,0.0,,2.36,2026-05-24 18:26:42,0,0.0,,3,2
1027,21,1027,6,0,0,323.14000000000004,0.0,,53856.67,2026-05-24 18:26:42,0,0.0,,1,2
1028,74,1028,6,0,0,323.14000000000004,0.0,,53856.67,2026-05-24 18:26:42,0,0.0,,3,3
1029,127,1029,6,0,0,323.14000000000004,0.0,,53856.67,2026-05-24 18:26:42,0,0.0,,2,4
1030,19,1030,6,1,1,2.6,16.67,2.6,433.33,2026-05-24 18:26:42,16470000,6334615.38,100.0,2,4
1031,72,1031,6,1,1,2.6,16.67,2.6,433.33,2026-05-24 18:26:42,16470000,6334615.38,100.0,1,1
1032,125,1032,6,1,1,2.6,16.67,2.6,433.33,2026-05-24 18:26:42,16470000,6334615.38,100.0,3,2
1033,32,1033,7,1,0,4.78,14.29,4.78,682.86,2026-05-24 18:26:42,0,0.0,0.0,3,1
1034,85,1034,7,1,0,4.78,14.29,4.78,682.86,2026-05-24 18:26:42,0,0.0,0.0,2,2
1035,138,1035,7,1,0,4.78,14.29,4.78,682.86,2026-05-24 18:26:42,0,0.0,0.0,1,3
1036,19,1036,16,1,0,11.771109,6.25,11.77,735.69,2026-05-24 18:26:42,0,0.0,0.0,2,4
1037,72,1037,16,1,0,11.771109,6.25,11.77,735.69,2026-05-24 18:26:42,0,0.0,0.0,1,1
1038,125,1038,16,1,0,11.771109,6.25,11.77,735.69,2026-05-24 18:26:42,0,0.0,0.0,3,2
1039,19,1039,77,9,0,49.35,11.69,5.48,640.91,2026-05-24 18:26:42,0,0.0,0.0,2,4
1040,72,1040,77,9,0,49.35,11.69,5.48,640.91,2026-05-24 18:26:42,0,0.0,0.0,1,1
1041,125,1041,77,9,0,49.35,11.69,5.48,640.91,2026-05-24 18:26:42,0,0.0,0.0,3,2
1042,19,1042,2900,11,0,-58.1,0.38,-5.28,-20.03,2026-05-24 18:26:42,0,0.0,0.0,2,4
1043,72,1043,2900,11,0,-58.1,0.38,-5.28,-20.03,2026-05-24 18:26:42,0,0.0,0.0,1,1
1044,125,1044,2900,11,0,-58.1,0.38,-5.28,-20.03,2026-05-24 18:26:42,0,0.0,0.0,3,2
1045,32,1045,62,4,0,65.53,6.45,16.38,1056.94,2026-05-24 18:26:42,0,0.0,0.0,3,1
1046,85,1046,62,4,0,65.53,6.45,16.38,1056.94,2026-05-24 18:26:42,0,0.0,0.0,2,2
1047,138,1047,62,4,0,65.53,6.45,16.38,1056.94,2026-05-24 18:26:42,0,0.0,0.0,1,3
1048,28,1048,53,1,0,73.08,1.89,73.08,1378.87,2026-05-24 18:26:42,0,0.0,0.0,2,1
1049,81,1049,53,1,0,73.08,1.89,73.08,1378.87,2026-05-24 18:26:42,0,0.0,0.0,1,2
1050,134,1050,53,1,0,73.08,1.89,73.08,1378.87,2026-05-24 18:26:42,0,0.0,0.0,3,3
1051,48,1051,88,1,0,14672.67,1.14,14672.67,166734.89,2026-05-24 18:26:42,0,0.0,0.0,1,1
1052,101,1052,88,1,0,14672.67,1.14,14672.67,166734.89,2026-05-24 18:26:42,0,0.0,0.0,3,2
1053,154,1053,88,1,0,14672.67,1.14,14672.67,166734.89,2026-05-24 18:26:42,0,0.0,0.0,2,3
1054,32,1054,83,4,0,119.37,4.82,29.84,1438.19,2026-05-24 18:26:42,0,0.0,0.0,3,1
1055,85,1055,83,4,0,119.37,4.82,29.84,1438.19,2026-05-24 18:26:42,0,0.0,0.0,2,2
1056,138,1056,83,4,0,119.37,4.82,29.84,1438.19,2026-05-24 18:26:42,0,0.0,0.0,1,3
1057,32,1057,190,14,0,203.51,7.37,14.54,1071.11,2026-05-24 18:26:42,0,0.0,0.0,3,1
1058,85,1058,190,14,0,203.51,7.37,14.54,1071.11,2026-05-24 18:26:42,0,0.0,0.0,2,2
1059,138,1059,190,14,0,203.51,7.37,14.54,1071.11,2026-05-24 18:26:42,0,0.0,0.0,1,3
1060,32,1060,33060,9,0,216.2,0.03,24.02,6.54,2026-05-24 18:26:42,0,0.0,0.0,3,1
1061,85,1061,33060,9,0,216.2,0.03,24.02,6.54,2026-05-24 18:26:42,0,0.0,0.0,2,2
1062,138,1062,33060,9,0,216.2,0.03,24.02,6.54,2026-05-24 18:26:42,0,0.0,0.0,1,3
1063,21,1063,349,14,0,250.4,4.01,17.89,717.48,2026-05-24 18:26:42,0,0.0,0.0,1,2
1064,74,1064,349,14,0,250.4,4.01,17.89,717.48,2026-05-24 18:26:42,0,0.0,0.0,3,3
1065,127,1065,349,14,0,250.4,4.01,17.89,717.48,2026-05-24 18:26:42,0,0.0,0.0,2,4
1066,32,1066,282,23,0,310.94,8.16,13.52,1102.62,2026-05-24 18:26:42,0,0.0,0.0,3,1
1067,85,1067,282,23,0,310.94,8.16,13.52,1102.62,2026-05-24 18:26:42,0,0.0,0.0,2,2
1068,138,1068,282,23,0,310.94,8.16,13.52,1102.62,2026-05-24 18:26:42,0,0.0,0.0,1,3
1069,21,1069,451,1900,0,330.16,421.29,0.17,732.06,2026-05-24 18:26:42,0,0.0,0.0,1,2
1070,74,1070,451,1900,0,330.16,421.29,0.17,732.06,2026-05-24 18:26:42,0,0.0,0.0,3,3
1071,127,1071,451,1900,0,330.16,421.29,0.17,732.06,2026-05-24 18:26:42,0,0.0,0.0,2,4
1072,21,1072,382,33,0,335.83,8.64,10.18,879.14,2026-05-24 18:26:42,0,0.0,0.0,1,2
1073,74,1073,382,33,0,335.83,8.64,10.18,879.14,2026-05-24 18:26:42,0,0.0,0.0,3,3
1074,127,1074,382,33,0,335.83,8.64,10.18,879.14,2026-05-24 18:26:42,0,0.0,0.0,2,4
1075,19,1075,331,27,0,51130.11,8.16,1893.71,154471.63,2026-05-24 18:26:42,0,0.0,0.0,2,4
1076,72,1076,331,27,0,51130.11,8.16,1893.71,154471.63,2026-05-24 18:26:42,0,0.0,0.0,1,1
1077,125,1077,331,27,0,51130.11,8.16,1893.71,154471.63,2026-05-24 18:26:42,0,0.0,0.0,3,2
1078,21,1078,-548,34,0,399.94,-6.2,11.76,-729.82,2026-05-24 18:26:42,0,0.0,0.0,1,2
1079,74,1079,-548,34,0,399.94,-6.2,11.76,-729.82,2026-05-24 18:26:42,0,0.0,0.0,3,3
1080,127,1080,-548,34,0,399.94,-6.2,11.76,-729.82,2026-05-24 18:26:42,0,0.0,0.0,2,4
1081,19,1081,517,36,0,409.167084,6.96,11.37,791.43,2026-05-24 18:26:42,0,0.0,0.0,2,4
1082,72,1082,517,36,0,409.167084,6.96,11.37,791.43,2026-05-24 18:26:42,0,0.0,0.0,1,1
1083,125,1083,517,36,0,409.167084,6.96,11.37,791.43,2026-05-24 18:26:42,0,0.0,0.0,3,2
1084,32,1084,46255,15,0,427.32,0.03,28.49,9.24,2026-05-24 18:26:42,0,0.0,0.0,3,1
1085,85,1085,46255,15,0,427.32,0.03,28.49,9.24,2026-05-24 18:26:42,0,0.0,0.0,2,2
1086,138,1086,46255,15,0,427.32,0.03,28.49,9.24,2026-05-24 18:26:42,0,0.0,0.0,1,3
1087,19,1087,-658,61,0,583.22,-9.27,9.56,-886.35,2026-05-24 18:26:42,0,0.0,0.0,2,4
1088,72,1088,-658,61,0,583.22,-9.27,9.56,-886.35,2026-05-24 18:26:42,0,0.0,0.0,1,1
1089,125,1089,-658,61,0,583.22,-9.27,9.56,-886.35,2026-05-24 18:26:42,0,0.0,0.0,3,2
1090,32,1090,499,35,0,599.03,7.01,17.12,1200.46,2026-05-24 18:26:42,0,0.0,0.0,3,1
1091,85,1091,499,35,0,599.03,7.01,17.12,1200.46,2026-05-24 18:26:42,0,0.0,0.0,2,2
1092,138,1092,499,35,0,599.03,7.01,17.12,1200.46,2026-05-24 18:26:42,0,0.0,0.0,1,3
1093,19,1093,536,38,0,612.4,7.09,16.12,1142.54,2026-05-24 18:26:42,0,0.0,0.0,2,4
1094,72,1094,536,38,0,612.4,7.09,16.12,1142.54,2026-05-24 18:26:42,0,0.0,0.0,1,1
1095,125,1095,536,38,0,612.4,7.09,16.12,1142.54,2026-05-24 18:26:42,0,0.0,0.0,3,2
1096,32,1096,163,17,0,644.45,10.43,37.91,3953.68,2026-05-24 18:26:42,0,0.0,0.0,3,1
1097,85,1097,163,17,0,644.45,10.43,37.91,3953.68,2026-05-24 18:26:42,0,0.0,0.0,2,2
1098,138,1098,163,17,0,644.45,10.43,37.91,3953.68,2026-05-24 18:26:42,0,0.0,0.0,1,3
1099,32,1099,952,121,0,112011.8,12.71,925.72,117659.45,2026-05-24 18:26:42,0,0.0,0.0,3,1
1100,85,1100,952,121,0,112011.8,12.71,925.72,117659.45,2026-05-24 18:26:42,0,0.0,0.0,2,2
1101,138,1101,952,121,0,112011.8,12.71,925.72,117659.45,2026-05-24 18:26:42,0,0.0,0.0,1,3
1102,32,1102,508,27,0,745.53,5.31,27.61,1467.58,2026-05-24 18:26:42,0,0.0,0.0,3,1
1103,85,1103,508,27,0,745.53,5.31,27.61,1467.58,2026-05-24 18:26:42,0,0.0,0.0,2,2
1104,138,1104,508,27,0,745.53,5.31,27.61,1467.58,2026-05-24 18:26:42,0,0.0,0.0,1,3
1105,32,1105,841,82,0,812.31,9.75,9.91,965.89,2026-05-24 18:26:42,0,0.0,0.0,3,1
1106,85,1106,841,82,0,812.31,9.75,9.91,965.89,2026-05-24 18:26:42,0,0.0,0.0,2,2
1107,138,1107,841,82,0,812.31,9.75,9.91,965.89,2026-05-24 18:26:42,0,0.0,0.0,1,3
1108,32,1108,843,76,0,836.43,9.02,11.01,992.21,2026-05-24 18:26:42,0,0.0,0.0,3,1
1109,85,1109,843,76,0,836.43,9.02,11.01,992.21,2026-05-24 18:26:42,0,0.0,0.0,2,2
1110,138,1110,843,76,0,836.43,9.02,11.01,992.21,2026-05-24 18:26:42,0,0.0,0.0,1,3
1111,32,1111,929,-87,0,1193.0,-9.36,-13.71,1284.18,2026-05-24 18:26:42,0,0.0,0.0,3,1
1112,85,1112,929,-87,0,1193.0,-9.36,-13.71,1284.18,2026-05-24 18:26:42,0,0.0,0.0,2,2
1113,138,1113,929,-87,0,1193.0,-9.36,-13.71,1284.18,2026-05-24 18:26:42,0,0.0,0.0,1,3
1114,32,1114,730,74,0,1311.31,10.14,17.72,1796.32,2026-05-24 18:26:42,0,0.0,0.0,3,1
1115,85,1115,730,74,0,1311.31,10.14,17.72,1796.32,2026-05-24 18:26:42,0,0.0,0.0,2,2
1116,138,1116,730,74,0,1311.31,10.14,17.72,1796.32,2026-05-24 18:26:42,0,0.0,0.0,1,3
1117,32,1117,285070,-136,0,1405.88,-0.05,-10.34,4.93,2026-05-24 18:26:42,0,0.0,0.0,3,1
1118,85,1118,285070,-136,0,1405.88,-0.05,-10.34,4.93,2026-05-24 18:26:42,0,0.0,0.0,2,2
1119,138,1119,285070,-136,0,1405.88,-0.05,-10.34,4.93,2026-05-24 18:26:42,0,0.0,0.0,1,3
1120,32,1120,1454,120,0,1702.8,8.25,14.19,1171.11,2026-05-24 18:26:42,0,0.0,0.0,3,1
1121,85,1121,1454,120,0,1702.8,8.25,14.19,1171.11,2026-05-24 18:26:42,0,0.0,0.0,2,2
1122,138,1122,1454,120,0,1702.8,8.25,14.19,1171.11,2026-05-24 18:26:42,0,0.0,0.0,1,3
1123,32,1123,1780,174,0,1869.45,9.78,10.74,1050.25,2026-05-24 18:26:42,0,0.0,0.0,3,1
1124,85,1124,1780,174,0,1869.45,9.78,10.74,1050.25,2026-05-24 18:26:42,0,0.0,0.0,2,2
1125,138,1125,1780,174,0,1869.45,9.78,10.74,1050.25,2026-05-24 18:26:42,0,0.0,0.0,1,3
1126,28,1126,2441,132,0,2295.8,5.41,17.39,940.52,2026-05-24 18:26:42,0,0.0,0.0,2,1
1127,81,1127,2441,132,0,2295.8,5.41,17.39,940.52,2026-05-24 18:26:42,0,0.0,0.0,1,2
1128,134,1128,2441,132,0,2295.8,5.41,17.39,940.52,2026-05-24 18:26:42,0,0.0,0.0,3,3
1129,28,1129,4322,499,0,2598.71,11.55,5.21,601.27,2026-05-24 18:26:42,0,0.0,0.0,2,1
1130,81,1130,4322,499,0,2598.71,11.55,5.21,601.27,2026-05-24 18:26:42,0,0.0,0.0,1,2
1131,134,1131,4322,499,0,2598.71,11.55,5.21,601.27,2026-05-24 18:26:42,0,0.0,0.0,3,3
1132,28,1132,2189,90,0,2731.37,4.11,30.35,1247.77,2026-05-24 18:26:42,0,0.0,0.0,2,1
1133,81,1133,2189,90,0,2731.37,4.11,30.35,1247.77,2026-05-24 18:26:42,0,0.0,0.0,1,2
1134,134,1134,2189,90,0,2731.37,4.11,30.35,1247.77,2026-05-24 18:26:42,0,0.0,0.0,3,3
1135,44,1135,4042,18500,0,2877.44,457.69,0.16,711.89,2026-05-24 18:26:42,0,0.0,0.0,3,1
1136,97,1136,4042,18500,0,2877.44,457.69,0.16,711.89,2026-05-24 18:26:42,0,0.0,0.0,2,2
1137,150,1137,4042,18500,0,2877.44,457.69,0.16,711.89,2026-05-24 18:26:42,0,0.0,0.0,1,3
1138,28,1138,2463,134,0,2891.85,5.44,21.58,1174.12,2026-05-24 18:26:42,0,0.0,0.0,2,1
1139,81,1139,2463,134,0,2891.85,5.44,21.58,1174.12,2026-05-24 18:26:42,0,0.0,0.0,1,2
1140,134,1140,2463,134,0,2891.85,5.44,21.58,1174.12,2026-05-24 18:26:42,0,0.0,0.0,3,3
1141,32,1141,3935,164,0,2896.09,4.17,17.66,735.98,2026-05-24 18:26:42,0,0.0,0.0,3,1
1142,85,1142,3935,164,0,2896.09,4.17,17.66,735.98,2026-05-24 18:26:42,0,0.0,0.0,2,2
1143,138,1143,3935,164,0,2896.09,4.17,17.66,735.98,2026-05-24 18:26:42,0,0.0,0.0,1,3
1144,32,1144,3770,17400,1,3208.65,461.54,0.18,851.1,2026-05-24 18:26:42,114500,35.68,0.01,3,1
1145,85,1145,3770,17400,1,3208.65,461.54,0.18,851.1,2026-05-24 18:26:42,114500,35.68,0.01,2,2
1146,138,1146,3770,17400,1,3208.65,461.54,0.18,851.1,2026-05-24 18:26:42,114500,35.68,0.01,1,3
1147,28,1147,3320,241,0,3212.54,7.26,13.33,967.63,2026-05-24 18:26:42,0,0.0,0.0,2,1
1148,81,1148,3320,241,0,3212.54,7.26,13.33,967.63,2026-05-24 18:26:42,0,0.0,0.0,1,2
1149,134,1149,3320,241,0,3212.54,7.26,13.33,967.63,2026-05-24 18:26:42,0,0.0,0.0,3,3
1150,32,1150,-2597,195,0,3367.0,-7.51,17.27,-1296.5,2026-05-24 18:26:42,0,0.0,0.0,3,1
1151,85,1151,-2597,195,0,3367.0,-7.51,17.27,-1296.5,2026-05-24 18:26:42,0,0.0,0.0,2,2
1152,138,1152,-2597,195,0,3367.0,-7.51,17.27,-1296.5,2026-05-24 18:26:42,0,0.0,0.0,1,3
1153,32,1153,-3443,-253,0,3779.99,7.35,-14.94,-1097.88,2026-05-24 18:26:42,0,0.0,0.0,3,1
1154,85,1154,-3443,-253,0,3779.99,7.35,-14.94,-1097.88,2026-05-24 18:26:42,0,0.0,0.0,2,2
1155,138,1155,-3443,-253,0,3779.99,7.35,-14.94,-1097.88,2026-05-24 18:26:42,0,0.0,0.0,1,3
1156,33,1156,4,0,0,4.75,0.0,,1187.5,2026-05-24 18:26:42,0,0.0,,1,2
1157,86,1157,4,0,0,4.75,0.0,,1187.5,2026-05-24 18:26:42,0,0.0,,3,3
1158,139,1158,4,0,0,4.75,0.0,,1187.5,2026-05-24 18:26:42,0,0.0,,2,4
1159,33,1159,4,2,0,5.16,50.0,2.58,1290.0,2026-05-24 18:26:42,0,0.0,0.0,1,2
1160,86,1160,4,2,0,5.16,50.0,2.58,1290.0,2026-05-24 18:26:42,0,0.0,0.0,3,3
1161,139,1161,4,2,0,5.16,50.0,2.58,1290.0,2026-05-24 18:26:42,0,0.0,0.0,2,4
1162,33,1162,59,200,0,32.409999,338.98,0.16,549.32,2026-05-24 18:26:42,0,0.0,0.0,1,2
1163,86,1163,59,200,0,32.409999,338.98,0.16,549.32,2026-05-24 18:26:42,0,0.0,0.0,3,3
1164,139,1164,59,200,0,32.409999,338.98,0.16,549.32,2026-05-24 18:26:42,0,0.0,0.0,2,4
1165,33,1165,80,7,0,10450.71,8.75,1492.96,130633.88,2026-05-24 18:26:42,0,0.0,0.0,1,2
1166,86,1166,80,7,0,10450.71,8.75,1492.96,130633.88,2026-05-24 18:26:42,0,0.0,0.0,3,3
1167,139,1167,80,7,0,10450.71,8.75,1492.96,130633.88,2026-05-24 18:26:42,0,0.0,0.0,2,4
1168,49,1168,90,3,0,73.26,3.33,24.42,814.0,2026-05-24 18:26:42,0,0.0,0.0,2,2
1169,102,1169,90,3,0,73.26,3.33,24.42,814.0,2026-05-24 18:26:42,0,0.0,0.0,1,3
1170,155,1170,90,3,0,73.26,3.33,24.42,814.0,2026-05-24 18:26:42,0,0.0,0.0,3,4
1171,19,1171,77,11,0,85.662281,14.29,7.79,1112.5,2026-05-24 18:26:42,0,0.0,0.0,2,4
1172,72,1172,77,11,0,85.662281,14.29,7.79,1112.5,2026-05-24 18:26:42,0,0.0,0.0,1,1
1173,125,1173,77,11,0,85.662281,14.29,7.79,1112.5,2026-05-24 18:26:42,0,0.0,0.0,3,2
1174,33,1174,52,3,0,86.94,5.77,28.98,1671.92,2026-05-24 18:26:42,0,0.0,0.0,1,2
1175,86,1175,52,3,0,86.94,5.77,28.98,1671.92,2026-05-24 18:26:42,0,0.0,0.0,3,3
1176,139,1176,52,3,0,86.94,5.77,28.98,1671.92,2026-05-24 18:26:42,0,0.0,0.0,2,4
1177,33,1177,88,4,0,94.25,4.55,23.56,1071.02,2026-05-24 18:26:42,0,0.0,0.0,1,2
1178,86,1178,88,4,0,94.25,4.55,23.56,1071.02,2026-05-24 18:26:42,0,0.0,0.0,3,3
1179,139,1179,88,4,0,94.25,4.55,23.56,1071.02,2026-05-24 18:26:42,0,0.0,0.0,2,4
1180,49,1180,225,9,0,195.67,4.0,21.74,869.64,2026-05-24 18:26:42,0,0.0,0.0,2,2
1181,102,1181,225,9,0,195.67,4.0,21.74,869.64,2026-05-24 18:26:42,0,0.0,0.0,1,3
1182,155,1182,225,9,0,195.67,4.0,21.74,869.64,2026-05-24 18:26:42,0,0.0,0.0,3,4
1183,19,1183,249,29,0,245.21,11.65,8.46,984.78,2026-05-24 18:26:42,0,0.0,0.0,2,4
1184,72,1184,249,29,0,245.21,11.65,8.46,984.78,2026-05-24 18:26:42,0,0.0,0.0,1,1
1185,125,1185,249,29,0,245.21,11.65,8.46,984.78,2026-05-24 18:26:42,0,0.0,0.0,3,2
1186,33,1186,397,33,0,-335.05,8.31,-10.15,-843.95,2026-05-24 18:26:42,0,0.0,0.0,1,2
1187,86,1187,397,33,0,-335.05,8.31,-10.15,-843.95,2026-05-24 18:26:42,0,0.0,0.0,3,3
1188,139,1188,397,33,0,-335.05,8.31,-10.15,-843.95,2026-05-24 18:26:42,0,0.0,0.0,2,4
1189,19,1189,310,39,0,395.96,12.58,10.15,1277.29,2026-05-24 18:26:42,0,0.0,0.0,2,4
1190,72,1190,310,39,0,395.96,12.58,10.15,1277.29,2026-05-24 18:26:42,0,0.0,0.0,1,1
1191,125,1191,310,39,0,395.96,12.58,10.15,1277.29,2026-05-24 18:26:42,0,0.0,0.0,3,2
1192,19,1192,498,45,0,-575.41,9.04,-12.79,-1155.44,2026-05-24 18:26:42,0,0.0,0.0,2,4
1193,72,1193,498,45,0,-575.41,9.04,-12.79,-1155.44,2026-05-24 18:26:42,0,0.0,0.0,1,1
1194,125,1194,498,45,0,-575.41,9.04,-12.79,-1155.44,2026-05-24 18:26:42,0,0.0,0.0,3,2
1195,33,1195,424,36,0,695.5,8.49,19.32,1640.33,2026-05-24 18:26:42,0,0.0,0.0,1,2
1196,86,1196,424,36,0,695.5,8.49,19.32,1640.33,2026-05-24 18:26:42,0,0.0,0.0,3,3
1197,139,1197,424,36,0,695.5,8.49,19.32,1640.33,2026-05-24 18:26:42,0,0.0,0.0,2,4
1198,19,1198,622,71,0,105761.91,11.41,1489.6,170035.23,2026-05-24 18:26:42,0,0.0,0.0,2,4
1199,72,1199,622,71,0,105761.91,11.41,1489.6,170035.23,2026-05-24 18:26:42,0,0.0,0.0,1,1
1200,125,1200,622,71,0,105761.91,11.41,1489.6,170035.23,2026-05-24 18:26:42,0,0.0,0.0,3,2
1201,29,1201,34698,1976,0,-566.11,5.69,-0.29,-16.32,2026-05-24 18:26:42,0,0.0,0.0,3,2
1202,82,1202,34698,1976,0,-566.11,5.69,-0.29,-16.32,2026-05-24 18:26:42,0,0.0,0.0,2,3
1203,135,1203,34698,1976,0,-566.11,5.69,-0.29,-16.32,2026-05-24 18:26:42,0,0.0,0.0,1,4
1204,45,1204,0,0,0,0.0,,,,2026-05-24 18:26:42,0,,,1,2
1205,98,1205,0,0,0,0.0,,,,2026-05-24 18:26:42,0,,,3,3
1206,151,1206,0,0,0,0.0,,,,2026-05-24 18:26:42,0,,,2,4
1207,29,1207,0,0,0,0.0,,,,2026-05-24 18:26:42,0,,,3,2
1208,82,1208,0,0,0,0.0,,,,2026-05-24 18:26:42,0,,,2,3
1209,135,1209,0,0,0,0.0,,,,2026-05-24 18:26:42,0,,,1,4
1210,37,1210,12,0,0,0.06,0.0,,5.0,2026-05-24 18:26:42,0,0.0,,2,2
1211,90,1211,12,0,0,0.06,0.0,,5.0,2026-05-24 18:26:42,0,0.0,,1,3
1212,143,1212,12,0,0,0.06,0.0,,5.0,2026-05-24 18:26:42,0,0.0,,3,4
1213,37,1213,23,0,0,0.11,0.0,,4.78,2026-05-24 18:26:42,0,0.0,,2,2
1214,90,1214,23,0,0,0.11,0.0,,4.78,2026-05-24 18:26:42,0,0.0,,1,3
1215,143,1215,23,0,0,0.11,0.0,,4.78,2026-05-24 18:26:42,0,0.0,,3,4
1216,7,1216,-5,0,0,0.33,0.0,,-66.0,2026-05-24 18:26:42,0,0.0,,2,4
1217,60,1217,-5,0,0,0.33,0.0,,-66.0,2026-05-24 18:26:42,0,0.0,,1,1
1218,113,1218,-5,0,0,0.33,0.0,,-66.0,2026-05-24 18:26:42,0,0.0,,3,2
1219,37,1219,75,0,0,0.61,0.0,,8.13,2026-05-24 18:26:42,0,0.0,,2,2
1220,90,1220,75,0,0,0.61,0.0,,8.13,2026-05-24 18:26:42,0,0.0,,1,3
1221,143,1221,75,0,0,0.61,0.0,,8.13,2026-05-24 18:26:42,0,0.0,,3,4
1222,37,1222,208,1,0,261.23,0.48,261.23,1255.91,2026-05-24 18:26:42,0,0.0,0.0,2,2
1223,90,1223,208,1,0,261.23,0.48,261.23,1255.91,2026-05-24 18:26:42,0,0.0,0.0,1,3
1224,143,1224,208,1,0,261.23,0.48,261.23,1255.91,2026-05-24 18:26:42,0,0.0,0.0,3,4
1225,29,1225,20020,165,0,510.9,0.82,3.1,25.52,2026-05-24 18:26:42,0,0.0,0.0,3,2
1226,82,1226,20020,165,0,510.9,0.82,3.1,25.52,2026-05-24 18:26:42,0,0.0,0.0,2,3
1227,135,1227,20020,165,0,510.9,0.82,3.1,25.52,2026-05-24 18:26:42,0,0.0,0.0,1,4
1228,29,1228,39,0,0,5.66,0.0,,145.13,2026-05-24 18:26:42,0,0.0,,3,2
1229,82,1229,39,0,0,5.66,0.0,,145.13,2026-05-24 18:26:42,0,0.0,,2,3
1230,135,1230,39,0,0,5.66,0.0,,145.13,2026-05-24 18:26:42,0,0.0,,1,4
1231,45,1231,104,0,0,1085.69,0.0,,10439.33,2026-05-24 18:26:42,0,0.0,,1,2
1232,98,1232,104,0,0,1085.69,0.0,,10439.33,2026-05-24 18:26:42,0,0.0,,3,3
1233,151,1233,104,0,0,1085.69,0.0,,10439.33,2026-05-24 18:26:42,0,0.0,,2,4
1234,29,1234,119,0,0,-9.23,0.0,,-77.56,2026-05-24 18:26:42,0,0.0,,3,2
1235,82,1235,119,0,0,-9.23,0.0,,-77.56,2026-05-24 18:26:42,0,0.0,,2,3
1236,135,1236,119,0,0,-9.23,0.0,,-77.56,2026-05-24 18:26:42,0,0.0,,1,4
1237,37,1237,1955,1,0,12.87,0.05,12.87,6.58,2026-05-24 18:26:42,0,0.0,0.0,2,2
1238,90,1238,1955,1,0,12.87,0.05,12.87,6.58,2026-05-24 18:26:42,0,0.0,0.0,1,3
1239,143,1239,1955,1,0,12.87,0.05,12.87,6.58,2026-05-24 18:26:42,0,0.0,0.0,3,4
1240,37,1240,2117,4,0,14.45,0.19,3.61,6.83,2026-05-24 18:26:42,0,0.0,0.0,2,2
1241,90,1241,2117,4,0,14.45,0.19,3.61,6.83,2026-05-24 18:26:42,0,0.0,0.0,1,3
1242,143,1242,2117,4,0,14.45,0.19,3.61,6.83,2026-05-24 18:26:42,0,0.0,0.0,3,4
1243,29,1243,199,6,0,15.07,3.02,2.51,75.73,2026-05-24 18:26:42,0,0.0,0.0,3,2
1244,82,1244,199,6,0,15.07,3.02,2.51,75.73,2026-05-24 18:26:42,0,0.0,0.0,2,3
1245,135,1245,199,6,0,15.07,3.02,2.51,75.73,2026-05-24 18:26:42,0,0.0,0.0,1,4
1246,29,1246,34809,254,0,2291.28,0.73,9.02,65.82,2026-05-24 18:26:42,0,0.0,0.0,3,2
1247,82,1247,34809,254,0,2291.28,0.73,9.02,65.82,2026-05-24 18:26:42,0,0.0,0.0,2,3
1248,135,1248,34809,254,0,2291.28,0.73,9.02,65.82,2026-05-24 18:26:42,0,0.0,0.0,1,4
1249,37,1249,4408,10,0,35.68,0.23,3.57,8.09,2026-05-24 18:26:42,0,0.0,0.0,2,2
1250,90,1250,4408,10,0,35.68,0.23,3.57,8.09,2026-05-24 18:26:42,0,0.0,0.0,1,3
1251,143,1251,4408,10,0,35.68,0.23,3.57,8.09,2026-05-24 18:26:42,0,0.0,0.0,3,4
1252,29,1252,4354,114,0,43.36,2.62,0.38,9.96,2026-05-24 18:26:42,0,0.0,0.0,3,2
1253,82,1253,4354,114,0,43.36,2.62,0.38,9.96,2026-05-24 18:26:42,0,0.0,0.0,2,3
1254,135,1254,4354,114,0,43.36,2.62,0.38,9.96,2026-05-24 18:26:42,0,0.0,0.0,1,4
1255,4,1255,1234,19,0,6859.93,1.54,361.05,5559.1,2026-05-24 18:26:42,0,0.0,0.0,2,1
1256,57,1256,1234,19,0,6859.93,1.54,361.05,5559.1,2026-05-24 18:26:42,0,0.0,0.0,1,2
1257,110,1257,1234,19,0,6859.93,1.54,361.05,5559.1,2026-05-24 18:26:42,0,0.0,0.0,3,3
1258,29,1258,965,11,0,45.73,1.14,4.16,47.39,2026-05-24 18:26:42,0,0.0,0.0,3,2
1259,82,1259,965,11,0,45.73,1.14,4.16,47.39,2026-05-24 18:26:42,0,0.0,0.0,2,3
1260,135,1260,965,11,0,45.73,1.14,4.16,47.39,2026-05-24 18:26:42,0,0.0,0.0,1,4
1261,37,1261,12107,27,0,72.03,0.22,2.67,5.95,2026-05-24 18:26:42,0,0.0,0.0,2,2
1262,90,1262,12107,27,0,72.03,0.22,2.67,5.95,2026-05-24 18:26:42,0,0.0,0.0,1,3
1263,143,1263,12107,27,0,72.03,0.22,2.67,5.95,2026-05-24 18:26:42,0,0.0,0.0,3,4
1264,29,1264,5117,152,0,90.44,2.97,0.59,17.67,2026-05-24 18:26:42,0,0.0,0.0,3,2
1265,82,1265,5117,152,0,90.44,2.97,0.59,17.67,2026-05-24 18:26:42,0,0.0,0.0,2,3
1266,135,1266,5117,152,0,90.44,2.97,0.59,17.67,2026-05-24 18:26:42,0,0.0,0.0,1,4
1267,15,1267,-16096,33,0,92.99,-0.21,2.82,-5.78,2026-05-24 18:26:42,0,0.0,0.0,1,4
1268,68,1268,-16096,33,0,92.99,-0.21,2.82,-5.78,2026-05-24 18:26:42,0,0.0,0.0,3,1
1269,121,1269,-16096,33,0,92.99,-0.21,2.82,-5.78,2026-05-24 18:26:42,0,0.0,0.0,2,2
1270,29,1270,4927,208,0,122.33,4.22,0.59,24.83,2026-05-24 18:26:42,0,0.0,0.0,3,2
1271,82,1271,4927,208,0,122.33,4.22,0.59,24.83,2026-05-24 18:26:42,0,0.0,0.0,2,3
1272,135,1272,4927,208,0,122.33,4.22,0.59,24.83,2026-05-24 18:26:42,0,0.0,0.0,1,4
1273,37,1273,19435,45,0,128.759999,0.23,2.86,6.63,2026-05-24 18:26:42,0,0.0,0.0,2,2
1274,90,1274,19435,45,0,128.759999,0.23,2.86,6.63,2026-05-24 18:26:42,0,0.0,0.0,1,3
1275,143,1275,19435,45,0,128.759999,0.23,2.86,6.63,2026-05-24 18:26:42,0,0.0,0.0,3,4
1276,37,1276,-24756,61,0,152.03,-0.25,2.49,-6.14,2026-05-24 18:26:42,0,0.0,0.0,2,2
1277,90,1277,-24756,61,0,152.03,-0.25,2.49,-6.14,2026-05-24 18:26:42,0,0.0,0.0,1,3
1278,143,1278,-24756,61,0,152.03,-0.25,2.49,-6.14,2026-05-24 18:26:42,0,0.0,0.0,3,4
1279,37,1279,-24542,74,0,154.41,-0.3,2.09,-6.29,2026-05-24 18:26:42,0,0.0,0.0,2,2
1280,90,1280,-24542,74,0,154.41,-0.3,2.09,-6.29,2026-05-24 18:26:42,0,0.0,0.0,1,3
1281,143,1281,-24542,74,0,154.41,-0.3,2.09,-6.29,2026-05-24 18:26:42,0,0.0,0.0,3,4
1282,29,1282,16819,178,0,98776.65,1.06,554.92,5872.92,2026-05-24 18:26:42,0,0.0,0.0,3,2
1283,82,1283,16819,178,0,98776.65,1.06,554.92,5872.92,2026-05-24 18:26:42,0,0.0,0.0,2,3
1284,135,1284,16819,178,0,98776.65,1.06,554.92,5872.92,2026-05-24 18:26:42,0,0.0,0.0,1,4
1285,29,1285,2647,47,0,252.95,1.78,5.38,95.56,2026-05-24 18:26:42,0,0.0,0.0,3,2
1286,82,1286,2647,47,0,252.95,1.78,5.38,95.56,2026-05-24 18:26:42,0,0.0,0.0,2,3
1287,135,1287,2647,47,0,252.95,1.78,5.38,95.56,2026-05-24 18:26:42,0,0.0,0.0,1,4
1288,20,1288,6566,156,0,287.6,2.38,1.84,43.8,2026-05-24 18:26:42,0,0.0,0.0,3,1
1289,73,1289,6566,156,0,287.6,2.38,1.84,43.8,2026-05-24 18:26:42,0,0.0,0.0,2,2
1290,126,1290,6566,156,0,287.6,2.38,1.84,43.8,2026-05-24 18:26:42,0,0.0,0.0,1,3
1291,29,1291,4373,156,0,-314.37,3.57,-2.02,-71.89,2026-05-24 18:26:42,0,0.0,0.0,3,2
1292,82,1292,4373,156,0,-314.37,3.57,-2.02,-71.89,2026-05-24 18:26:42,0,0.0,0.0,2,3
1293,135,1293,4373,156,0,-314.37,3.57,-2.02,-71.89,2026-05-24 18:26:42,0,0.0,0.0,1,4
1294,20,1294,12450,378,0,-521.45,3.04,-1.38,-41.88,2026-05-24 18:26:42,0,0.0,0.0,3,1
1295,73,1295,12450,378,0,-521.45,3.04,-1.38,-41.88,2026-05-24 18:26:42,0,0.0,0.0,2,2
1296,126,1296,12450,378,0,-521.45,3.04,-1.38,-41.88,2026-05-24 18:26:42,0,0.0,0.0,1,3
1297,20,1297,1543960,284,0,533.01,0.02,1.88,0.35,2026-05-24 18:26:42,0,0.0,0.0,3,1
1298,73,1298,1543960,284,0,533.01,0.02,1.88,0.35,2026-05-24 18:26:42,0,0.0,0.0,2,2
1299,126,1299,1543960,284,0,533.01,0.02,1.88,0.35,2026-05-24 18:26:42,0,0.0,0.0,1,3
1300,29,1300,6859,-266,0,549.11,-3.88,-2.06,80.06,2026-05-24 18:26:42,0,0.0,0.0,3,2
1301,82,1301,6859,-266,0,549.11,-3.88,-2.06,80.06,2026-05-24 18:26:42,0,0.0,0.0,2,3
1302,135,1302,6859,-266,0,549.11,-3.88,-2.06,80.06,2026-05-24 18:26:42,0,0.0,0.0,1,4
1303,29,1303,-11223,508,0,575.17,-4.53,1.13,-51.25,2026-05-24 18:26:42,0,0.0,0.0,3,2
1304,82,1304,-11223,508,0,575.17,-4.53,1.13,-51.25,2026-05-24 18:26:42,0,0.0,0.0,2,3
1305,135,1305,-11223,508,0,575.17,-4.53,1.13,-51.25,2026-05-24 18:26:42,0,0.0,0.0,1,4
1306,29,1306,149376,5197,0,3116.54,3.48,0.6,20.86,2026-05-24 18:26:42,0,0.0,0.0,3,2
1307,82,1307,149376,5197,0,3116.54,3.48,0.6,20.86,2026-05-24 18:26:42,0,0.0,0.0,2,3
1308,135,1308,149376,5197,0,3116.54,3.48,0.6,20.86,2026-05-24 18:26:42,0,0.0,0.0,1,4
1309,7,1309,44426,334,0,627.18,0.75,1.88,14.12,2026-05-24 18:26:42,0,0.0,0.0,2,4
1310,60,1310,44426,334,0,627.18,0.75,1.88,14.12,2026-05-24 18:26:42,0,0.0,0.0,1,1
1311,113,1311,44426,334,0,627.18,0.75,1.88,14.12,2026-05-24 18:26:42,0,0.0,0.0,3,2
1312,29,1312,19672,1949,0,634.06,9.91,0.33,32.23,2026-05-24 18:26:42,0,0.0,0.0,3,2
1313,82,1313,19672,1949,0,634.06,9.91,0.33,32.23,2026-05-24 18:26:42,0,0.0,0.0,2,3
1314,135,1314,19672,1949,0,634.06,9.91,0.33,32.23,2026-05-24 18:26:42,0,0.0,0.0,1,4
1315,29,1315,9548,379,1,635.52,3.97,1.68,66.56,2026-05-24 18:26:42,20130000,31674.85,0.26,3,2
1316,82,1316,9548,379,1,635.52,3.97,1.68,66.56,2026-05-24 18:26:42,20130000,31674.85,0.26,2,3
1317,135,1317,9548,379,1,635.52,3.97,1.68,66.56,2026-05-24 18:26:42,20130000,31674.85,0.26,1,4
1318,29,1318,22527,57200,0,927.91,253.92,0.02,41.19,2026-05-24 18:26:42,0,0.0,0.0,3,2
1319,82,1319,22527,57200,0,927.91,253.92,0.02,41.19,2026-05-24 18:26:42,0,0.0,0.0,2,3
1320,135,1320,22527,57200,0,927.91,253.92,0.02,41.19,2026-05-24 18:26:42,0,0.0,0.0,1,4
1321,20,1321,12346,345,0,979.46,2.79,2.84,79.33,2026-05-24 18:26:42,0,0.0,0.0,3,1
1322,73,1322,12346,345,0,979.46,2.79,2.84,79.33,2026-05-24 18:26:42,0,0.0,0.0,2,2
1323,126,1323,12346,345,0,979.46,2.79,2.84,79.33,2026-05-24 18:26:42,0,0.0,0.0,1,3
1324,29,1324,13288,451,0,1041.859999,3.39,2.31,78.41,2026-05-24 18:26:42,0,0.0,0.0,3,2
1325,82,1325,13288,451,0,1041.859999,3.39,2.31,78.41,2026-05-24 18:26:42,0,0.0,0.0,2,3
1326,135,1326,13288,451,0,1041.859999,3.39,2.31,78.41,2026-05-24 18:26:42,0,0.0,0.0,1,4
1327,29,1327,-5585,227,0,1101.16,-4.06,4.85,-197.16,2026-05-24 18:26:42,0,0.0,0.0,3,2
1328,82,1328,-5585,227,0,1101.16,-4.06,4.85,-197.16,2026-05-24 18:26:42,0,0.0,0.0,2,3
1329,135,1329,-5585,227,0,1101.16,-4.06,4.85,-197.16,2026-05-24 18:26:42,0,0.0,0.0,1,4
1330,29,1330,15355,-374,0,1129.18,-2.44,-3.02,73.54,2026-05-24 18:26:42,0,0.0,0.0,3,2
1331,82,1331,15355,-374,0,1129.18,-2.44,-3.02,73.54,2026-05-24 18:26:42,0,0.0,0.0,2,3
1332,135,1332,15355,-374,0,1129.18,-2.44,-3.02,73.54,2026-05-24 18:26:42,0,0.0,0.0,1,4
1333,29,1333,8379,244,0,1152.67,2.91,4.72,137.57,2026-05-24 18:26:42,0,0.0,0.0,3,2
1334,82,1334,8379,244,0,1152.67,2.91,4.72,137.57,2026-05-24 18:26:42,0,0.0,0.0,2,3
1335,135,1335,8379,244,0,1152.67,2.91,4.72,137.57,2026-05-24 18:26:42,0,0.0,0.0,1,4
1336,29,1336,32713885,17721,0,2514.74,0.05,0.14,0.08,2026-05-24 18:26:42,0,0.0,0.0,3,2
1337,82,1337,32713885,17721,0,2514.74,0.05,0.14,0.08,2026-05-24 18:26:42,0,0.0,0.0,2,3
1338,135,1338,32713885,17721,0,2514.74,0.05,0.14,0.08,2026-05-24 18:26:42,0,0.0,0.0,1,4
1339,29,1339,28381,536,0,186702.44,1.89,348.33,6578.43,2026-05-24 18:26:42,0,0.0,0.0,3,2
1340,82,1340,28381,536,0,186702.44,1.89,348.33,6578.43,2026-05-24 18:26:42,0,0.0,0.0,2,3
1341,135,1341,28381,536,0,186702.44,1.89,348.33,6578.43,2026-05-24 18:26:42,0,0.0,0.0,1,4
1342,45,1342,197488,956,0,1251.08,0.48,1.31,6.33,2026-05-24 18:26:42,0,0.0,0.0,1,2
1343,98,1343,197488,956,0,1251.08,0.48,1.31,6.33,2026-05-24 18:26:42,0,0.0,0.0,3,3
1344,151,1344,197488,956,0,1251.08,0.48,1.31,6.33,2026-05-24 18:26:42,0,0.0,0.0,2,4
1345,29,1345,2998020,396,0,1260.0,0.01,3.18,0.42,2026-05-24 18:26:42,0,0.0,0.0,3,2
1346,82,1346,2998020,396,0,1260.0,0.01,3.18,0.42,2026-05-24 18:26:42,0,0.0,0.0,2,3
1347,135,1347,2998020,396,0,1260.0,0.01,3.18,0.42,2026-05-24 18:26:42,0,0.0,0.0,1,4
1348,29,1348,7937,301,1,1298.14,3.79,4.31,163.56,2026-05-24 18:26:42,14000,10.78,0.33,3,2
1349,82,1349,7937,301,1,1298.14,3.79,4.31,163.56,2026-05-24 18:26:42,14000,10.78,0.33,2,3
1350,135,1350,7937,301,1,1298.14,3.79,4.31,163.56,2026-05-24 18:26:42,14000,10.78,0.33,1,4
1351,29,1351,19785,664,0,1476.36,3.36,2.22,74.62,2026-05-24 18:26:42,0,0.0,0.0,3,2
1352,82,1352,19785,664,0,1476.36,3.36,2.22,74.62,2026-05-24 18:26:42,0,0.0,0.0,2,3
1353,135,1353,19785,664,0,1476.36,3.36,2.22,74.62,2026-05-24 18:26:42,0,0.0,0.0,1,4
1354,40,1354,38138,169400,0,1541.02,444.18,0.01,40.41,2026-05-24 18:26:42,0,0.0,0.0,2,1
1355,93,1355,38138,169400,0,1541.02,444.18,0.01,40.41,2026-05-24 18:26:42,0,0.0,0.0,1,2
1356,146,1356,38138,169400,0,1541.02,444.18,0.01,40.41,2026-05-24 18:26:42,0,0.0,0.0,3,3
1357,29,1357,36292,338,0,1550.43,0.93,4.59,42.72,2026-05-24 18:26:42,0,0.0,0.0,3,2
1358,82,1358,36292,338,0,1550.43,0.93,4.59,42.72,2026-05-24 18:26:42,0,0.0,0.0,2,3
1359,135,1359,36292,338,0,1550.43,0.93,4.59,42.72,2026-05-24 18:26:42,0,0.0,0.0,1,4
1360,20,1360,56567,3453,0,1554.56,6.1,0.45,27.48,2026-05-24 18:26:42,0,0.0,0.0,3,1
1361,73,1361,56567,3453,0,1554.56,6.1,0.45,27.48,2026-05-24 18:26:42,0,0.0,0.0,2,2
1362,126,1362,56567,3453,0,1554.56,6.1,0.45,27.48,2026-05-24 18:26:42,0,0.0,0.0,1,3
1363,29,1363,31290,26500,0,244639.63,84.69,9.23,7818.46,2026-05-24 18:26:42,0,0.0,0.0,3,2
1364,82,1364,31290,26500,0,244639.63,84.69,9.23,7818.46,2026-05-24 18:26:42,0,0.0,0.0,2,3
1365,135,1365,31290,26500,0,244639.63,84.69,9.23,7818.46,2026-05-24 18:26:42,0,0.0,0.0,1,4
1366,29,1366,29894,1225,0,1683.74,4.1,1.37,56.32,2026-05-24 18:26:42,0,0.0,0.0,3,2
1367,82,1367,29894,1225,0,1683.74,4.1,1.37,56.32,2026-05-24 18:26:42,0,0.0,0.0,2,3
1368,135,1368,29894,1225,0,1683.74,4.1,1.37,56.32,2026-05-24 18:26:42,0,0.0,0.0,1,4
1369,20,1369,45564,874,1,1737.16,1.92,1.99,38.13,2026-05-24 18:26:42,28000,16.12,0.11,3,1
1370,73,1370,45564,874,1,1737.16,1.92,1.99,38.13,2026-05-24 18:26:42,28000,16.12,0.11,2,2
1371,126,1371,45564,874,1,1737.16,1.92,1.99,38.13,2026-05-24 18:26:42,28000,16.12,0.11,1,3
1372,29,1372,33355,100900,0,2012.03,302.5,0.02,60.32,2026-05-24 18:26:42,0,0.0,0.0,3,2
1373,82,1373,33355,100900,0,2012.03,302.5,0.02,60.32,2026-05-24 18:26:42,0,0.0,0.0,2,3
1374,135,1374,33355,100900,0,2012.03,302.5,0.02,60.32,2026-05-24 18:26:42,0,0.0,0.0,1,4
1375,4,1375,58258,3495,0,2165.69,6.0,0.62,37.17,2026-05-24 18:26:42,0,0.0,0.0,2,1
1376,57,1376,58258,3495,0,2165.69,6.0,0.62,37.17,2026-05-24 18:26:42,0,0.0,0.0,1,2
1377,110,1377,58258,3495,0,2165.69,6.0,0.62,37.17,2026-05-24 18:26:42,0,0.0,0.0,3,3
1378,29,1378,34752,1396,0,2190.37,4.02,1.57,63.03,2026-05-24 18:26:42,0,0.0,0.0,3,2
1379,82,1379,34752,1396,0,2190.37,4.02,1.57,63.03,2026-05-24 18:26:42,0,0.0,0.0,2,3
1380,135,1380,34752,1396,0,2190.37,4.02,1.57,63.03,2026-05-24 18:26:42,0,0.0,0.0,1,4
1381,20,1381,66005,6707,0,359583.85,10.16,53.61,5447.83,2026-05-24 18:26:42,0,0.0,0.0,3,1
1382,73,1382,66005,6707,0,359583.85,10.16,53.61,5447.83,2026-05-24 18:26:42,0,0.0,0.0,2,2
1383,126,1383,66005,6707,0,359583.85,10.16,53.61,5447.83,2026-05-24 18:26:42,0,0.0,0.0,1,3
1384,20,1384,82547,1070,0,2767.43,1.3,2.59,33.53,2026-05-24 18:26:42,0,0.0,0.0,3,1
1385,73,1385,82547,1070,0,2767.43,1.3,2.59,33.53,2026-05-24 18:26:42,0,0.0,0.0,2,2
1386,126,1386,82547,1070,0,2767.43,1.3,2.59,33.53,2026-05-24 18:26:42,0,0.0,0.0,1,3
1387,20,1387,30031,447,0,444015.5,1.49,993.32,14785.24,2026-05-24 18:26:42,0,0.0,0.0,3,1
1388,73,1388,30031,447,0,444015.5,1.49,993.32,14785.24,2026-05-24 18:26:42,0,0.0,0.0,2,2
1389,126,1389,30031,447,0,444015.5,1.49,993.32,14785.24,2026-05-24 18:26:42,0,0.0,0.0,1,3
1390,20,1390,38433,882,1,3100.97,2.29,3.52,80.69,2026-05-24 18:26:42,20000,6.45,0.11,3,1
1391,73,1391,38433,882,1,3100.97,2.29,3.52,80.69,2026-05-24 18:26:42,20000,6.45,0.11,2,2
1392,126,1392,38433,882,1,3100.97,2.29,3.52,80.69,2026-05-24 18:26:42,20000,6.45,0.11,1,3
1393,20,1393,16387465,7409,0,3312.66,0.05,0.45,0.2,2026-05-24 18:26:42,0,0.0,0.0,3,1
1394,73,1394,16387465,7409,0,3312.66,0.05,0.45,0.2,2026-05-24 18:26:42,0,0.0,0.0,2,2
1395,126,1395,16387465,7409,0,3312.66,0.05,0.45,0.2,2026-05-24 18:26:42,0,0.0,0.0,1,3
1396,29,1396,228623,1924,0,-3383.56,0.84,-1.76,-14.8,2026-05-24 18:26:42,0,0.0,0.0,3,2
1397,82,1397,228623,1924,0,-3383.56,0.84,-1.76,-14.8,2026-05-24 18:26:42,0,0.0,0.0,2,3
1398,135,1398,228623,1924,0,-3383.56,0.84,-1.76,-14.8,2026-05-24 18:26:42,0,0.0,0.0,1,4
1399,20,1399,130881,8495,0,3639.4,6.49,0.43,27.81,2026-05-24 18:26:42,0,0.0,0.0,3,1
1400,73,1400,130881,8495,0,3639.4,6.49,0.43,27.81,2026-05-24 18:26:42,0,0.0,0.0,2,2
1401,126,1401,130881,8495,0,3639.4,6.49,0.43,27.81,2026-05-24 18:26:42,0,0.0,0.0,1,3
1402,30,1402,19,1,0,3.681111,5.26,3.68,193.74,2026-05-24 18:26:42,0,0.0,0.0,1,3
1403,83,1403,19,1,0,3.681111,5.26,3.68,193.74,2026-05-24 18:26:42,0,0.0,0.0,3,4
1404,136,1404,19,1,0,3.681111,5.26,3.68,193.74,2026-05-24 18:26:42,0,0.0,0.0,2,1
1405,30,1405,39,2,0,11.34,5.13,5.67,290.77,2026-05-24 18:26:42,0,0.0,0.0,1,3
1406,83,1406,39,2,0,11.34,5.13,5.67,290.77,2026-05-24 18:26:42,0,0.0,0.0,3,4
1407,136,1407,39,2,0,11.34,5.13,5.67,290.77,2026-05-24 18:26:42,0,0.0,0.0,2,1
1408,30,1408,195,9,0,43.79,4.62,4.87,224.56,2026-05-24 18:26:42,0,0.0,0.0,1,3
1409,83,1409,195,9,0,43.79,4.62,4.87,224.56,2026-05-24 18:26:42,0,0.0,0.0,3,4
1410,136,1410,195,9,0,43.79,4.62,4.87,224.56,2026-05-24 18:26:42,0,0.0,0.0,2,1
1411,8,1411,345,9,0,108.73,2.61,12.08,315.16,2026-05-24 18:26:42,0,0.0,0.0,3,1
1412,61,1412,345,9,0,108.73,2.61,12.08,315.16,2026-05-24 18:26:42,0,0.0,0.0,2,2
1413,114,1413,345,9,0,108.73,2.61,12.08,315.16,2026-05-24 18:26:42,0,0.0,0.0,1,3
1414,30,1414,5858,51,0,131703.50630100002,0.87,2582.42,22482.67,2026-05-24 18:26:42,0,0.0,0.0,1,3
1415,83,1415,5858,51,0,131703.50630100002,0.87,2582.42,22482.67,2026-05-24 18:26:42,0,0.0,0.0,3,4
1416,136,1416,5858,51,0,131703.50630100002,0.87,2582.42,22482.67,2026-05-24 18:26:42,0,0.0,0.0,2,1
1417,30,1417,0,0,0,0.0,,,,2026-05-24 18:26:42,0,,,1,3
1418,83,1418,0,0,0,0.0,,,,2026-05-24 18:26:42,0,,,3,4
1419,136,1419,0,0,0,0.0,,,,2026-05-24 18:26:42,0,,,2,1
1420,35,1420,0,0,0,0.0,,,,2026-05-24 18:26:42,0,,,3,4
1421,88,1421,0,0,0,0.0,,,,2026-05-24 18:26:42,0,,,2,1
1422,141,1422,0,0,0,0.0,,,,2026-05-24 18:26:42,0,,,1,2
1423,35,1423,54,7,0,-21.28,12.96,-3.04,-394.07,2026-05-24 18:26:42,0,0.0,0.0,3,4
1424,88,1424,54,7,0,-21.28,12.96,-3.04,-394.07,2026-05-24 18:26:42,0,0.0,0.0,2,1
1425,141,1425,54,7,0,-21.28,12.96,-3.04,-394.07,2026-05-24 18:26:42,0,0.0,0.0,1,2
1426,35,1426,-188,14,0,5919.200000000001,-7.45,422.8,-31485.11,2026-05-24 18:26:42,0,0.0,0.0,3,4
1427,88,1427,-188,14,0,5919.200000000001,-7.45,422.8,-31485.11,2026-05-24 18:26:42,0,0.0,0.0,2,1
1428,141,1428,-188,14,0,5919.200000000001,-7.45,422.8,-31485.11,2026-05-24 18:26:42,0,0.0,0.0,1,2
1429,35,1429,246,17,0,45.43,6.91,2.67,184.67,2026-05-24 18:26:42,0,0.0,0.0,3,4
1430,88,1430,246,17,0,45.43,6.91,2.67,184.67,2026-05-24 18:26:42,0,0.0,0.0,2,1
1431,141,1431,246,17,0,45.43,6.91,2.67,184.67,2026-05-24 18:26:42,0,0.0,0.0,1,2
1432,35,1432,865,68,0,125.73,7.86,1.85,145.35,2026-05-24 18:26:42,0,0.0,0.0,3,4
1433,88,1433,865,68,0,125.73,7.86,1.85,145.35,2026-05-24 18:26:42,0,0.0,0.0,2,1
1434,141,1434,865,68,0,125.73,7.86,1.85,145.35,2026-05-24 18:26:42,0,0.0,0.0,1,2
1435,35,1435,782,104,0,299.48,13.3,2.88,382.97,2026-05-24 18:26:42,0,0.0,0.0,3,4
1436,88,1436,782,104,0,299.48,13.3,2.88,382.97,2026-05-24 18:26:42,0,0.0,0.0,2,1
1437,141,1437,782,104,0,299.48,13.3,2.88,382.97,2026-05-24 18:26:42,0,0.0,0.0,1,2
1438,30,1438,-1111,30,1,528.11,-2.7,17.6,-475.35,2026-05-24 18:26:42,85000,160.95,3.33,1,3
1439,83,1439,-1111,30,1,528.11,-2.7,17.6,-475.35,2026-05-24 18:26:42,85000,160.95,3.33,3,4
1440,136,1440,-1111,30,1,528.11,-2.7,17.6,-475.35,2026-05-24 18:26:42,85000,160.95,3.33,2,1
1441,30,1441,1008,24,82,711.830626,2.38,29.66,706.18,2026-05-24 18:26:42,105000,147.51,341.67,1,3
1442,83,1442,1008,24,82,711.830626,2.38,29.66,706.18,2026-05-24 18:26:42,105000,147.51,341.67,3,4
1443,136,1443,1008,24,82,711.830626,2.38,29.66,706.18,2026-05-24 18:26:42,105000,147.51,341.67,2,1
1444,30,1444,1319,15,0,897.79,1.14,59.85,680.66,2026-05-24 18:26:42,0,0.0,0.0,1,3
1445,83,1445,1319,15,0,897.79,1.14,59.85,680.66,2026-05-24 18:26:42,0,0.0,0.0,3,4
1446,136,1446,1319,15,0,897.79,1.14,59.85,680.66,2026-05-24 18:26:42,0,0.0,0.0,2,1
1447,30,1447,1874,2200,0,945.324479,117.4,0.43,504.44,2026-05-24 18:26:42,0,0.0,0.0,1,3
1448,83,1448,1874,2200,0,945.324479,117.4,0.43,504.44,2026-05-24 18:26:42,0,0.0,0.0,3,4
1449,136,1449,1874,2200,0,945.324479,117.4,0.43,504.44,2026-05-24 18:26:42,0,0.0,0.0,2,1
1450,30,1450,3569,3300,0,1370.425467,92.46,0.42,383.98,2026-05-24 18:26:42,0,0.0,0.0,1,3
1451,83,1451,3569,3300,0,1370.425467,92.46,0.42,383.98,2026-05-24 18:26:42,0,0.0,0.0,3,4
1452,136,1452,3569,3300,0,1370.425467,92.46,0.42,383.98,2026-05-24 18:26:42,0,0.0,0.0,2,1
1453,30,1453,8150,69,0,1456.274533,0.85,21.11,178.68,2026-05-24 18:26:42,0,0.0,0.0,1,3
1454,83,1454,8150,69,0,1456.274533,0.85,21.11,178.68,2026-05-24 18:26:42,0,0.0,0.0,3,4
1455,136,1455,8150,69,0,1456.274533,0.85,21.11,178.68,2026-05-24 18:26:42,0,0.0,0.0,2,1
1456,22,1456,0,0,1,0.0,,,,2026-05-24 18:26:42,13615200,,,2,3
1457,75,1457,0,0,1,0.0,,,,2026-05-24 18:26:42,13615200,,,1,4
1458,128,1458,0,0,1,0.0,,,,2026-05-24 18:26:42,13615200,,,3,1
1459,31,1459,0,0,0,0.0,,,,2026-05-24 18:26:42,0,,,2,4
1460,84,1460,0,0,0,0.0,,,,2026-05-24 18:26:42,0,,,1,1
1461,137,1461,0,0,0,0.0,,,,2026-05-24 18:26:42,0,,,3,2
1462,31,1462,0,0,0,0.0,,,,2026-05-24 18:26:42,0,,,2,4
1463,84,1463,0,0,0,0.0,,,,2026-05-24 18:26:42,0,,,1,1
1464,137,1464,0,0,0,0.0,,,,2026-05-24 18:26:42,0,,,3,2
1465,34,1465,0,0,0,0.0,,,,2026-05-24 18:26:42,0,,,2,3
1466,87,1466,0,0,0,0.0,,,,2026-05-24 18:26:42,0,,,1,4
1467,140,1467,0,0,0,0.0,,,,2026-05-24 18:26:42,0,,,3,1
1468,34,1468,0,0,0,0.0,,,,2026-05-24 18:26:42,0,,,2,3
1469,87,1469,0,0,0,0.0,,,,2026-05-24 18:26:42,0,,,1,4
1470,140,1470,0,0,0,0.0,,,,2026-05-24 18:26:42,0,,,3,1
1471,14,1471,0,0,0,0.0,,,,2026-05-24 18:26:42,0,,,3,3
1472,67,1472,0,0,0,0.0,,,,2026-05-24 18:26:42,0,,,2,4
1473,120,1473,0,0,0,0.0,,,,2026-05-24 18:26:42,0,,,1,1
1474,36,1474,-1,1,0,0.5,-100.0,0.5,-500.0,2026-05-24 18:26:42,0,0.0,0.0,1,1
1475,89,1475,-1,1,0,0.5,-100.0,0.5,-500.0,2026-05-24 18:26:42,0,0.0,0.0,3,2
1476,142,1476,-1,1,0,0.5,-100.0,0.5,-500.0,2026-05-24 18:26:42,0,0.0,0.0,2,3
1477,19,1477,1,0,0,-0.89,0.0,,-890.0,2026-05-24 18:26:42,0,0.0,,2,4
1478,72,1478,1,0,0,-0.89,0.0,,-890.0,2026-05-24 18:26:42,0,0.0,,1,1
1479,125,1479,1,0,0,-0.89,0.0,,-890.0,2026-05-24 18:26:42,0,0.0,,3,2
1480,19,1480,1,0,0,0.98,0.0,,980.0,2026-05-24 18:26:42,0,0.0,,2,4
1481,72,1481,1,0,0,0.98,0.0,,980.0,2026-05-24 18:26:42,0,0.0,,1,1
1482,125,1482,1,0,0,0.98,0.0,,980.0,2026-05-24 18:26:42,0,0.0,,3,2
1483,36,1483,2,0,0,0.98,0.0,,490.0,2026-05-24 18:26:42,0,0.0,,1,1
1484,89,1484,2,0,0,0.98,0.0,,490.0,2026-05-24 18:26:42,0,0.0,,3,2
1485,142,1485,2,0,0,0.98,0.0,,490.0,2026-05-24 18:26:42,0,0.0,,2,3
1486,31,1486,3,0,0,197.81,0.0,,65936.67,2026-05-24 18:26:42,0,0.0,,2,4
1487,84,1487,3,0,0,197.81,0.0,,65936.67,2026-05-24 18:26:42,0,0.0,,1,1
1488,137,1488,3,0,0,197.81,0.0,,65936.67,2026-05-24 18:26:42,0,0.0,,3,2
1489,36,1489,3,0,0,1.33,0.0,,443.33,2026-05-24 18:26:42,0,0.0,,1,1
1490,89,1490,3,0,0,1.33,0.0,,443.33,2026-05-24 18:26:42,0,0.0,,3,2
1491,142,1491,3,0,0,1.33,0.0,,443.33,2026-05-24 18:26:42,0,0.0,,2,3
1492,36,1492,3,1,0,3.54,33.33,3.54,1180.0,2026-05-24 18:26:42,0,0.0,0.0,1,1
1493,89,1493,3,1,0,3.54,33.33,3.54,1180.0,2026-05-24 18:26:42,0,0.0,0.0,3,2
1494,142,1494,3,1,0,3.54,33.33,3.54,1180.0,2026-05-24 18:26:42,0,0.0,0.0,2,3
1495,36,1495,8,1,0,4.32,12.5,4.32,540.0,2026-05-24 18:26:42,0,0.0,0.0,1,1
1496,89,1496,8,1,0,4.32,12.5,4.32,540.0,2026-05-24 18:26:42,0,0.0,0.0,3,2
1497,142,1497,8,1,0,4.32,12.5,4.32,540.0,2026-05-24 18:26:42,0,0.0,0.0,2,3
1498,34,1498,7,0,0,4.47,0.0,,638.57,2026-05-24 18:26:42,0,0.0,,2,3
1499,87,1499,7,0,0,4.47,0.0,,638.57,2026-05-24 18:26:42,0,0.0,,1,4
1500,140,1500,7,0,0,4.47,0.0,,638.57,2026-05-24 18:26:42,0,0.0,,3,1
1501,33,1501,6,0,0,5.24,0.0,,873.33,2026-05-24 18:26:42,0,0.0,,1,2
1502,86,1502,6,0,0,5.24,0.0,,873.33,2026-05-24 18:26:42,0,0.0,,3,3
1503,139,1503,6,0,0,5.24,0.0,,873.33,2026-05-24 18:26:42,0,0.0,,2,4
1504,36,1504,9,0,0,7.12,0.0,,791.11,2026-05-24 18:26:42,0,0.0,,1,1
1505,89,1505,9,0,0,7.12,0.0,,791.11,2026-05-24 18:26:42,0,0.0,,3,2
1506,142,1506,9,0,0,7.12,0.0,,791.11,2026-05-24 18:26:42,0,0.0,,2,3
1507,36,1507,2465,2,0,12.37,0.08,6.18,5.02,2026-05-24 18:26:42,0,0.0,0.0,1,1
1508,89,1508,2465,2,0,12.37,0.08,6.18,5.02,2026-05-24 18:26:42,0,0.0,0.0,3,2
1509,142,1509,2465,2,0,12.37,0.08,6.18,5.02,2026-05-24 18:26:42,0,0.0,0.0,2,3
1510,11,1510,6,0,0,15.43,0.0,,2571.67,2026-05-24 18:26:42,0,0.0,,3,4
1511,64,1511,6,0,0,15.43,0.0,,2571.67,2026-05-24 18:26:42,0,0.0,,2,1
1512,117,1512,6,0,0,15.43,0.0,,2571.67,2026-05-24 18:26:42,0,0.0,,1,2
1513,36,1513,49,5,0,3856.54,10.2,771.31,78704.9,2026-05-24 18:26:42,0,0.0,0.0,1,1
1514,89,1514,49,5,0,3856.54,10.2,771.31,78704.9,2026-05-24 18:26:42,0,0.0,0.0,3,2
1515,142,1515,49,5,0,3856.54,10.2,771.31,78704.9,2026-05-24 18:26:42,0,0.0,0.0,2,3
1516,33,1516,26,100,0,30.51,384.62,0.31,1173.46,2026-05-24 18:26:42,0,0.0,0.0,1,2
1517,86,1517,26,100,0,30.51,384.62,0.31,1173.46,2026-05-24 18:26:42,0,0.0,0.0,3,3
1518,139,1518,26,100,0,30.51,384.62,0.31,1173.46,2026-05-24 18:26:42,0,0.0,0.0,2,4
1519,19,1519,13,1,0,32.46,7.69,32.46,2496.92,2026-05-24 18:26:42,0,0.0,0.0,2,4
1520,72,1520,13,1,0,32.46,7.69,32.46,2496.92,2026-05-24 18:26:42,0,0.0,0.0,1,1
1521,125,1521,13,1,0,32.46,7.69,32.46,2496.92,2026-05-24 18:26:42,0,0.0,0.0,3,2
1522,34,1522,3770,300,0,41.98,7.96,0.14,11.14,2026-05-24 18:26:42,0,0.0,0.0,2,3
1523,87,1523,3770,300,0,41.98,7.96,0.14,11.14,2026-05-24 18:26:42,0,0.0,0.0,1,4
1524,140,1524,3770,300,0,41.98,7.96,0.14,11.14,2026-05-24 18:26:42,0,0.0,0.0,3,1
1525,33,1525,14,0,0,46.29,0.0,,3306.43,2026-05-24 18:26:42,0,0.0,,1,2
1526,86,1526,14,0,0,46.29,0.0,,3306.43,2026-05-24 18:26:42,0,0.0,,3,3
1527,139,1527,14,0,0,46.29,0.0,,3306.43,2026-05-24 18:26:42,0,0.0,,2,4
1528,31,1528,14,1,0,52.46,7.14,52.46,3747.14,2026-05-24 18:26:42,0,0.0,0.0,2,4
1529,84,1529,14,1,0,52.46,7.14,52.46,3747.14,2026-05-24 18:26:42,0,0.0,0.0,1,1
1530,137,1530,14,1,0,52.46,7.14,52.46,3747.14,2026-05-24 18:26:42,0,0.0,0.0,3,2
1531,31,1531,65,3,0,74.73,4.62,24.91,1149.69,2026-05-24 18:26:42,0,0.0,0.0,2,4
1532,84,1532,65,3,0,74.73,4.62,24.91,1149.69,2026-05-24 18:26:42,0,0.0,0.0,1,1
1533,137,1533,65,3,0,74.73,4.62,24.91,1149.69,2026-05-24 18:26:42,0,0.0,0.0,3,2
1534,33,1534,61,3,0,95.77,4.92,31.92,1570.0,2026-05-24 18:26:42,0,0.0,0.0,1,2
1535,86,1535,61,3,0,95.77,4.92,31.92,1570.0,2026-05-24 18:26:42,0,0.0,0.0,3,3
1536,139,1536,61,3,0,95.77,4.92,31.92,1570.0,2026-05-24 18:26:42,0,0.0,0.0,2,4
1537,34,1537,75,5,0,-96.32,6.67,-19.26,-1284.27,2026-05-24 18:26:42,0,0.0,0.0,2,3
1538,87,1538,75,5,0,-96.32,6.67,-19.26,-1284.27,2026-05-24 18:26:42,0,0.0,0.0,1,4
1539,140,1539,75,5,0,-96.32,6.67,-19.26,-1284.27,2026-05-24 18:26:42,0,0.0,0.0,3,1
1540,34,1540,65,3,0,98.44,4.62,32.81,1514.46,2026-05-24 18:26:42,0,0.0,0.0,2,3
1541,87,1541,65,3,0,98.44,4.62,32.81,1514.46,2026-05-24 18:26:42,0,0.0,0.0,1,4
1542,140,1542,65,3,0,98.44,4.62,32.81,1514.46,2026-05-24 18:26:42,0,0.0,0.0,3,1
1543,21,1543,69,3,0,101.24,4.35,33.75,1467.25,2026-05-24 18:26:42,0,0.0,0.0,1,2
1544,74,1544,69,3,0,101.24,4.35,33.75,1467.25,2026-05-24 18:26:42,0,0.0,0.0,3,3
1545,127,1545,69,3,0,101.24,4.35,33.75,1467.25,2026-05-24 18:26:42,0,0.0,0.0,2,4
1546,31,1546,79,7,0,-101.28,8.86,-14.47,-1282.03,2026-05-24 18:26:42,0,0.0,0.0,2,4
1547,84,1547,79,7,0,-101.28,8.86,-14.47,-1282.03,2026-05-24 18:26:42,0,0.0,0.0,1,1
1548,137,1548,79,7,0,-101.28,8.86,-14.47,-1282.03,2026-05-24 18:26:42,0,0.0,0.0,3,2
1549,36,1549,175,23,0,-108.52,13.14,-4.72,-620.11,2026-05-24 18:26:42,0,0.0,0.0,1,1
1550,89,1550,175,23,0,-108.52,13.14,-4.72,-620.11,2026-05-24 18:26:42,0,0.0,0.0,3,2
1551,142,1551,175,23,0,-108.52,13.14,-4.72,-620.11,2026-05-24 18:26:42,0,0.0,0.0,2,3
1552,52,1552,233,26,0,16665.87,11.16,641.0,71527.34,2026-05-24 18:26:42,0,0.0,0.0,2,1
1553,105,1553,233,26,0,16665.87,11.16,641.0,71527.34,2026-05-24 18:26:42,0,0.0,0.0,1,2
1554,158,1554,233,26,0,16665.87,11.16,641.0,71527.34,2026-05-24 18:26:42,0,0.0,0.0,3,3
1555,36,1555,362,20,0,125.5,5.52,6.28,346.69,2026-05-24 18:26:42,0,0.0,0.0,1,1
1556,89,1556,362,20,0,125.5,5.52,6.28,346.69,2026-05-24 18:26:42,0,0.0,0.0,3,2
1557,142,1557,362,20,0,125.5,5.52,6.28,346.69,2026-05-24 18:26:42,0,0.0,0.0,2,3
1558,33,1558,9425,2,0,20658.31,0.02,10329.16,2191.86,2026-05-24 18:26:42,0,0.0,0.0,1,2
1559,86,1559,9425,2,0,20658.31,0.02,10329.16,2191.86,2026-05-24 18:26:42,0,0.0,0.0,3,3
1560,139,1560,9425,2,0,20658.31,0.02,10329.16,2191.86,2026-05-24 18:26:42,0,0.0,0.0,2,4
1561,33,1561,73,2,0,146.7,2.74,73.35,2009.59,2026-05-24 18:26:42,0,0.0,0.0,1,2
1562,86,1562,73,2,0,146.7,2.74,73.35,2009.59,2026-05-24 18:26:42,0,0.0,0.0,3,3
1563,139,1563,73,2,0,146.7,2.74,73.35,2009.59,2026-05-24 18:26:42,0,0.0,0.0,2,4
1564,34,1564,109,200,0,149.4,183.49,0.75,1370.64,2026-05-24 18:26:42,0,0.0,0.0,2,3
1565,87,1565,109,200,0,149.4,183.49,0.75,1370.64,2026-05-24 18:26:42,0,0.0,0.0,1,4
1566,140,1566,109,200,0,149.4,183.49,0.75,1370.64,2026-05-24 18:26:42,0,0.0,0.0,3,1
1567,33,1567,113,2,0,158.61,1.77,79.31,1403.63,2026-05-24 18:26:42,0,0.0,0.0,1,2
1568,86,1568,113,2,0,158.61,1.77,79.31,1403.63,2026-05-24 18:26:42,0,0.0,0.0,3,3
1569,139,1569,113,2,0,158.61,1.77,79.31,1403.63,2026-05-24 18:26:42,0,0.0,0.0,2,4
1570,49,1570,50,2,0,168.341896,4.0,84.17,3366.84,2026-05-24 18:26:42,0,0.0,0.0,2,2
1571,102,1571,50,2,0,168.341896,4.0,84.17,3366.84,2026-05-24 18:26:42,0,0.0,0.0,1,3
1572,155,1572,50,2,0,168.341896,4.0,84.17,3366.84,2026-05-24 18:26:42,0,0.0,0.0,3,4
1573,34,1573,90,5,0,180.47,5.56,36.09,2005.22,2026-05-24 18:26:42,0,0.0,0.0,2,3
1574,87,1574,90,5,0,180.47,5.56,36.09,2005.22,2026-05-24 18:26:42,0,0.0,0.0,1,4
1575,140,1575,90,5,0,180.47,5.56,36.09,2005.22,2026-05-24 18:26:42,0,0.0,0.0,3,1
1576,19,1576,118,16,0,191.29,13.56,11.96,1621.1,2026-05-24 18:26:42,0,0.0,0.0,2,4
1577,72,1577,118,16,0,191.29,13.56,11.96,1621.1,2026-05-24 18:26:42,0,0.0,0.0,1,1
1578,125,1578,118,16,0,191.29,13.56,11.96,1621.1,2026-05-24 18:26:42,0,0.0,0.0,3,2
1579,33,1579,99,3,0,245.38,3.03,81.79,2478.59,2026-05-24 18:26:42,0,0.0,0.0,1,2
1580,86,1580,99,3,0,245.38,3.03,81.79,2478.59,2026-05-24 18:26:42,0,0.0,0.0,3,3
1581,139,1581,99,3,0,245.38,3.03,81.79,2478.59,2026-05-24 18:26:42,0,0.0,0.0,2,4
1582,31,1582,106,6,0,248.38,5.66,41.4,2343.21,2026-05-24 18:26:42,0,0.0,0.0,2,4
1583,84,1583,106,6,0,248.38,5.66,41.4,2343.21,2026-05-24 18:26:42,0,0.0,0.0,1,1
1584,137,1584,106,6,0,248.38,5.66,41.4,2343.21,2026-05-24 18:26:42,0,0.0,0.0,3,2
1585,34,1585,112,6,0,277.82,5.36,46.3,2480.54,2026-05-24 18:26:42,0,0.0,0.0,2,3
1586,87,1586,112,6,0,277.82,5.36,46.3,2480.54,2026-05-24 18:26:42,0,0.0,0.0,1,4
1587,140,1587,112,6,0,277.82,5.36,46.3,2480.54,2026-05-24 18:26:42,0,0.0,0.0,3,1
1588,21,1588,170,12,0,282.41,7.06,23.53,1661.24,2026-05-24 18:26:42,0,0.0,0.0,1,2
1589,74,1589,170,12,0,282.41,7.06,23.53,1661.24,2026-05-24 18:26:42,0,0.0,0.0,3,3
1590,127,1590,170,12,0,282.41,7.06,23.53,1661.24,2026-05-24 18:26:42,0,0.0,0.0,2,4
1591,36,1591,412,76,0,292.98,18.45,3.86,711.12,2026-05-24 18:26:42,0,0.0,0.0,1,1
1592,89,1592,412,76,0,292.98,18.45,3.86,711.12,2026-05-24 18:26:42,0,0.0,0.0,3,2
1593,142,1593,412,76,0,292.98,18.45,3.86,711.12,2026-05-24 18:26:42,0,0.0,0.0,2,3
1594,36,1594,428,86,0,304.9,20.09,3.55,712.38,2026-05-24 18:26:42,0,0.0,0.0,1,1
1595,89,1595,428,86,0,304.9,20.09,3.55,712.38,2026-05-24 18:26:42,0,0.0,0.0,3,2
1596,142,1596,428,86,0,304.9,20.09,3.55,712.38,2026-05-24 18:26:42,0,0.0,0.0,2,3
1597,34,1597,207,6,0,321.81,2.9,53.63,1554.64,2026-05-24 18:26:42,0,0.0,0.0,2,3
1598,87,1598,207,6,0,321.81,2.9,53.63,1554.64,2026-05-24 18:26:42,0,0.0,0.0,1,4
1599,140,1599,207,6,0,321.81,2.9,53.63,1554.64,2026-05-24 18:26:42,0,0.0,0.0,3,1
1600,31,1600,156,13,0,355.35,8.33,27.33,2277.88,2026-05-24 18:26:42,0,0.0,0.0,2,4
1601,84,1601,156,13,0,355.35,8.33,27.33,2277.88,2026-05-24 18:26:42,0,0.0,0.0,1,1
1602,137,1602,156,13,0,355.35,8.33,27.33,2277.88,2026-05-24 18:26:42,0,0.0,0.0,3,2
1603,21,1603,331,14,0,369.27,4.23,26.38,1115.62,2026-05-24 18:26:42,0,0.0,0.0,1,2
1604,74,1604,331,14,0,369.27,4.23,26.38,1115.62,2026-05-24 18:26:42,0,0.0,0.0,3,3
1605,127,1605,331,14,0,369.27,4.23,26.38,1115.62,2026-05-24 18:26:42,0,0.0,0.0,2,4
1606,21,1606,260,10,0,372.17,3.85,37.22,1431.42,2026-05-24 18:26:42,0,0.0,0.0,1,2
1607,74,1607,260,10,0,372.17,3.85,37.22,1431.42,2026-05-24 18:26:42,0,0.0,0.0,3,3
1608,127,1608,260,10,0,372.17,3.85,37.22,1431.42,2026-05-24 18:26:42,0,0.0,0.0,2,4
1609,31,1609,110,8,0,384.09,7.27,48.01,3491.73,2026-05-24 18:26:42,0,0.0,0.0,2,4
1610,84,1610,110,8,0,384.09,7.27,48.01,3491.73,2026-05-24 18:26:42,0,0.0,0.0,1,1
1611,137,1611,110,8,0,384.09,7.27,48.01,3491.73,2026-05-24 18:26:42,0,0.0,0.0,3,2
1612,19,1612,194,26,0,405.04,13.4,15.58,2087.84,2026-05-24 18:26:42,0,0.0,0.0,2,4
1613,72,1613,194,26,0,405.04,13.4,15.58,2087.84,2026-05-24 18:26:42,0,0.0,0.0,1,1
1614,125,1614,194,26,0,405.04,13.4,15.58,2087.84,2026-05-24 18:26:42,0,0.0,0.0,3,2
1615,19,1615,100,16,0,407.71,16.0,25.48,4077.1,2026-05-24 18:26:42,0,0.0,0.0,2,4
1616,72,1616,100,16,0,407.71,16.0,25.48,4077.1,2026-05-24 18:26:42,0,0.0,0.0,1,1
1617,125,1617,100,16,0,407.71,16.0,25.48,4077.1,2026-05-24 18:26:42,0,0.0,0.0,3,2
1618,34,1618,228,13,0,413.96,5.7,31.84,1815.61,2026-05-24 18:26:42,0,0.0,0.0,2,3
1619,87,1619,228,13,0,413.96,5.7,31.84,1815.61,2026-05-24 18:26:42,0,0.0,0.0,1,4
1620,140,1620,228,13,0,413.96,5.7,31.84,1815.61,2026-05-24 18:26:42,0,0.0,0.0,3,1
1621,19,1621,27260,25,0,422.32,0.09,16.89,15.49,2026-05-24 18:26:42,0,0.0,0.0,2,4
1622,72,1622,27260,25,0,422.32,0.09,16.89,15.49,2026-05-24 18:26:42,0,0.0,0.0,1,1
1623,125,1623,27260,25,0,422.32,0.09,16.89,15.49,2026-05-24 18:26:42,0,0.0,0.0,3,2
1624,34,1624,259,-14,0,423.53,-5.41,-30.25,1635.25,2026-05-24 18:26:42,0,0.0,0.0,2,3
1625,87,1625,259,-14,0,423.53,-5.41,-30.25,1635.25,2026-05-24 18:26:42,0,0.0,0.0,1,4
1626,140,1626,259,-14,0,423.53,-5.41,-30.25,1635.25,2026-05-24 18:26:42,0,0.0,0.0,3,1
1627,31,1627,202,-21,0,423.58,-10.4,-20.17,2096.93,2026-05-24 18:26:42,0,0.0,0.0,2,4
1628,84,1628,202,-21,0,423.58,-10.4,-20.17,2096.93,2026-05-24 18:26:42,0,0.0,0.0,1,1
1629,137,1629,202,-21,0,423.58,-10.4,-20.17,2096.93,2026-05-24 18:26:42,0,0.0,0.0,3,2
1630,33,1630,228,23,0,439.97,10.09,19.13,1929.69,2026-05-24 18:26:42,0,0.0,0.0,1,2
1631,86,1631,228,23,0,439.97,10.09,19.13,1929.69,2026-05-24 18:26:42,0,0.0,0.0,3,3
1632,139,1632,228,23,0,439.97,10.09,19.13,1929.69,2026-05-24 18:26:42,0,0.0,0.0,2,4
1633,19,1633,36830,26,0,467.63,0.07,17.99,12.7,2026-05-24 18:26:42,0,0.0,0.0,2,4
1634,72,1634,36830,26,0,467.63,0.07,17.99,12.7,2026-05-24 18:26:42,0,0.0,0.0,1,1
1635,125,1635,36830,26,0,467.63,0.07,17.99,12.7,2026-05-24 18:26:42,0,0.0,0.0,3,2
1636,16,1636,429,17,0,530.85,3.96,31.23,1237.41,2026-05-24 18:26:42,0,0.0,0.0,2,1
1637,69,1637,429,17,0,530.85,3.96,31.23,1237.41,2026-05-24 18:26:42,0,0.0,0.0,1,2
1638,122,1638,429,17,0,530.85,3.96,31.23,1237.41,2026-05-24 18:26:42,0,0.0,0.0,3,3
1639,34,1639,441,-6,0,543.02,-1.36,-90.5,1231.34,2026-05-24 18:26:42,0,0.0,0.0,2,3
1640,87,1640,441,-6,0,543.02,-1.36,-90.5,1231.34,2026-05-24 18:26:42,0,0.0,0.0,1,4
1641,140,1641,441,-6,0,543.02,-1.36,-90.5,1231.34,2026-05-24 18:26:42,0,0.0,0.0,3,1
1642,31,1642,272,20,0,555.02,7.35,27.75,2040.51,2026-05-24 18:26:42,0,0.0,0.0,2,4
1643,84,1643,272,20,0,555.02,7.35,27.75,2040.51,2026-05-24 18:26:42,0,0.0,0.0,1,1
1644,137,1644,272,20,0,555.02,7.35,27.75,2040.51,2026-05-24 18:26:42,0,0.0,0.0,3,2
1645,34,1645,430,8,0,599.61,1.86,74.95,1394.44,2026-05-24 18:26:42,0,0.0,0.0,2,3
1646,87,1646,430,8,0,599.61,1.86,74.95,1394.44,2026-05-24 18:26:42,0,0.0,0.0,1,4
1647,140,1647,430,8,0,599.61,1.86,74.95,1394.44,2026-05-24 18:26:42,0,0.0,0.0,3,1
1648,21,1648,72355,19,0,661.98,0.03,34.84,9.15,2026-05-24 18:26:42,0,0.0,0.0,1,2
1649,74,1649,72355,19,0,661.98,0.03,34.84,9.15,2026-05-24 18:26:42,0,0.0,0.0,3,3
1650,127,1650,72355,19,0,661.98,0.03,34.84,9.15,2026-05-24 18:26:42,0,0.0,0.0,2,4
1651,47,1651,-289,28,0,670.39,-9.69,23.94,-2319.69,2026-05-24 18:26:42,0,0.0,0.0,3,4
1652,100,1652,-289,28,0,670.39,-9.69,23.94,-2319.69,2026-05-24 18:26:42,0,0.0,0.0,2,1
1653,153,1653,-289,28,0,670.39,-9.69,23.94,-2319.69,2026-05-24 18:26:42,0,0.0,0.0,1,2
1654,19,1654,391,54,0,-677.26,13.81,-12.54,-1732.12,2026-05-24 18:26:42,0,0.0,0.0,2,4
1655,72,1655,391,54,0,-677.26,13.81,-12.54,-1732.12,2026-05-24 18:26:42,0,0.0,0.0,1,1
1656,125,1656,391,54,0,-677.26,13.81,-12.54,-1732.12,2026-05-24 18:26:42,0,0.0,0.0,3,2
1657,31,1657,344,24,0,706.58,6.98,29.44,2054.01,2026-05-24 18:26:42,0,0.0,0.0,2,4
1658,84,1658,344,24,0,706.58,6.98,29.44,2054.01,2026-05-24 18:26:42,0,0.0,0.0,1,1
1659,137,1659,344,24,0,706.58,6.98,29.44,2054.01,2026-05-24 18:26:42,0,0.0,0.0,3,2
1660,31,1660,52490,26,0,708.44,0.05,27.25,13.5,2026-05-24 18:26:42,0,0.0,0.0,2,4
1661,84,1661,52490,26,0,708.44,0.05,27.25,13.5,2026-05-24 18:26:42,0,0.0,0.0,1,1
1662,137,1662,52490,26,0,708.44,0.05,27.25,13.5,2026-05-24 18:26:42,0,0.0,0.0,3,2
1663,21,1663,541,36,0,753.11,6.65,20.92,1392.07,2026-05-24 18:26:42,0,0.0,0.0,1,2
1664,74,1664,541,36,0,753.11,6.65,20.92,1392.07,2026-05-24 18:26:42,0,0.0,0.0,3,3
1665,127,1665,541,36,0,753.11,6.65,20.92,1392.07,2026-05-24 18:26:42,0,0.0,0.0,2,4
1666,34,1666,435,15,0,773.49,3.45,51.57,1778.14,2026-05-24 18:26:42,0,0.0,0.0,2,3
1667,87,1667,435,15,0,773.49,3.45,51.57,1778.14,2026-05-24 18:26:42,0,0.0,0.0,1,4
1668,140,1668,435,15,0,773.49,3.45,51.57,1778.14,2026-05-24 18:26:42,0,0.0,0.0,3,1
1669,34,1669,43935,14,0,773.71,0.03,55.27,17.61,2026-05-24 18:26:42,0,0.0,0.0,2,3
1670,87,1670,43935,14,0,773.71,0.03,55.27,17.61,2026-05-24 18:26:42,0,0.0,0.0,1,4
1671,140,1671,43935,14,0,773.71,0.03,55.27,17.61,2026-05-24 18:26:42,0,0.0,0.0,3,1
1672,19,1672,-361,1700,0,780.89,-470.91,0.46,-2163.13,2026-05-24 18:26:42,0,0.0,0.0,2,4
1673,72,1673,-361,1700,0,780.89,-470.91,0.46,-2163.13,2026-05-24 18:26:42,0,0.0,0.0,1,1
1674,125,1674,-361,1700,0,780.89,-470.91,0.46,-2163.13,2026-05-24 18:26:42,0,0.0,0.0,3,2
1675,19,1675,463,45,0,124318.3,9.72,2762.63,268506.05,2026-05-24 18:26:42,0,0.0,0.0,2,4
1676,72,1676,463,45,0,124318.3,9.72,2762.63,268506.05,2026-05-24 18:26:42,0,0.0,0.0,1,1
1677,125,1677,463,45,0,124318.3,9.72,2762.63,268506.05,2026-05-24 18:26:42,0,0.0,0.0,3,2
1678,50,1678,633,19,0,835.89,3.0,43.99,1320.52,2026-05-24 18:26:42,0,0.0,0.0,3,3
1679,103,1679,633,19,0,835.89,3.0,43.99,1320.52,2026-05-24 18:26:42,0,0.0,0.0,2,4
1680,156,1680,633,19,0,835.89,3.0,43.99,1320.52,2026-05-24 18:26:42,0,0.0,0.0,1,1
1681,19,1681,49880,3200,0,840.2,6.42,0.26,16.84,2026-05-24 18:26:42,0,0.0,0.0,2,4
1682,72,1682,49880,3200,0,840.2,6.42,0.26,16.84,2026-05-24 18:26:42,0,0.0,0.0,1,1
1683,125,1683,49880,3200,0,840.2,6.42,0.26,16.84,2026-05-24 18:26:42,0,0.0,0.0,3,2
1684,34,1684,581,15,0,896.51,2.58,59.77,1543.05,2026-05-24 18:26:42,0,0.0,0.0,2,3
1685,87,1685,581,15,0,896.51,2.58,59.77,1543.05,2026-05-24 18:26:42,0,0.0,0.0,1,4
1686,140,1686,581,15,0,896.51,2.58,59.77,1543.05,2026-05-24 18:26:42,0,0.0,0.0,3,1
1687,31,1687,545,21,0,963.22,3.85,45.87,1767.38,2026-05-24 18:26:42,0,0.0,0.0,2,4
1688,84,1688,545,21,0,963.22,3.85,45.87,1767.38,2026-05-24 18:26:42,0,0.0,0.0,1,1
1689,137,1689,545,21,0,963.22,3.85,45.87,1767.38,2026-05-24 18:26:42,0,0.0,0.0,3,2
1690,33,1690,391,21,0,1013.01,5.37,48.24,2590.82,2026-05-24 18:26:42,0,0.0,0.0,1,2
1691,86,1691,391,21,0,1013.01,5.37,48.24,2590.82,2026-05-24 18:26:42,0,0.0,0.0,3,3
1692,139,1692,391,21,0,1013.01,5.37,48.24,2590.82,2026-05-24 18:26:42,0,0.0,0.0,2,4
1693,31,1693,567,29,0,1094.73,5.11,37.75,1930.74,2026-05-24 18:26:42,0,0.0,0.0,2,4
1694,84,1694,567,29,0,1094.73,5.11,37.75,1930.74,2026-05-24 18:26:42,0,0.0,0.0,1,1
1695,137,1695,567,29,0,1094.73,5.11,37.75,1930.74,2026-05-24 18:26:42,0,0.0,0.0,3,2
1696,31,1696,477,39,0,1111.26,8.18,28.49,2329.69,2026-05-24 18:26:42,0,0.0,0.0,2,4
1697,84,1697,477,39,0,1111.26,8.18,28.49,2329.69,2026-05-24 18:26:42,0,0.0,0.0,1,1
1698,137,1698,477,39,0,1111.26,8.18,28.49,2329.69,2026-05-24 18:26:42,0,0.0,0.0,3,2
1699,31,1699,-1098,180,1,1187.63,-16.39,6.6,-1081.63,2026-05-24 18:26:42,105500,88.83,0.56,2,4
1700,84,1700,-1098,180,1,1187.63,-16.39,6.6,-1081.63,2026-05-24 18:26:42,105500,88.83,0.56,1,1
1701,137,1701,-1098,180,1,1187.63,-16.39,6.6,-1081.63,2026-05-24 18:26:42,105500,88.83,0.56,3,2
1702,31,1702,536,-38,0,1225.04,-7.09,-32.24,2285.52,2026-05-24 18:26:42,0,0.0,0.0,2,4
1703,84,1703,536,-38,0,1225.04,-7.09,-32.24,2285.52,2026-05-24 18:26:42,0,0.0,0.0,1,1
1704,137,1704,536,-38,0,1225.04,-7.09,-32.24,2285.52,2026-05-24 18:26:42,0,0.0,0.0,3,2
1705,31,1705,875,52,0,1299.86,5.94,25.0,1485.55,2026-05-24 18:26:42,0,0.0,0.0,2,4
1706,84,1706,875,52,0,1299.86,5.94,25.0,1485.55,2026-05-24 18:26:42,0,0.0,0.0,1,1
1707,137,1707,875,52,0,1299.86,5.94,25.0,1485.55,2026-05-24 18:26:42,0,0.0,0.0,3,2
1708,31,1708,862,3600,0,1420.88,417.63,0.39,1648.35,2026-05-24 18:26:42,0,0.0,0.0,2,4
1709,84,1709,862,3600,0,1420.88,417.63,0.39,1648.35,2026-05-24 18:26:42,0,0.0,0.0,1,1
1710,137,1710,862,3600,0,1420.88,417.63,0.39,1648.35,2026-05-24 18:26:42,0,0.0,0.0,3,2
1711,33,1711,460,36,0,215843.93,7.83,5995.66,469225.93,2026-05-24 18:26:42,0,0.0,0.0,1,2
1712,86,1712,460,36,0,215843.93,7.83,5995.66,469225.93,2026-05-24 18:26:42,0,0.0,0.0,3,3
1713,139,1713,460,36,0,215843.93,7.83,5995.66,469225.93,2026-05-24 18:26:42,0,0.0,0.0,2,4
1714,31,1714,815,26,0,1453.34,3.19,55.9,1783.24,2026-05-24 18:26:42,0,0.0,0.0,2,4
1715,84,1715,815,26,0,1453.34,3.19,55.9,1783.24,2026-05-24 18:26:42,0,0.0,0.0,1,1
1716,137,1716,815,26,0,1453.34,3.19,55.9,1783.24,2026-05-24 18:26:42,0,0.0,0.0,3,2
1717,31,1717,784,51,0,1530.0,6.51,30.0,1951.53,2026-05-24 18:26:42,0,0.0,0.0,2,4
1718,84,1718,784,51,0,1530.0,6.51,30.0,1951.53,2026-05-24 18:26:42,0,0.0,0.0,1,1
1719,137,1719,784,51,0,1530.0,6.51,30.0,1951.53,2026-05-24 18:26:42,0,0.0,0.0,3,2
1720,32,1720,920,34,0,1544.41,3.7,45.42,1678.71,2026-05-24 18:26:42,0,0.0,0.0,3,1
1721,85,1721,920,34,0,1544.41,3.7,45.42,1678.71,2026-05-24 18:26:42,0,0.0,0.0,2,2
1722,138,1722,920,34,0,1544.41,3.7,45.42,1678.71,2026-05-24 18:26:42,0,0.0,0.0,1,3
1723,33,1723,618,62,0,1600.64,10.03,25.82,2590.03,2026-05-24 18:26:42,0,0.0,0.0,1,2
1724,86,1724,618,62,0,1600.64,10.03,25.82,2590.03,2026-05-24 18:26:42,0,0.0,0.0,3,3
1725,139,1725,618,62,0,1600.64,10.03,25.82,2590.03,2026-05-24 18:26:42,0,0.0,0.0,2,4
1726,19,1726,-791,59,0,1605.1,-7.46,27.21,-2029.2,2026-05-24 18:26:42,0,0.0,0.0,2,4
1727,72,1727,-791,59,0,1605.1,-7.46,27.21,-2029.2,2026-05-24 18:26:42,0,0.0,0.0,1,1
1728,125,1728,-791,59,0,1605.1,-7.46,27.21,-2029.2,2026-05-24 18:26:42,0,0.0,0.0,3,2
1729,19,1729,118175,73,0,1672.56,0.06,22.91,14.15,2026-05-24 18:26:42,0,0.0,0.0,2,4
1730,72,1730,118175,73,0,1672.56,0.06,22.91,14.15,2026-05-24 18:26:42,0,0.0,0.0,1,1
1731,125,1731,118175,73,0,1672.56,0.06,22.91,14.15,2026-05-24 18:26:42,0,0.0,0.0,3,2
1732,31,1732,1226,14,0,-1795.57,1.14,-128.25,-1464.58,2026-05-24 18:26:42,0,0.0,0.0,2,4
1733,84,1733,1226,14,0,-1795.57,1.14,-128.25,-1464.58,2026-05-24 18:26:42,0,0.0,0.0,1,1
1734,137,1734,1226,14,0,-1795.57,1.14,-128.25,-1464.58,2026-05-24 18:26:42,0,0.0,0.0,3,2
1735,47,1735,948,55,0,280242.41000000003,5.8,5095.32,295614.36,2026-05-24 18:26:42,0,0.0,0.0,3,4
1736,100,1736,948,55,0,280242.41000000003,5.8,5095.32,295614.36,2026-05-24 18:26:42,0,0.0,0.0,2,1
1737,153,1737,948,55,0,280242.41000000003,5.8,5095.32,295614.36,2026-05-24 18:26:42,0,0.0,0.0,1,2
1738,31,1738,993,53,0,293101.57,5.34,5530.22,295167.74,2026-05-24 18:26:42,0,0.0,0.0,2,4
1739,84,1739,993,53,0,293101.57,5.34,5530.22,295167.74,2026-05-24 18:26:42,0,0.0,0.0,1,1
1740,137,1740,993,53,0,293101.57,5.34,5530.22,295167.74,2026-05-24 18:26:42,0,0.0,0.0,3,2
1741,31,1741,967,-72,0,2214.32,-7.45,-30.75,2289.89,2026-05-24 18:26:42,0,0.0,0.0,2,4
1742,84,1742,967,-72,0,2214.32,-7.45,-30.75,2289.89,2026-05-24 18:26:42,0,0.0,0.0,1,1
1743,137,1743,967,-72,0,2214.32,-7.45,-30.75,2289.89,2026-05-24 18:26:42,0,0.0,0.0,3,2
1744,19,1744,1376,90,0,2400.12,6.54,26.67,1744.27,2026-05-24 18:26:42,0,0.0,0.0,2,4
1745,72,1745,1376,90,0,2400.12,6.54,26.67,1744.27,2026-05-24 18:26:42,0,0.0,0.0,1,1
1746,125,1746,1376,90,0,2400.12,6.54,26.67,1744.27,2026-05-24 18:26:42,0,0.0,0.0,3,2
1747,31,1747,1611,77,0,2560.14,4.78,33.25,1589.16,2026-05-24 18:26:42,0,0.0,0.0,2,4
1748,84,1748,1611,77,0,2560.14,4.78,33.25,1589.16,2026-05-24 18:26:42,0,0.0,0.0,1,1
1749,137,1749,1611,77,0,2560.14,4.78,33.25,1589.16,2026-05-24 18:26:42,0,0.0,0.0,3,2
1750,31,1750,1434,99,0,2732.88,6.9,27.6,1905.77,2026-05-24 18:26:42,0,0.0,0.0,2,4
1751,84,1751,1434,99,0,2732.88,6.9,27.6,1905.77,2026-05-24 18:26:42,0,0.0,0.0,1,1
1752,137,1752,1434,99,0,2732.88,6.9,27.6,1905.77,2026-05-24 18:26:42,0,0.0,0.0,3,2
1753,31,1753,-2320,62,0,459379.75,-2.67,7409.35,-198008.51,2026-05-24 18:26:42,0,0.0,0.0,2,4
1754,84,1754,-2320,62,0,459379.75,-2.67,7409.35,-198008.51,2026-05-24 18:26:42,0,0.0,0.0,1,1
1755,137,1755,-2320,62,0,459379.75,-2.67,7409.35,-198008.51,2026-05-24 18:26:42,0,0.0,0.0,3,2
1756,9,1756,1967,114,0,3396.79,5.8,29.8,1726.89,2026-05-24 18:26:42,0,0.0,0.0,1,2
1757,62,1757,1967,114,0,3396.79,5.8,29.8,1726.89,2026-05-24 18:26:42,0,0.0,0.0,3,3
1758,115,1758,1967,114,0,3396.79,5.8,29.8,1726.89,2026-05-24 18:26:42,0,0.0,0.0,2,4
1759,31,1759,253170,-105,0,3431.93,-0.04,-32.69,13.56,2026-05-24 18:26:42,0,0.0,0.0,2,4
1760,84,1760,253170,-105,0,3431.93,-0.04,-32.69,13.56,2026-05-24 18:26:42,0,0.0,0.0,1,1
1761,137,1761,253170,-105,0,3431.93,-0.04,-32.69,13.56,2026-05-24 18:26:42,0,0.0,0.0,3,2
1762,31,1762,-2557,14900,0,3583.93,-582.71,0.24,-1401.62,2026-05-24 18:26:42,0,0.0,0.0,2,4
1763,84,1763,-2557,14900,0,3583.93,-582.71,0.24,-1401.62,2026-05-24 18:26:42,0,0.0,0.0,1,1
1764,137,1764,-2557,14900,0,3583.93,-582.71,0.24,-1401.62,2026-05-24 18:26:42,0,0.0,0.0,3,2
1765,31,1765,2212,117,0,3828.7,5.29,32.72,1730.88,2026-05-24 18:26:42,0,0.0,0.0,2,4
1766,84,1766,2212,117,0,3828.7,5.29,32.72,1730.88,2026-05-24 18:26:42,0,0.0,0.0,1,1
1767,137,1767,2212,117,0,3828.7,5.29,32.72,1730.88,2026-05-24 18:26:42,0,0.0,0.0,3,2
1768,31,1768,385700,144,0,4068.95,0.04,28.26,10.55,2026-05-24 18:26:42,0,0.0,0.0,2,4
1769,84,1769,385700,144,0,4068.95,0.04,28.26,10.55,2026-05-24 18:26:42,0,0.0,0.0,1,1
1770,137,1770,385700,144,0,4068.95,0.04,28.26,10.55,2026-05-24 18:26:42,0,0.0,0.0,3,2
1771,31,1771,2608,152,1,4349.05,5.83,28.61,1667.58,2026-05-24 18:26:42,102000,23.45,0.66,2,4
1772,84,1772,2608,152,1,4349.05,5.83,28.61,1667.58,2026-05-24 18:26:42,102000,23.45,0.66,1,1
1773,137,1773,2608,152,1,4349.05,5.83,28.61,1667.58,2026-05-24 18:26:42,102000,23.45,0.66,3,2
1774,31,1774,2205,123,1,4979.58,5.58,40.48,2258.31,2026-05-24 18:26:42,92680,18.61,0.81,2,4
1775,84,1775,2205,123,1,4979.58,5.58,40.48,2258.31,2026-05-24 18:26:42,92680,18.61,0.81,1,1
1776,137,1776,2205,123,1,4979.58,5.58,40.48,2258.31,2026-05-24 18:26:42,92680,18.61,0.81,3,2
1777,31,1777,2871,99,0,5418.85,3.45,54.74,1887.44,2026-05-24 18:26:42,0,0.0,0.0,2,4
1778,84,1778,2871,99,0,5418.85,3.45,54.74,1887.44,2026-05-24 18:26:42,0,0.0,0.0,1,1
1779,137,1779,2871,99,0,5418.85,3.45,54.74,1887.44,2026-05-24 18:26:42,0,0.0,0.0,3,2
1780,31,1780,2368,128,82,5427.93,5.41,42.41,2292.2,2026-05-24 18:26:42,90000,16.58,64.06,2,4
1781,84,1781,2368,128,82,5427.93,5.41,42.41,2292.2,2026-05-24 18:26:42,90000,16.58,64.06,1,1
1782,137,1782,2368,128,82,5427.93,5.41,42.41,2292.2,2026-05-24 18:26:42,90000,16.58,64.06,3,2
1783,47,1783,2428,151,0,5570.78,6.22,36.89,2294.39,2026-05-24 18:26:42,0,0.0,0.0,3,4
1784,100,1784,2428,151,0,5570.78,6.22,36.89,2294.39,2026-05-24 18:26:42,0,0.0,0.0,2,1
1785,153,1785,2428,151,0,5570.78,6.22,36.89,2294.39,2026-05-24 18:26:42,0,0.0,0.0,1,2
1786,31,1786,3040,19300,0,8809.62,634.87,0.46,2897.9,2026-05-24 18:26:42,0,0.0,0.0,2,4
1787,84,1787,3040,19300,0,8809.62,634.87,0.46,2897.9,2026-05-24 18:26:42,0,0.0,0.0,1,1
1788,137,1788,3040,19300,0,8809.62,634.87,0.46,2897.9,2026-05-24 18:26:42,0,0.0,0.0,3,2
1789,25,1789,0,0,0,0.0,,,,2026-05-24 18:26:42,0,,,2,2
1790,78,1790,0,0,0,0.0,,,,2026-05-24 18:26:42,0,,,1,3
1791,131,1791,0,0,0,0.0,,,,2026-05-24 18:26:42,0,,,3,4
1792,25,1792,0,0,0,0.0,,,,2026-05-24 18:26:42,0,,,2,2
1793,78,1793,0,0,0,0.0,,,,2026-05-24 18:26:42,0,,,1,3
1794,131,1794,0,0,0,0.0,,,,2026-05-24 18:26:42,0,,,3,4
1795,25,1795,0,0,0,0.0,,,,2026-05-24 18:26:42,0,,,2,2
1796,78,1796,0,0,0,0.0,,,,2026-05-24 18:26:42,0,,,1,3
1797,131,1797,0,0,0,0.0,,,,2026-05-24 18:26:42,0,,,3,4
1798,25,1798,0,0,0,0.0,,,,2026-05-24 18:26:42,0,,,2,2
1799,78,1799,0,0,0,0.0,,,,2026-05-24 18:26:42,0,,,1,3
1800,131,1800,0,0,0,0.0,,,,2026-05-24 18:26:42,0,,,3,4
1801,30,1801,1,0,0,0.22,0.0,,220.0,2026-05-24 18:26:42,0,0.0,,1,3
1802,83,1802,1,0,0,0.22,0.0,,220.0,2026-05-24 18:26:42,0,0.0,,3,4
1803,136,1803,1,0,0,0.22,0.0,,220.0,2026-05-24 18:26:42,0,0.0,,2,1
1804,30,1804,290,0,0,1.59,0.0,,5.48,2026-05-24 18:26:42,0,0.0,,1,3
1805,83,1805,290,0,0,1.59,0.0,,5.48,2026-05-24 18:26:42,0,0.0,,3,4
1806,136,1806,290,0,0,1.59,0.0,,5.48,2026-05-24 18:26:42,0,0.0,,2,1
1807,8,1807,8,0,0,1.79,0.0,,223.75,2026-05-24 18:26:42,0,0.0,,3,1
1808,61,1808,8,0,0,1.79,0.0,,223.75,2026-05-24 18:26:42,0,0.0,,2,2
1809,114,1809,8,0,0,1.79,0.0,,223.75,2026-05-24 18:26:42,0,0.0,,1,3
1810,30,1810,22,1,0,7.44,4.55,7.44,338.18,2026-05-24 18:26:42,0,0.0,0.0,1,3
1811,83,1811,22,1,0,7.44,4.55,7.44,338.18,2026-05-24 18:26:42,0,0.0,0.0,3,4
1812,136,1812,22,1,0,7.44,4.55,7.44,338.18,2026-05-24 18:26:42,0,0.0,0.0,2,1
1813,30,1813,90,6,0,10.71,6.67,1.79,119.0,2026-05-24 18:26:42,0,0.0,0.0,1,3
1814,83,1814,90,6,0,10.71,6.67,1.79,119.0,2026-05-24 18:26:42,0,0.0,0.0,3,4
1815,136,1815,90,6,0,10.71,6.67,1.79,119.0,2026-05-24 18:26:42,0,0.0,0.0,2,1
1816,35,1816,92,7,0,16.43,7.61,2.35,178.59,2026-05-24 18:26:42,0,0.0,0.0,3,4
1817,88,1817,92,7,0,16.43,7.61,2.35,178.59,2026-05-24 18:26:42,0,0.0,0.0,2,1
1818,141,1818,92,7,0,16.43,7.61,2.35,178.59,2026-05-24 18:26:42,0,0.0,0.0,1,2
1819,35,1819,80,7,0,19.42,8.75,2.77,242.75,2026-05-24 18:26:42,0,0.0,0.0,3,4
1820,88,1820,80,7,0,19.42,8.75,2.77,242.75,2026-05-24 18:26:42,0,0.0,0.0,2,1
1821,141,1821,80,7,0,19.42,8.75,2.77,242.75,2026-05-24 18:26:42,0,0.0,0.0,1,2
1822,35,1822,172,14,0,35.05,8.14,2.5,203.78,2026-05-24 18:26:42,0,0.0,0.0,3,4
1823,88,1823,172,14,0,35.05,8.14,2.5,203.78,2026-05-24 18:26:42,0,0.0,0.0,2,1
1824,141,1824,172,14,0,35.05,8.14,2.5,203.78,2026-05-24 18:26:42,0,0.0,0.0,1,2
1825,35,1825,214,3200,0,49.21,1495.33,0.02,229.95,2026-05-24 18:26:42,0,0.0,0.0,3,4
1826,88,1826,214,3200,0,49.21,1495.33,0.02,229.95,2026-05-24 18:26:42,0,0.0,0.0,2,1
1827,141,1827,214,3200,0,49.21,1495.33,0.02,229.95,2026-05-24 18:26:42,0,0.0,0.0,1,2
1828,35,1828,244,25,0,52.875414,10.25,2.12,216.7,2026-05-24 18:26:42,0,0.0,0.0,3,4
1829,88,1829,244,25,0,52.875414,10.25,2.12,216.7,2026-05-24 18:26:42,0,0.0,0.0,2,1
1830,141,1830,244,25,0,52.875414,10.25,2.12,216.7,2026-05-24 18:26:42,0,0.0,0.0,1,2
1831,35,1831,265,27,0,59.53,10.19,2.2,224.64,2026-05-24 18:26:42,0,0.0,0.0,3,4
1832,88,1832,265,27,0,59.53,10.19,2.2,224.64,2026-05-24 18:26:42,0,0.0,0.0,2,1
1833,141,1833,265,27,0,59.53,10.19,2.2,224.64,2026-05-24 18:26:42,0,0.0,0.0,1,2
1834,35,1834,-272,32,0,71.59,-11.76,2.24,-263.2,2026-05-24 18:26:42,0,0.0,0.0,3,4
1835,88,1835,-272,32,0,71.59,-11.76,2.24,-263.2,2026-05-24 18:26:42,0,0.0,0.0,2,1
1836,141,1836,-272,32,0,71.59,-11.76,2.24,-263.2,2026-05-24 18:26:42,0,0.0,0.0,1,2
1837,35,1837,456,45,0,100.545105,9.87,2.23,220.49,2026-05-24 18:26:42,0,0.0,0.0,3,4
1838,88,1838,456,45,0,100.545105,9.87,2.23,220.49,2026-05-24 18:26:42,0,0.0,0.0,2,1
1839,141,1839,456,45,0,100.545105,9.87,2.23,220.49,2026-05-24 18:26:42,0,0.0,0.0,1,2
1840,35,1840,376,-27,0,103.69,-7.18,-3.84,275.77,2026-05-24 18:26:42,0,0.0,0.0,3,4
1841,88,1841,376,-27,0,103.69,-7.18,-3.84,275.77,2026-05-24 18:26:42,0,0.0,0.0,2,1
1842,141,1842,376,-27,0,103.69,-7.18,-3.84,275.77,2026-05-24 18:26:42,0,0.0,0.0,1,2
1843,30,1843,420,1200,0,331.56,285.71,0.28,789.43,2026-05-24 18:26:42,0,0.0,0.0,1,3
1844,83,1844,420,1200,0,331.56,285.71,0.28,789.43,2026-05-24 18:26:42,0,0.0,0.0,3,4
1845,136,1845,420,1200,0,331.56,285.71,0.28,789.43,2026-05-24 18:26:42,0,0.0,0.0,2,1
1846,30,1846,1128,4300,0,339.85,381.21,0.08,301.29,2026-05-24 18:26:42,0,0.0,0.0,1,3
1847,83,1847,1128,4300,0,339.85,381.21,0.08,301.29,2026-05-24 18:26:42,0,0.0,0.0,3,4
1848,136,1848,1128,4300,0,339.85,381.21,0.08,301.29,2026-05-24 18:26:42,0,0.0,0.0,2,1
1849,26,1849,228,10,0,459.7,4.39,45.97,2016.23,2026-05-24 18:26:42,0,0.0,0.0,3,3
1850,79,1850,228,10,0,459.7,4.39,45.97,2016.23,2026-05-24 18:26:42,0,0.0,0.0,2,4
1851,132,1851,228,10,0,459.7,4.39,45.97,2016.23,2026-05-24 18:26:42,0,0.0,0.0,1,1
1852,26,1852,316,18,0,485.6,5.7,26.98,1536.71,2026-05-24 18:26:42,0,0.0,0.0,3,3
1853,79,1853,316,18,0,485.6,5.7,26.98,1536.71,2026-05-24 18:26:42,0,0.0,0.0,2,4
1854,132,1854,316,18,0,485.6,5.7,26.98,1536.71,2026-05-24 18:26:42,0,0.0,0.0,1,1
1855,30,1855,695,17,0,507.98,2.45,29.88,730.91,2026-05-24 18:26:42,0,0.0,0.0,1,3
1856,83,1856,695,17,0,507.98,2.45,29.88,730.91,2026-05-24 18:26:42,0,0.0,0.0,3,4
1857,136,1857,695,17,0,507.98,2.45,29.88,730.91,2026-05-24 18:26:42,0,0.0,0.0,2,1
1858,30,1858,98165,43,0,527.899915,0.04,12.28,5.38,2026-05-24 18:26:42,0,0.0,0.0,1,3
1859,83,1859,98165,43,0,527.899915,0.04,12.28,5.38,2026-05-24 18:26:42,0,0.0,0.0,3,4
1860,136,1860,98165,43,0,527.899915,0.04,12.28,5.38,2026-05-24 18:26:42,0,0.0,0.0,2,1
1861,30,1861,368,2400,0,690.75,652.17,0.29,1877.04,2026-05-24 18:26:42,0,0.0,0.0,1,3
1862,83,1862,368,2400,0,690.75,652.17,0.29,1877.04,2026-05-24 18:26:42,0,0.0,0.0,3,4
1863,136,1863,368,2400,0,690.75,652.17,0.29,1877.04,2026-05-24 18:26:42,0,0.0,0.0,2,1
1864,25,1864,782,56,0,1131.09,7.16,20.2,1446.41,2026-05-24 18:26:42,0,0.0,0.0,2,2
1865,78,1865,782,56,0,1131.09,7.16,20.2,1446.41,2026-05-24 18:26:42,0,0.0,0.0,1,3
1866,131,1866,782,56,0,1131.09,7.16,20.2,1446.41,2026-05-24 18:26:42,0,0.0,0.0,3,4
1867,25,1867,944,91,82,1348.82,9.64,14.82,1428.83,2026-05-24 18:26:42,-45000,-33.36,90.11,2,2
1868,78,1868,944,91,82,1348.82,9.64,14.82,1428.83,2026-05-24 18:26:42,-45000,-33.36,90.11,1,3
1869,131,1869,944,91,82,1348.82,9.64,14.82,1428.83,2026-05-24 18:26:42,-45000,-33.36,90.11,3,4
1870,19,1870,0,0,0,0.0,,,,2026-05-24 18:26:42,0,,,2,4
1871,72,1871,0,0,0,0.0,,,,2026-05-24 18:26:42,0,,,1,1
1872,125,1872,0,0,0,0.0,,,,2026-05-24 18:26:42,0,,,3,2
1873,19,1873,3,0,0,2.93,0.0,,976.67,2026-05-24 18:26:42,0,0.0,,2,4
1874,72,1874,3,0,0,2.93,0.0,,976.67,2026-05-24 18:26:42,0,0.0,,1,1
1875,125,1875,3,0,0,2.93,0.0,,976.67,2026-05-24 18:26:42,0,0.0,,3,2
1876,19,1876,8,0,0,5.52,0.0,,690.0,2026-05-24 18:26:42,0,0.0,,2,4
1877,72,1877,8,0,0,5.52,0.0,,690.0,2026-05-24 18:26:42,0,0.0,,1,1
1878,125,1878,8,0,0,5.52,0.0,,690.0,2026-05-24 18:26:42,0,0.0,,3,2
1879,17,1879,35,2,0,16.04,5.71,8.02,458.29,2026-05-24 18:26:42,0,0.0,0.0,3,2
1880,70,1880,35,2,0,16.04,5.71,8.02,458.29,2026-05-24 18:26:42,0,0.0,0.0,2,3
1881,123,1881,35,2,0,16.04,5.71,8.02,458.29,2026-05-24 18:26:42,0,0.0,0.0,1,4
1882,19,1882,20,1,0,16.52,5.0,16.52,826.0,2026-05-24 18:26:42,0,0.0,0.0,2,4
1883,72,1883,20,1,0,16.52,5.0,16.52,826.0,2026-05-24 18:26:42,0,0.0,0.0,1,1
1884,125,1884,20,1,0,16.52,5.0,16.52,826.0,2026-05-24 18:26:42,0,0.0,0.0,3,2
1885,19,1885,27,2,0,16.94,7.41,8.47,627.41,2026-05-24 18:26:42,0,0.0,0.0,2,4
1886,72,1886,27,2,0,16.94,7.41,8.47,627.41,2026-05-24 18:26:42,0,0.0,0.0,1,1
1887,125,1887,27,2,0,16.94,7.41,8.47,627.41,2026-05-24 18:26:42,0,0.0,0.0,3,2
1888,19,1888,47,4,0,5165.71,8.51,1291.43,109908.72,2026-05-24 18:26:42,0,0.0,0.0,2,4
1889,72,1889,47,4,0,5165.71,8.51,1291.43,109908.72,2026-05-24 18:26:42,0,0.0,0.0,1,1
1890,125,1890,47,4,0,5165.71,8.51,1291.43,109908.72,2026-05-24 18:26:42,0,0.0,0.0,3,2
1891,3,1891,77,200,0,45.09,259.74,0.23,585.58,2026-05-24 18:26:42,0,0.0,0.0,1,4
1892,56,1892,77,200,0,45.09,259.74,0.23,585.58,2026-05-24 18:26:42,0,0.0,0.0,3,1
1893,109,1893,77,200,0,45.09,259.74,0.23,585.58,2026-05-24 18:26:42,0,0.0,0.0,2,2
1894,19,1894,74,-5,0,60.6,-6.76,-12.12,818.92,2026-05-24 18:26:42,0,0.0,0.0,2,4
1895,72,1895,74,-5,0,60.6,-6.76,-12.12,818.92,2026-05-24 18:26:42,0,0.0,0.0,1,1
1896,125,1896,74,-5,0,60.6,-6.76,-12.12,818.92,2026-05-24 18:26:42,0,0.0,0.0,3,2
1897,19,1897,63,2,0,72.04,3.17,36.02,1143.49,2026-05-24 18:26:42,0,0.0,0.0,2,4
1898,72,1898,63,2,0,72.04,3.17,36.02,1143.49,2026-05-24 18:26:42,0,0.0,0.0,1,1
1899,125,1899,63,2,0,72.04,3.17,36.02,1143.49,2026-05-24 18:26:42,0,0.0,0.0,3,2
1900,19,1900,126,6,0,82.74,4.76,13.79,656.67,2026-05-24 18:26:42,0,0.0,0.0,2,4
1901,72,1901,126,6,0,82.74,4.76,13.79,656.67,2026-05-24 18:26:42,0,0.0,0.0,1,1
1902,125,1902,126,6,0,82.74,4.76,13.79,656.67,2026-05-24 18:26:42,0,0.0,0.0,3,2
1903,19,1903,72,-1,0,84.23,-1.39,-84.23,1169.86,2026-05-24 18:26:42,0,0.0,0.0,2,4
1904,72,1904,72,-1,0,84.23,-1.39,-84.23,1169.86,2026-05-24 18:26:42,0,0.0,0.0,1,1
1905,125,1905,72,-1,0,84.23,-1.39,-84.23,1169.86,2026-05-24 18:26:42,0,0.0,0.0,3,2
1906,19,1906,104,4,0,14263.46,3.85,3565.86,137148.65,2026-05-24 18:26:42,0,0.0,0.0,2,4
1907,72,1907,104,4,0,14263.46,3.85,3565.86,137148.65,2026-05-24 18:26:42,0,0.0,0.0,1,1
1908,125,1908,104,4,0,14263.46,3.85,3565.86,137148.65,2026-05-24 18:26:42,0,0.0,0.0,3,2
1909,19,1909,53,4,0,15004.87,7.55,3751.22,283110.75,2026-05-24 18:26:42,0,0.0,0.0,2,4
1910,72,1910,53,4,0,15004.87,7.55,3751.22,283110.75,2026-05-24 18:26:42,0,0.0,0.0,1,1
1911,125,1911,53,4,0,15004.87,7.55,3751.22,283110.75,2026-05-24 18:26:42,0,0.0,0.0,3,2
1912,19,1912,81,3,0,111.41,3.7,37.14,1375.43,2026-05-24 18:26:42,0,0.0,0.0,2,4
1913,72,1913,81,3,0,111.41,3.7,37.14,1375.43,2026-05-24 18:26:42,0,0.0,0.0,1,1
1914,125,1914,81,3,0,111.41,3.7,37.14,1375.43,2026-05-24 18:26:42,0,0.0,0.0,3,2
1915,19,1915,22620,11,0,132.03,0.05,12.0,5.84,2026-05-24 18:26:42,0,0.0,0.0,2,4
1916,72,1916,22620,11,0,132.03,0.05,12.0,5.84,2026-05-24 18:26:42,0,0.0,0.0,1,1
1917,125,1917,22620,11,0,132.03,0.05,12.0,5.84,2026-05-24 18:26:42,0,0.0,0.0,3,2
1918,19,1918,13050,700,0,144.81,5.36,0.21,11.1,2026-05-24 18:26:42,0,0.0,0.0,2,4
1919,72,1919,13050,700,0,144.81,5.36,0.21,11.1,2026-05-24 18:26:42,0,0.0,0.0,1,1
1920,125,1920,13050,700,0,144.81,5.36,0.21,11.1,2026-05-24 18:26:42,0,0.0,0.0,3,2
1921,17,1921,-328,14,0,177.28,-4.27,12.66,-540.49,2026-05-24 18:26:42,0,0.0,0.0,3,2
1922,70,1922,-328,14,0,177.28,-4.27,12.66,-540.49,2026-05-24 18:26:42,0,0.0,0.0,2,3
1923,123,1923,-328,14,0,177.28,-4.27,12.66,-540.49,2026-05-24 18:26:42,0,0.0,0.0,1,4
1924,19,1924,26390,22,1,195.45,0.08,8.88,7.41,2026-05-24 18:26:42,95000,486.06,4.55,2,4
1925,72,1925,26390,22,1,195.45,0.08,8.88,7.41,2026-05-24 18:26:42,95000,486.06,4.55,1,1
1926,125,1926,26390,22,1,195.45,0.08,8.88,7.41,2026-05-24 18:26:42,95000,486.06,4.55,3,2
1927,17,1927,341,11,0,198.37608,3.23,18.03,581.75,2026-05-24 18:26:42,0,0.0,0.0,3,2
1928,70,1928,341,11,0,198.37608,3.23,18.03,581.75,2026-05-24 18:26:42,0,0.0,0.0,2,3
1929,123,1929,341,11,0,198.37608,3.23,18.03,581.75,2026-05-24 18:26:42,0,0.0,0.0,1,4
1930,19,1930,84,8,0,214.91,9.52,26.86,2558.45,2026-05-24 18:26:42,0,0.0,0.0,2,4
1931,72,1931,84,8,0,214.91,9.52,26.86,2558.45,2026-05-24 18:26:42,0,0.0,0.0,1,1
1932,125,1932,84,8,0,214.91,9.52,26.86,2558.45,2026-05-24 18:26:42,0,0.0,0.0,3,2
1933,17,1933,310,21,0,221.03,6.77,10.53,713.0,2026-05-24 18:26:42,0,0.0,0.0,3,2
1934,70,1934,310,21,0,221.03,6.77,10.53,713.0,2026-05-24 18:26:42,0,0.0,0.0,2,3
1935,123,1935,310,21,0,221.03,6.77,10.53,713.0,2026-05-24 18:26:42,0,0.0,0.0,1,4
1936,17,1936,322,-19,0,245.81,-5.9,-12.94,763.39,2026-05-24 18:26:42,0,0.0,0.0,3,2
1937,70,1937,322,-19,0,245.81,-5.9,-12.94,763.39,2026-05-24 18:26:42,0,0.0,0.0,2,3
1938,123,1938,322,-19,0,245.81,-5.9,-12.94,763.39,2026-05-24 18:26:42,0,0.0,0.0,1,4
1939,17,1939,347,15,0,255.36,4.32,17.02,735.91,2026-05-24 18:26:42,0,0.0,0.0,3,2
1940,70,1940,347,15,0,255.36,4.32,17.02,735.91,2026-05-24 18:26:42,0,0.0,0.0,2,3
1941,123,1941,347,15,0,255.36,4.32,17.02,735.91,2026-05-24 18:26:42,0,0.0,0.0,1,4
1942,19,1942,395,18,0,336.68,4.56,18.7,852.35,2026-05-24 18:26:42,0,0.0,0.0,2,4
1943,72,1943,395,18,0,336.68,4.56,18.7,852.35,2026-05-24 18:26:42,0,0.0,0.0,1,1
1944,125,1944,395,18,0,336.68,4.56,18.7,852.35,2026-05-24 18:26:42,0,0.0,0.0,3,2
1945,19,1945,381,38,0,55770.34,9.97,1467.64,146378.85,2026-05-24 18:26:42,0,0.0,0.0,2,4
1946,72,1946,381,38,0,55770.34,9.97,1467.64,146378.85,2026-05-24 18:26:42,0,0.0,0.0,1,1
1947,125,1947,381,38,0,55770.34,9.97,1467.64,146378.85,2026-05-24 18:26:42,0,0.0,0.0,3,2
1948,19,1948,56260,34,0,-423.78,0.06,-12.46,-7.53,2026-05-24 18:26:42,0,0.0,0.0,2,4
1949,72,1949,56260,34,0,-423.78,0.06,-12.46,-7.53,2026-05-24 18:26:42,0,0.0,0.0,1,1
1950,125,1950,56260,34,0,-423.78,0.06,-12.46,-7.53,2026-05-24 18:26:42,0,0.0,0.0,3,2
1951,19,1951,0,0,0,0.0,,,,2026-05-24 18:26:42,0,,,2,4
1952,72,1952,0,0,0,0.0,,,,2026-05-24 18:26:42,0,,,1,1
1953,125,1953,0,0,0,0.0,,,,2026-05-24 18:26:42,0,,,3,2
1954,24,1954,0,0,0,0.0,,,,2026-05-24 18:26:42,0,,,1,1
1955,77,1955,0,0,0,0.0,,,,2026-05-24 18:26:42,0,,,3,2
1956,130,1956,0,0,0,0.0,,,,2026-05-24 18:26:42,0,,,2,3
1957,50,1957,4,0,0,0.59,0.0,,147.5,2026-05-24 18:26:42,0,0.0,,3,3
1958,103,1958,4,0,0,0.59,0.0,,147.5,2026-05-24 18:26:42,0,0.0,,2,4
1959,156,1959,4,0,0,0.59,0.0,,147.5,2026-05-24 18:26:42,0,0.0,,1,1
1960,18,1960,6,0,0,-2.52,0.0,,-420.0,2026-05-24 18:26:42,0,0.0,,1,3
1961,71,1961,6,0,0,-2.52,0.0,,-420.0,2026-05-24 18:26:42,0,0.0,,3,4
1962,124,1962,6,0,0,-2.52,0.0,,-420.0,2026-05-24 18:26:42,0,0.0,,2,1
1963,21,1963,6,0,0,889.39,0.0,,148231.67,2026-05-24 18:26:42,0,0.0,,1,2
1964,74,1964,6,0,0,889.39,0.0,,148231.67,2026-05-24 18:26:42,0,0.0,,3,3
1965,127,1965,6,0,0,889.39,0.0,,148231.67,2026-05-24 18:26:42,0,0.0,,2,4
1966,19,1966,9,0,0,7.74,0.0,,860.0,2026-05-24 18:26:42,0,0.0,,2,4
1967,72,1967,9,0,0,7.74,0.0,,860.0,2026-05-24 18:26:42,0,0.0,,1,1
1968,125,1968,9,0,0,7.74,0.0,,860.0,2026-05-24 18:26:42,0,0.0,,3,2
1969,19,1969,18,0,0,8.6,0.0,,477.78,2026-05-24 18:26:42,0,0.0,,2,4
1970,72,1970,18,0,0,8.6,0.0,,477.78,2026-05-24 18:26:42,0,0.0,,1,1
1971,125,1971,18,0,0,8.6,0.0,,477.78,2026-05-24 18:26:42,0,0.0,,3,2
1972,18,1972,7,0,0,10.57,0.0,,1510.0,2026-05-24 18:26:42,0,0.0,,1,3
1973,71,1973,7,0,0,10.57,0.0,,1510.0,2026-05-24 18:26:42,0,0.0,,3,4
1974,124,1974,7,0,0,10.57,0.0,,1510.0,2026-05-24 18:26:42,0,0.0,,2,1
1975,18,1975,1160,0,0,2166.85,0.0,,1867.97,2026-05-24 18:26:42,0,0.0,,1,3
1976,71,1976,1160,0,0,2166.85,0.0,,1867.97,2026-05-24 18:26:42,0,0.0,,3,4
1977,124,1977,1160,0,0,2166.85,0.0,,1867.97,2026-05-24 18:26:42,0,0.0,,2,1
1978,18,1978,10,2,0,18.55,20.0,9.28,1855.0,2026-05-24 18:26:42,0,0.0,0.0,1,3
1979,71,1979,10,2,0,18.55,20.0,9.28,1855.0,2026-05-24 18:26:42,0,0.0,0.0,3,4
1980,124,1980,10,2,0,18.55,20.0,9.28,1855.0,2026-05-24 18:26:42,0,0.0,0.0,2,1
1981,19,1981,16,0,0,22.02,0.0,,1376.25,2026-05-24 18:26:42,0,0.0,,2,4
1982,72,1982,16,0,0,22.02,0.0,,1376.25,2026-05-24 18:26:42,0,0.0,,1,1
1983,125,1983,16,0,0,22.02,0.0,,1376.25,2026-05-24 18:26:42,0,0.0,,3,2
1984,34,1984,48,300,0,26.56,625.0,0.09,553.33,2026-05-24 18:26:42,0,0.0,0.0,2,3
1985,87,1985,48,300,0,26.56,625.0,0.09,553.33,2026-05-24 18:26:42,0,0.0,0.0,1,4
1986,140,1986,48,300,0,26.56,625.0,0.09,553.33,2026-05-24 18:26:42,0,0.0,0.0,3,1
1987,19,1987,22,3,0,-28.87,13.64,-9.62,-1312.27,2026-05-24 18:26:42,0,0.0,0.0,2,4
1988,72,1988,22,3,0,-28.87,13.64,-9.62,-1312.27,2026-05-24 18:26:42,0,0.0,0.0,1,1
1989,125,1989,22,3,0,-28.87,13.64,-9.62,-1312.27,2026-05-24 18:26:42,0,0.0,0.0,3,2
1990,34,1990,32,2,0,34.68,6.25,17.34,1083.75,2026-05-24 18:26:42,0,0.0,0.0,2,3
1991,87,1991,32,2,0,34.68,6.25,17.34,1083.75,2026-05-24 18:26:42,0,0.0,0.0,1,4
1992,140,1992,32,2,0,34.68,6.25,17.34,1083.75,2026-05-24 18:26:42,0,0.0,0.0,3,1
1993,18,1993,29,2,0,49.434901,6.9,24.72,1704.65,2026-05-24 18:26:42,0,0.0,0.0,1,3
1994,71,1994,29,2,0,49.434901,6.9,24.72,1704.65,2026-05-24 18:26:42,0,0.0,0.0,3,4
1995,124,1995,29,2,0,49.434901,6.9,24.72,1704.65,2026-05-24 18:26:42,0,0.0,0.0,2,1
1996,18,1996,-4785,5,0,52.54,-0.1,10.51,-10.98,2026-05-24 18:26:42,0,0.0,0.0,1,3
1997,71,1997,-4785,5,0,52.54,-0.1,10.51,-10.98,2026-05-24 18:26:42,0,0.0,0.0,3,4
1998,124,1998,-4785,5,0,52.54,-0.1,10.51,-10.98,2026-05-24 18:26:42,0,0.0,0.0,2,1
1999,18,1999,38,3,0,59.57,7.89,19.86,1567.63,2026-05-24 18:26:42,0,0.0,0.0,1,3
2000,71,2000,38,3,0,59.57,7.89,19.86,1567.63,2026-05-24 18:26:42,0,0.0,0.0,3,4
2001,124,2001,38,3,0,59.57,7.89,19.86,1567.63,2026-05-24 18:26:42,0,0.0,0.0,2,1
2002,21,2002,94,3,0,-61.03,3.19,-20.34,-649.26,2026-05-24 18:26:42,0,0.0,0.0,1,2
2003,74,2003,94,3,0,-61.03,3.19,-20.34,-649.26,2026-05-24 18:26:42,0,0.0,0.0,3,3
2004,127,2004,94,3,0,-61.03,3.19,-20.34,-649.26,2026-05-24 18:26:42,0,0.0,0.0,2,4
2005,19,2005,61,4,0,62.2,6.56,15.55,1019.67,2026-05-24 18:26:42,0,0.0,0.0,2,4
2006,72,2006,61,4,0,62.2,6.56,15.55,1019.67,2026-05-24 18:26:42,0,0.0,0.0,1,1
2007,125,2007,61,4,0,62.2,6.56,15.55,1019.67,2026-05-24 18:26:42,0,0.0,0.0,3,2
2008,18,2008,79,6,0,62.51,7.59,10.42,791.27,2026-05-24 18:26:42,0,0.0,0.0,1,3
2009,71,2009,79,6,0,62.51,7.59,10.42,791.27,2026-05-24 18:26:42,0,0.0,0.0,3,4
2010,124,2010,79,6,0,62.51,7.59,10.42,791.27,2026-05-24 18:26:42,0,0.0,0.0,2,1
2011,17,2011,146,1,0,63.67,0.68,63.67,436.1,2026-05-24 18:26:42,0,0.0,0.0,3,2
2012,70,2012,146,1,0,63.67,0.68,63.67,436.1,2026-05-24 18:26:42,0,0.0,0.0,2,3
2013,123,2013,146,1,0,63.67,0.68,63.67,436.1,2026-05-24 18:26:42,0,0.0,0.0,1,4
2014,34,2014,118,2,0,9686.65,1.69,4843.32,82090.25,2026-05-24 18:26:42,0,0.0,0.0,2,3
2015,87,2015,118,2,0,9686.65,1.69,4843.32,82090.25,2026-05-24 18:26:42,0,0.0,0.0,1,4
2016,140,2016,118,2,0,9686.65,1.69,4843.32,82090.25,2026-05-24 18:26:42,0,0.0,0.0,3,1
2017,19,2017,95,900,0,67.46,947.37,0.07,710.11,2026-05-24 18:26:42,0,0.0,0.0,2,4
2018,72,2018,95,900,0,67.46,947.37,0.07,710.11,2026-05-24 18:26:42,0,0.0,0.0,1,1
2019,125,2019,95,900,0,67.46,947.37,0.07,710.11,2026-05-24 18:26:42,0,0.0,0.0,3,2
2020,38,2020,100,6,0,68.94,6.0,11.49,689.4,2026-05-24 18:26:42,0,0.0,0.0,3,3
2021,91,2021,100,6,0,68.94,6.0,11.49,689.4,2026-05-24 18:26:42,0,0.0,0.0,2,4
2022,144,2022,100,6,0,68.94,6.0,11.49,689.4,2026-05-24 18:26:42,0,0.0,0.0,1,1
2023,17,2023,149,-3,0,69.01,-2.01,-23.0,463.15,2026-05-24 18:26:42,0,0.0,0.0,3,2
2024,70,2024,149,-3,0,69.01,-2.01,-23.0,463.15,2026-05-24 18:26:42,0,0.0,0.0,2,3
2025,123,2025,149,-3,0,69.01,-2.01,-23.0,463.15,2026-05-24 18:26:42,0,0.0,0.0,1,4
2026,18,2026,45,2,0,69.32,4.44,34.66,1540.44,2026-05-24 18:26:42,0,0.0,0.0,1,3
2027,71,2027,45,2,0,69.32,4.44,34.66,1540.44,2026-05-24 18:26:42,0,0.0,0.0,3,4
2028,124,2028,45,2,0,69.32,4.44,34.66,1540.44,2026-05-24 18:26:42,0,0.0,0.0,2,1
2029,21,2029,131,400,0,69.49,305.34,0.17,530.46,2026-05-24 18:26:42,0,0.0,0.0,1,2
2030,74,2030,131,400,0,69.49,305.34,0.17,530.46,2026-05-24 18:26:42,0,0.0,0.0,3,3
2031,127,2031,131,400,0,69.49,305.34,0.17,530.46,2026-05-24 18:26:42,0,0.0,0.0,2,4
2032,18,2032,59,0,0,70.9,0.0,,1201.69,2026-05-24 18:26:42,0,0.0,,1,3
2033,71,2033,59,0,0,70.9,0.0,,1201.69,2026-05-24 18:26:42,0,0.0,,3,4
2034,124,2034,59,0,0,70.9,0.0,,1201.69,2026-05-24 18:26:42,0,0.0,,2,1
2035,1,2035,158,900,0,80.76,569.62,0.09,511.14,2026-05-24 18:26:42,0,0.0,0.0,2,2
2036,54,2036,158,900,0,80.76,569.62,0.09,511.14,2026-05-24 18:26:42,0,0.0,0.0,1,3
2037,107,2037,158,900,0,80.76,569.62,0.09,511.14,2026-05-24 18:26:42,0,0.0,0.0,3,4
2038,19,2038,84,1,0,12594.91,1.19,12594.91,149939.4,2026-05-24 18:26:42,0,0.0,0.0,2,4
2039,72,2039,84,1,0,12594.91,1.19,12594.91,149939.4,2026-05-24 18:26:42,0,0.0,0.0,1,1
2040,125,2040,84,1,0,12594.91,1.19,12594.91,149939.4,2026-05-24 18:26:42,0,0.0,0.0,3,2
2041,19,2041,-15370,1,0,86.61,-0.01,86.61,-5.64,2026-05-24 18:26:42,0,0.0,0.0,2,4
2042,72,2042,-15370,1,0,86.61,-0.01,86.61,-5.64,2026-05-24 18:26:42,0,0.0,0.0,1,1
2043,125,2043,-15370,1,0,86.61,-0.01,86.61,-5.64,2026-05-24 18:26:42,0,0.0,0.0,3,2
2044,18,2044,131,500,0,87.32,381.68,0.17,666.56,2026-05-24 18:26:42,0,0.0,0.0,1,3
2045,71,2045,131,500,0,87.32,381.68,0.17,666.56,2026-05-24 18:26:42,0,0.0,0.0,3,4
2046,124,2046,131,500,0,87.32,381.68,0.17,666.56,2026-05-24 18:26:42,0,0.0,0.0,2,1
2047,34,2047,113,3,0,88.91,2.65,29.64,786.81,2026-05-24 18:26:42,0,0.0,0.0,2,3
2048,87,2048,113,3,0,88.91,2.65,29.64,786.81,2026-05-24 18:26:42,0,0.0,0.0,1,4
2049,140,2049,113,3,0,88.91,2.65,29.64,786.81,2026-05-24 18:26:42,0,0.0,0.0,3,1
2050,19,2050,138,2,0,91.68,1.45,45.84,664.35,2026-05-24 18:26:42,0,0.0,0.0,2,4
2051,72,2051,138,2,0,91.68,1.45,45.84,664.35,2026-05-24 18:26:42,0,0.0,0.0,1,1
2052,125,2052,138,2,0,91.68,1.45,45.84,664.35,2026-05-24 18:26:42,0,0.0,0.0,3,2
2053,34,2053,-117,3,0,95.85,-2.56,31.95,-819.23,2026-05-24 18:26:42,0,0.0,0.0,2,3
2054,87,2054,-117,3,0,95.85,-2.56,31.95,-819.23,2026-05-24 18:26:42,0,0.0,0.0,1,4
2055,140,2055,-117,3,0,95.85,-2.56,31.95,-819.23,2026-05-24 18:26:42,0,0.0,0.0,3,1
2056,34,2056,173,7,0,101.61,4.05,14.52,587.34,2026-05-24 18:26:42,0,0.0,0.0,2,3
2057,87,2057,173,7,0,101.61,4.05,14.52,587.34,2026-05-24 18:26:42,0,0.0,0.0,1,4
2058,140,2058,173,7,0,101.61,4.05,14.52,587.34,2026-05-24 18:26:42,0,0.0,0.0,3,1
2059,19,2059,134,6,0,15355.19,4.48,2559.2,114590.97,2026-05-24 18:26:42,0,0.0,0.0,2,4
2060,72,2060,134,6,0,15355.19,4.48,2559.2,114590.97,2026-05-24 18:26:42,0,0.0,0.0,1,1
2061,125,2061,134,6,0,15355.19,4.48,2559.2,114590.97,2026-05-24 18:26:42,0,0.0,0.0,3,2
2062,19,2062,117,0,0,104.079118,0.0,,889.57,2026-05-24 18:26:42,0,0.0,,2,4
2063,72,2063,117,0,0,104.079118,0.0,,889.57,2026-05-24 18:26:42,0,0.0,,1,1
2064,125,2064,117,0,0,104.079118,0.0,,889.57,2026-05-24 18:26:42,0,0.0,,3,2
2065,21,2065,160,600,0,105.54,375.0,0.18,659.63,2026-05-24 18:26:42,0,0.0,0.0,1,2
2066,74,2066,160,600,0,105.54,375.0,0.18,659.63,2026-05-24 18:26:42,0,0.0,0.0,3,3
2067,127,2067,160,600,0,105.54,375.0,0.18,659.63,2026-05-24 18:26:42,0,0.0,0.0,2,4
2068,24,2068,47,4,0,106.73,8.51,26.68,2270.85,2026-05-24 18:26:42,0,0.0,0.0,1,1
2069,77,2069,47,4,0,106.73,8.51,26.68,2270.85,2026-05-24 18:26:42,0,0.0,0.0,3,2
2070,130,2070,47,4,0,106.73,8.51,26.68,2270.85,2026-05-24 18:26:42,0,0.0,0.0,2,3
2071,3,2071,138,11,0,110.74,7.97,10.07,802.46,2026-05-24 18:26:42,0,0.0,0.0,1,4
2072,56,2072,138,11,0,110.74,7.97,10.07,802.46,2026-05-24 18:26:42,0,0.0,0.0,3,1
2073,109,2073,138,11,0,110.74,7.97,10.07,802.46,2026-05-24 18:26:42,0,0.0,0.0,2,2
2074,19,2074,129,3,0,113.25,2.33,37.75,877.91,2026-05-24 18:26:42,0,0.0,0.0,2,4
2075,72,2075,129,3,0,113.25,2.33,37.75,877.91,2026-05-24 18:26:42,0,0.0,0.0,1,1
2076,125,2076,129,3,0,113.25,2.33,37.75,877.91,2026-05-24 18:26:42,0,0.0,0.0,3,2
2077,19,2077,95,2,0,117.54,2.11,58.77,1237.26,2026-05-24 18:26:42,0,0.0,0.0,2,4
2078,72,2078,95,2,0,117.54,2.11,58.77,1237.26,2026-05-24 18:26:42,0,0.0,0.0,1,1
2079,125,2079,95,2,0,117.54,2.11,58.77,1237.26,2026-05-24 18:26:42,0,0.0,0.0,3,2
2080,41,2080,20880,10,0,121.26,0.05,12.13,5.81,2026-05-24 18:26:42,0,0.0,0.0,3,2
2081,94,2081,20880,10,0,121.26,0.05,12.13,5.81,2026-05-24 18:26:42,0,0.0,0.0,2,3
2082,147,2082,20880,10,0,121.26,0.05,12.13,5.81,2026-05-24 18:26:42,0,0.0,0.0,1,4
2083,18,2083,62,1,0,124.99,1.61,124.99,2015.97,2026-05-24 18:26:42,0,0.0,0.0,1,3
2084,71,2084,62,1,0,124.99,1.61,124.99,2015.97,2026-05-24 18:26:42,0,0.0,0.0,3,4
2085,124,2085,62,1,0,124.99,1.61,124.99,2015.97,2026-05-24 18:26:42,0,0.0,0.0,2,1
2086,19,2086,26970,18,0,139.51,0.07,7.75,5.17,2026-05-24 18:26:42,0,0.0,0.0,2,4
2087,72,2087,26970,18,0,139.51,0.07,7.75,5.17,2026-05-24 18:26:42,0,0.0,0.0,1,1
2088,125,2088,26970,18,0,139.51,0.07,7.75,5.17,2026-05-24 18:26:42,0,0.0,0.0,3,2
2089,21,2089,229,6,0,140.63,2.62,23.44,614.1,2026-05-24 18:26:42,0,0.0,0.0,1,2
2090,74,2090,229,6,0,140.63,2.62,23.44,614.1,2026-05-24 18:26:42,0,0.0,0.0,3,3
2091,127,2091,229,6,0,140.63,2.62,23.44,614.1,2026-05-24 18:26:42,0,0.0,0.0,2,4
2092,18,2092,141,5,0,144.61,3.55,28.92,1025.6,2026-05-24 18:26:42,0,0.0,0.0,1,3
2093,71,2093,141,5,0,144.61,3.55,28.92,1025.6,2026-05-24 18:26:42,0,0.0,0.0,3,4
2094,124,2094,141,5,0,144.61,3.55,28.92,1025.6,2026-05-24 18:26:42,0,0.0,0.0,2,1
2095,19,2095,202,18,1,150.83,8.91,8.38,746.68,2026-05-24 18:26:42,104500,692.83,5.56,2,4
2096,72,2096,202,18,1,150.83,8.91,8.38,746.68,2026-05-24 18:26:42,104500,692.83,5.56,1,1
2097,125,2097,202,18,1,150.83,8.91,8.38,746.68,2026-05-24 18:26:42,104500,692.83,5.56,3,2
2098,24,2098,100,5,0,151.04,5.0,30.21,1510.4,2026-05-24 18:26:42,0,0.0,0.0,1,1
2099,77,2099,100,5,0,151.04,5.0,30.21,1510.4,2026-05-24 18:26:42,0,0.0,0.0,3,2
2100,130,2100,100,5,0,151.04,5.0,30.21,1510.4,2026-05-24 18:26:42,0,0.0,0.0,2,3
2101,34,2101,303,11,0,164.29,3.63,14.94,542.21,2026-05-24 18:26:42,0,0.0,0.0,2,3
2102,87,2102,303,11,0,164.29,3.63,14.94,542.21,2026-05-24 18:26:42,0,0.0,0.0,1,4
2103,140,2103,303,11,0,164.29,3.63,14.94,542.21,2026-05-24 18:26:42,0,0.0,0.0,3,1
2104,21,2104,40310,15,0,167.63,0.04,11.18,4.16,2026-05-24 18:26:42,0,0.0,0.0,1,2
2105,74,2105,40310,15,0,167.63,0.04,11.18,4.16,2026-05-24 18:26:42,0,0.0,0.0,3,3
2106,127,2106,40310,15,0,167.63,0.04,11.18,4.16,2026-05-24 18:26:42,0,0.0,0.0,2,4
2107,24,2107,109,7,0,172.64,6.42,24.66,1583.85,2026-05-24 18:26:42,0,0.0,0.0,1,1
2108,77,2108,109,7,0,172.64,6.42,24.66,1583.85,2026-05-24 18:26:42,0,0.0,0.0,3,2
2109,130,2109,109,7,0,172.64,6.42,24.66,1583.85,2026-05-24 18:26:42,0,0.0,0.0,2,3
2110,21,2110,333,25,0,172.94,7.51,6.92,519.34,2026-05-24 18:26:42,0,0.0,0.0,1,2
2111,74,2111,333,25,0,172.94,7.51,6.92,519.34,2026-05-24 18:26:42,0,0.0,0.0,3,3
2112,127,2112,333,25,0,172.94,7.51,6.92,519.34,2026-05-24 18:26:42,0,0.0,0.0,2,4
2113,18,2113,258,16,0,27457.84,6.2,1716.12,106425.74,2026-05-24 18:26:42,0,0.0,0.0,1,3
2114,71,2114,258,16,0,27457.84,6.2,1716.12,106425.74,2026-05-24 18:26:42,0,0.0,0.0,3,4
2115,124,2115,258,16,0,27457.84,6.2,1716.12,106425.74,2026-05-24 18:26:42,0,0.0,0.0,2,1
2116,18,2116,165,2,0,185.27,1.21,92.64,1122.85,2026-05-24 18:26:42,0,0.0,0.0,1,3
2117,71,2117,165,2,0,185.27,1.21,92.64,1122.85,2026-05-24 18:26:42,0,0.0,0.0,3,4
2118,124,2118,165,2,0,185.27,1.21,92.64,1122.85,2026-05-24 18:26:42,0,0.0,0.0,2,1
2119,19,2119,168,10,82,-208.97,5.95,-20.9,-1243.87,2026-05-24 18:26:42,95000,-454.61,820.0,2,4
2120,72,2120,168,10,82,-208.97,5.95,-20.9,-1243.87,2026-05-24 18:26:42,95000,-454.61,820.0,1,1
2121,125,2121,168,10,82,-208.97,5.95,-20.9,-1243.87,2026-05-24 18:26:42,95000,-454.61,820.0,3,2
2122,18,2122,283,17,0,223.05,6.01,13.12,788.16,2026-05-24 18:26:42,0,0.0,0.0,1,3
2123,71,2123,283,17,0,223.05,6.01,13.12,788.16,2026-05-24 18:26:42,0,0.0,0.0,3,4
2124,124,2124,283,17,0,223.05,6.01,13.12,788.16,2026-05-24 18:26:42,0,0.0,0.0,2,1
2125,32,2125,224,13,0,226.89,5.8,17.45,1012.9,2026-05-24 18:26:42,0,0.0,0.0,3,1
2126,85,2126,224,13,0,226.89,5.8,17.45,1012.9,2026-05-24 18:26:42,0,0.0,0.0,2,2
2127,138,2127,224,13,0,226.89,5.8,17.45,1012.9,2026-05-24 18:26:42,0,0.0,0.0,1,3
2128,3,2128,141,6,0,227.34,4.26,37.89,1612.34,2026-05-24 18:26:42,0,0.0,0.0,1,4
2129,56,2129,141,6,0,227.34,4.26,37.89,1612.34,2026-05-24 18:26:42,0,0.0,0.0,3,1
2130,109,2130,141,6,0,227.34,4.26,37.89,1612.34,2026-05-24 18:26:42,0,0.0,0.0,2,2
2131,34,2131,379,15,0,227.91,3.96,15.19,601.35,2026-05-24 18:26:42,0,0.0,0.0,2,3
2132,87,2132,379,15,0,227.91,3.96,15.19,601.35,2026-05-24 18:26:42,0,0.0,0.0,1,4
2133,140,2133,379,15,0,227.91,3.96,15.19,601.35,2026-05-24 18:26:42,0,0.0,0.0,3,1
2134,32,2134,312,28,0,231.02,8.97,8.25,740.45,2026-05-24 18:26:42,0,0.0,0.0,3,1
2135,85,2135,312,28,0,231.02,8.97,8.25,740.45,2026-05-24 18:26:42,0,0.0,0.0,2,2
2136,138,2136,312,28,0,231.02,8.97,8.25,740.45,2026-05-24 18:26:42,0,0.0,0.0,1,3
2137,18,2137,210,15,0,254.51,7.14,16.97,1211.95,2026-05-24 18:26:42,0,0.0,0.0,1,3
2138,71,2138,210,15,0,254.51,7.14,16.97,1211.95,2026-05-24 18:26:42,0,0.0,0.0,3,4
2139,124,2139,210,15,0,254.51,7.14,16.97,1211.95,2026-05-24 18:26:42,0,0.0,0.0,2,1
2140,18,2140,315,8,1,258.16,2.54,32.27,819.56,2026-05-24 18:26:42,30900,119.69,12.5,1,3
2141,71,2141,315,8,1,258.16,2.54,32.27,819.56,2026-05-24 18:26:42,30900,119.69,12.5,3,4
2142,124,2142,315,8,1,258.16,2.54,32.27,819.56,2026-05-24 18:26:42,30900,119.69,12.5,2,1
2143,18,2143,317,24,0,274.3,7.57,11.43,865.3,2026-05-24 18:26:42,0,0.0,0.0,1,3
2144,71,2144,317,24,0,274.3,7.57,11.43,865.3,2026-05-24 18:26:42,0,0.0,0.0,3,4
2145,124,2145,317,24,0,274.3,7.57,11.43,865.3,2026-05-24 18:26:42,0,0.0,0.0,2,1
2146,50,2146,366,22,0,275.78,6.01,12.54,753.5,2026-05-24 18:26:42,0,0.0,0.0,3,3
2147,103,2147,366,22,0,275.78,6.01,12.54,753.5,2026-05-24 18:26:42,0,0.0,0.0,2,4
2148,156,2148,366,22,0,275.78,6.01,12.54,753.5,2026-05-24 18:26:42,0,0.0,0.0,1,1
2149,32,2149,308,25,0,283.67,8.12,11.35,921.01,2026-05-24 18:26:42,0,0.0,0.0,3,1
2150,85,2150,308,25,0,283.67,8.12,11.35,921.01,2026-05-24 18:26:42,0,0.0,0.0,2,2
2151,138,2151,308,25,0,283.67,8.12,11.35,921.01,2026-05-24 18:26:42,0,0.0,0.0,1,3
2152,17,2152,89030,2200,0,46858.32,2.47,21.3,526.32,2026-05-24 18:26:42,0,0.0,0.0,3,2
2153,70,2153,89030,2200,0,46858.32,2.47,21.3,526.32,2026-05-24 18:26:42,0,0.0,0.0,2,3
2154,123,2154,89030,2200,0,46858.32,2.47,21.3,526.32,2026-05-24 18:26:42,0,0.0,0.0,1,4
2155,17,2155,429,26,0,319.52,6.06,12.29,744.8,2026-05-24 18:26:42,0,0.0,0.0,3,2
2156,70,2156,429,26,0,319.52,6.06,12.29,744.8,2026-05-24 18:26:42,0,0.0,0.0,2,3
2157,123,2157,429,26,0,319.52,6.06,12.29,744.8,2026-05-24 18:26:42,0,0.0,0.0,1,4
2158,17,2158,490,27,0,327.35,5.51,12.12,668.06,2026-05-24 18:26:42,0,0.0,0.0,3,2
2159,70,2159,490,27,0,327.35,5.51,12.12,668.06,2026-05-24 18:26:42,0,0.0,0.0,2,3
2160,123,2160,490,27,0,327.35,5.51,12.12,668.06,2026-05-24 18:26:42,0,0.0,0.0,1,4
2161,32,2161,331,12,0,330.24,3.63,27.52,997.7,2026-05-24 18:26:42,0,0.0,0.0,3,1
2162,85,2162,331,12,0,330.24,3.63,27.52,997.7,2026-05-24 18:26:42,0,0.0,0.0,2,2
2163,138,2163,331,12,0,330.24,3.63,27.52,997.7,2026-05-24 18:26:42,0,0.0,0.0,1,3
2164,18,2164,327,16,0,335.92,4.89,21.0,1027.28,2026-05-24 18:26:42,0,0.0,0.0,1,3
2165,71,2165,327,16,0,335.92,4.89,21.0,1027.28,2026-05-24 18:26:42,0,0.0,0.0,3,4
2166,124,2166,327,16,0,335.92,4.89,21.0,1027.28,2026-05-24 18:26:42,0,0.0,0.0,2,1
2167,19,2167,-57420,19,0,342.99,-0.03,18.05,-5.97,2026-05-24 18:26:42,0,0.0,0.0,2,4
2168,72,2168,-57420,19,0,342.99,-0.03,18.05,-5.97,2026-05-24 18:26:42,0,0.0,0.0,1,1
2169,125,2169,-57420,19,0,342.99,-0.03,18.05,-5.97,2026-05-24 18:26:42,0,0.0,0.0,3,2
2170,32,2170,390,21,0,358.15,5.38,17.05,918.33,2026-05-24 18:26:42,0,0.0,0.0,3,1
2171,85,2171,390,21,0,358.15,5.38,17.05,918.33,2026-05-24 18:26:42,0,0.0,0.0,2,2
2172,138,2172,390,21,0,358.15,5.38,17.05,918.33,2026-05-24 18:26:42,0,0.0,0.0,1,3
2173,19,2173,366,18,0,363.29,4.92,20.18,992.6,2026-05-24 18:26:42,0,0.0,0.0,2,4
2174,72,2174,366,18,0,363.29,4.92,20.18,992.6,2026-05-24 18:26:42,0,0.0,0.0,1,1
2175,125,2175,366,18,0,363.29,4.92,20.18,992.6,2026-05-24 18:26:42,0,0.0,0.0,3,2
2176,19,2176,424,28,0,374.77,6.6,13.38,883.89,2026-05-24 18:26:42,0,0.0,0.0,2,4
2177,72,2177,424,28,0,374.77,6.6,13.38,883.89,2026-05-24 18:26:42,0,0.0,0.0,1,1
2178,125,2178,424,28,0,374.77,6.6,13.38,883.89,2026-05-24 18:26:42,0,0.0,0.0,3,2
2179,17,2179,930,31,0,386.92,3.33,12.48,416.04,2026-05-24 18:26:42,0,0.0,0.0,3,2
2180,70,2180,930,31,0,386.92,3.33,12.48,416.04,2026-05-24 18:26:42,0,0.0,0.0,2,3
2181,123,2181,930,31,0,386.92,3.33,12.48,416.04,2026-05-24 18:26:42,0,0.0,0.0,1,4
2182,19,2182,459,24,0,388.95,5.23,16.21,847.39,2026-05-24 18:26:42,0,0.0,0.0,2,4
2183,72,2183,459,24,0,388.95,5.23,16.21,847.39,2026-05-24 18:26:42,0,0.0,0.0,1,1
2184,125,2184,459,24,0,388.95,5.23,16.21,847.39,2026-05-24 18:26:42,0,0.0,0.0,3,2
2185,19,2185,250,31,0,389.29,12.4,12.56,1557.16,2026-05-24 18:26:42,0,0.0,0.0,2,4
2186,72,2186,250,31,0,389.29,12.4,12.56,1557.16,2026-05-24 18:26:42,0,0.0,0.0,1,1
2187,125,2187,250,31,0,389.29,12.4,12.56,1557.16,2026-05-24 18:26:42,0,0.0,0.0,3,2
2188,19,2188,546,46,0,463.23,8.42,10.07,848.41,2026-05-24 18:26:42,0,0.0,0.0,2,4
2189,72,2189,546,46,0,463.23,8.42,10.07,848.41,2026-05-24 18:26:42,0,0.0,0.0,1,1
2190,125,2190,546,46,0,463.23,8.42,10.07,848.41,2026-05-24 18:26:42,0,0.0,0.0,3,2
2191,32,2191,83085,28,0,518.78,0.03,18.53,6.24,2026-05-24 18:26:42,0,0.0,0.0,3,1
2192,85,2192,83085,28,0,518.78,0.03,18.53,6.24,2026-05-24 18:26:42,0,0.0,0.0,2,2
2193,138,2193,83085,28,0,518.78,0.03,18.53,6.24,2026-05-24 18:26:42,0,0.0,0.0,1,3
2194,2,2194,331,18,0,618.53,5.44,34.36,1868.67,2026-05-24 18:26:42,0,0.0,0.0,3,3
2195,55,2195,331,18,0,618.53,5.44,34.36,1868.67,2026-05-24 18:26:42,0,0.0,0.0,2,4
2196,108,2196,331,18,0,618.53,5.44,34.36,1868.67,2026-05-24 18:26:42,0,0.0,0.0,1,1
2197,17,2197,1250,42,0,635.75,3.36,15.14,508.6,2026-05-24 18:26:42,0,0.0,0.0,3,2
2198,70,2198,1250,42,0,635.75,3.36,15.14,508.6,2026-05-24 18:26:42,0,0.0,0.0,2,3
2199,123,2199,1250,42,0,635.75,3.36,15.14,508.6,2026-05-24 18:26:42,0,0.0,0.0,1,4
2200,17,2200,1156,33,0,696.67,2.85,21.11,602.66,2026-05-24 18:26:42,0,0.0,0.0,3,2
2201,70,2201,1156,33,0,696.67,2.85,21.11,602.66,2026-05-24 18:26:42,0,0.0,0.0,2,3
2202,123,2202,1156,33,0,696.67,2.85,21.11,602.66,2026-05-24 18:26:42,0,0.0,0.0,1,4
2203,12,2203,966,45,0,-702.85,4.66,-15.62,-727.59,2026-05-24 18:26:42,0,0.0,0.0,1,1
2204,65,2204,966,45,0,-702.85,4.66,-15.62,-727.59,2026-05-24 18:26:42,0,0.0,0.0,3,2
2205,118,2205,966,45,0,-702.85,4.66,-15.62,-727.59,2026-05-24 18:26:42,0,0.0,0.0,2,3
2206,32,2206,122090,40,0,730.88,0.03,18.27,5.99,2026-05-24 18:26:42,0,0.0,0.0,3,1
2207,85,2207,122090,40,0,730.88,0.03,18.27,5.99,2026-05-24 18:26:42,0,0.0,0.0,2,2
2208,138,2208,122090,40,0,730.88,0.03,18.27,5.99,2026-05-24 18:26:42,0,0.0,0.0,1,3
2209,32,2209,-1361,84,0,1039.109999,-6.17,12.37,-763.49,2026-05-24 18:26:42,0,0.0,0.0,3,1
2210,85,2210,-1361,84,0,1039.109999,-6.17,12.37,-763.49,2026-05-24 18:26:42,0,0.0,0.0,2,2
2211,138,2211,-1361,84,0,1039.109999,-6.17,12.37,-763.49,2026-05-24 18:26:42,0,0.0,0.0,1,3
2212,32,2212,1629,80,0,1094.32,4.91,13.68,671.77,2026-05-24 18:26:42,0,0.0,0.0,3,1
2213,85,2213,1629,80,0,1094.32,4.91,13.68,671.77,2026-05-24 18:26:42,0,0.0,0.0,2,2
2214,138,2214,1629,80,0,1094.32,4.91,13.68,671.77,2026-05-24 18:26:42,0,0.0,0.0,1,3
2215,24,2215,1518,98,0,1110.7,6.46,11.33,731.69,2026-05-24 18:26:42,0,0.0,0.0,1,1
2216,77,2216,1518,98,0,1110.7,6.46,11.33,731.69,2026-05-24 18:26:42,0,0.0,0.0,3,2
2217,130,2217,1518,98,0,1110.7,6.46,11.33,731.69,2026-05-24 18:26:42,0,0.0,0.0,2,3
2218,24,2218,-1727,14300,0,1190.49,-828.03,0.08,-689.34,2026-05-24 18:26:42,0,0.0,0.0,1,1
2219,77,2219,-1727,14300,0,1190.49,-828.03,0.08,-689.34,2026-05-24 18:26:42,0,0.0,0.0,3,2
2220,130,2220,-1727,14300,0,1190.49,-828.03,0.08,-689.34,2026-05-24 18:26:42,0,0.0,0.0,2,3
2221,18,2221,0,0,0,0.0,,,,2026-05-24 18:26:42,0,,,1,3
2222,71,2222,0,0,0,0.0,,,,2026-05-24 18:26:42,0,,,3,4
2223,124,2223,0,0,0,0.0,,,,2026-05-24 18:26:42,0,,,2,1
2224,18,2224,0,0,0,0.0,,,,2026-05-24 18:26:42,0,,,1,3
2225,71,2225,0,0,0,0.0,,,,2026-05-24 18:26:42,0,,,3,4
2226,124,2226,0,0,0,0.0,,,,2026-05-24 18:26:42,0,,,2,1
2227,2,2227,0,0,0,0.0,,,,2026-05-24 18:26:42,0,,,3,3
2228,55,2228,0,0,0,0.0,,,,2026-05-24 18:26:42,0,,,2,4
2229,108,2229,0,0,0,0.0,,,,2026-05-24 18:26:42,0,,,1,1
2230,19,2230,0,0,0,0.0,,,,2026-05-24 18:26:42,0,,,2,4
2231,72,2231,0,0,0,0.0,,,,2026-05-24 18:26:42,0,,,1,1
2232,125,2232,0,0,0,0.0,,,,2026-05-24 18:26:42,0,,,3,2
2233,19,2233,-1,0,0,0.16,0.0,,-160.0,2026-05-24 18:26:42,0,0.0,,2,4
2234,72,2234,-1,0,0,0.16,0.0,,-160.0,2026-05-24 18:26:42,0,0.0,,1,1
2235,125,2235,-1,0,0,0.16,0.0,,-160.0,2026-05-24 18:26:42,0,0.0,,3,2
2236,19,2236,4,0,0,0.39,0.0,,97.5,2026-05-24 18:26:42,0,0.0,,2,4
2237,72,2237,4,0,0,0.39,0.0,,97.5,2026-05-24 18:26:42,0,0.0,,1,1
2238,125,2238,4,0,0,0.39,0.0,,97.5,2026-05-24 18:26:42,0,0.0,,3,2
2239,19,2239,2,0,0,0.46,0.0,,230.0,2026-05-24 18:26:42,0,0.0,,2,4
2240,72,2240,2,0,0,0.46,0.0,,230.0,2026-05-24 18:26:42,0,0.0,,1,1
2241,125,2241,2,0,0,0.46,0.0,,230.0,2026-05-24 18:26:42,0,0.0,,3,2
2242,19,2242,5,0,0,132.88,0.0,,26576.0,2026-05-24 18:26:42,0,0.0,,2,4
2243,72,2243,5,0,0,132.88,0.0,,26576.0,2026-05-24 18:26:42,0,0.0,,1,1
2244,125,2244,5,0,0,132.88,0.0,,26576.0,2026-05-24 18:26:42,0,0.0,,3,2
2245,8,2245,1,300,0,1.81,30000.0,0.01,1810.0,2026-05-24 18:26:42,0,0.0,0.0,3,1
2246,61,2246,1,300,0,1.81,30000.0,0.01,1810.0,2026-05-24 18:26:42,0,0.0,0.0,2,2
2247,114,2247,1,300,0,1.81,30000.0,0.01,1810.0,2026-05-24 18:26:42,0,0.0,0.0,1,3
2248,30,2248,5,1,0,1.87,20.0,1.87,374.0,2026-05-24 18:26:42,0,0.0,0.0,1,3
2249,83,2249,5,1,0,1.87,20.0,1.87,374.0,2026-05-24 18:26:42,0,0.0,0.0,3,4
2250,136,2250,5,1,0,1.87,20.0,1.87,374.0,2026-05-24 18:26:42,0,0.0,0.0,2,1
2251,30,2251,3,0,0,2.49,0.0,,830.0,2026-05-24 18:26:42,0,0.0,,1,3
2252,83,2252,3,0,0,2.49,0.0,,830.0,2026-05-24 18:26:42,0,0.0,,3,4
2253,136,2253,3,0,0,2.49,0.0,,830.0,2026-05-24 18:26:42,0,0.0,,2,1
2254,30,2254,4,0,0,2.83,0.0,,707.5,2026-05-24 18:26:42,0,0.0,,1,3
2255,83,2255,4,0,0,2.83,0.0,,707.5,2026-05-24 18:26:42,0,0.0,,3,4
2256,136,2256,4,0,0,2.83,0.0,,707.5,2026-05-24 18:26:42,0,0.0,,2,1
2257,18,2257,4,0,0,3.34,0.0,,835.0,2026-05-24 18:26:42,0,0.0,,1,3
2258,71,2258,4,0,0,3.34,0.0,,835.0,2026-05-24 18:26:42,0,0.0,,3,4
2259,124,2259,4,0,0,3.34,0.0,,835.0,2026-05-24 18:26:42,0,0.0,,2,1
2260,30,2260,11,0,0,5.39,0.0,,490.0,2026-05-24 18:26:42,0,0.0,,1,3
2261,83,2261,11,0,0,5.39,0.0,,490.0,2026-05-24 18:26:42,0,0.0,,3,4
2262,136,2262,11,0,0,5.39,0.0,,490.0,2026-05-24 18:26:42,0,0.0,,2,1
2263,30,2263,9,1,0,5.82,11.11,5.82,646.67,2026-05-24 18:26:42,0,0.0,0.0,1,3
2264,83,2264,9,1,0,5.82,11.11,5.82,646.67,2026-05-24 18:26:42,0,0.0,0.0,3,4
2265,136,2265,9,1,0,5.82,11.11,5.82,646.67,2026-05-24 18:26:42,0,0.0,0.0,2,1
2266,30,2266,7,0,0,6.3,0.0,,900.0,2026-05-24 18:26:42,0,0.0,,1,3
2267,83,2267,7,0,0,6.3,0.0,,900.0,2026-05-24 18:26:42,0,0.0,,3,4
2268,136,2268,7,0,0,6.3,0.0,,900.0,2026-05-24 18:26:42,0,0.0,,2,1
2269,30,2269,10,0,0,6.93,0.0,,693.0,2026-05-24 18:26:42,0,0.0,,1,3
2270,83,2270,10,0,0,6.93,0.0,,693.0,2026-05-24 18:26:42,0,0.0,,3,4
2271,136,2271,10,0,0,6.93,0.0,,693.0,2026-05-24 18:26:42,0,0.0,,2,1
2272,30,2272,8,100,0,9.08,1250.0,0.09,1135.0,2026-05-24 18:26:42,0,0.0,0.0,1,3
2273,83,2273,8,100,0,9.08,1250.0,0.09,1135.0,2026-05-24 18:26:42,0,0.0,0.0,3,4
2274,136,2274,8,100,0,9.08,1250.0,0.09,1135.0,2026-05-24 18:26:42,0,0.0,0.0,2,1
2275,19,2275,12,0,0,10.49,0.0,,874.17,2026-05-24 18:26:42,0,0.0,,2,4
2276,72,2276,12,0,0,10.49,0.0,,874.17,2026-05-24 18:26:42,0,0.0,,1,1
2277,125,2277,12,0,0,10.49,0.0,,874.17,2026-05-24 18:26:42,0,0.0,,3,2
2278,30,2278,6,0,0,10.93,0.0,,1821.67,2026-05-24 18:26:42,0,0.0,,1,3
2279,83,2279,6,0,0,10.93,0.0,,1821.67,2026-05-24 18:26:42,0,0.0,,3,4
2280,136,2280,6,0,0,10.93,0.0,,1821.67,2026-05-24 18:26:42,0,0.0,,2,1
2281,30,2281,10,1,0,11.14,10.0,11.14,1114.0,2026-05-24 18:26:42,0,0.0,0.0,1,3
2282,83,2282,10,1,0,11.14,10.0,11.14,1114.0,2026-05-24 18:26:42,0,0.0,0.0,3,4
2283,136,2283,10,1,0,11.14,10.0,11.14,1114.0,2026-05-24 18:26:42,0,0.0,0.0,2,1
2284,16,2284,16,2,0,12.12,12.5,6.06,757.5,2026-05-24 18:26:42,0,0.0,0.0,2,1
2285,69,2285,16,2,0,12.12,12.5,6.06,757.5,2026-05-24 18:26:42,0,0.0,0.0,1,2
2286,122,2286,16,2,0,12.12,12.5,6.06,757.5,2026-05-24 18:26:42,0,0.0,0.0,3,3
2287,30,2287,22,2,0,12.74,9.09,6.37,579.09,2026-05-24 18:26:42,0,0.0,0.0,1,3
2288,83,2288,22,2,0,12.74,9.09,6.37,579.09,2026-05-24 18:26:42,0,0.0,0.0,3,4
2289,136,2289,22,2,0,12.74,9.09,6.37,579.09,2026-05-24 18:26:42,0,0.0,0.0,2,1
2290,30,2290,16,0,0,15.21,0.0,,950.63,2026-05-24 18:26:42,0,0.0,,1,3
2291,83,2291,16,0,0,15.21,0.0,,950.63,2026-05-24 18:26:42,0,0.0,,3,4
2292,136,2292,16,0,0,15.21,0.0,,950.63,2026-05-24 18:26:42,0,0.0,,2,1
2293,30,2293,27,0,0,19.78,0.0,,732.59,2026-05-24 18:26:42,0,0.0,,1,3
2294,83,2294,27,0,0,19.78,0.0,,732.59,2026-05-24 18:26:42,0,0.0,,3,4
2295,136,2295,27,0,0,19.78,0.0,,732.59,2026-05-24 18:26:42,0,0.0,,2,1
2296,19,2296,19,2,0,21.58,10.53,10.79,1135.79,2026-05-24 18:26:42,0,0.0,0.0,2,4
2297,72,2297,19,2,0,21.58,10.53,10.79,1135.79,2026-05-24 18:26:42,0,0.0,0.0,1,1
2298,125,2298,19,2,0,21.58,10.53,10.79,1135.79,2026-05-24 18:26:42,0,0.0,0.0,3,2
2299,30,2299,16,1,0,25.35,6.25,25.35,1584.38,2026-05-24 18:26:42,0,0.0,0.0,1,3
2300,83,2300,16,1,0,25.35,6.25,25.35,1584.38,2026-05-24 18:26:42,0,0.0,0.0,3,4
2301,136,2301,16,1,0,25.35,6.25,25.35,1584.38,2026-05-24 18:26:42,0,0.0,0.0,2,1
2302,3,2302,33,4,0,4400.14,12.12,1100.04,133337.58,2026-05-24 18:26:42,0,0.0,0.0,1,4
2303,56,2303,33,4,0,4400.14,12.12,1100.04,133337.58,2026-05-24 18:26:42,0,0.0,0.0,3,1
2304,109,2304,33,4,0,4400.14,12.12,1100.04,133337.58,2026-05-24 18:26:42,0,0.0,0.0,2,2
2305,38,2305,16,0,0,35.59,0.0,,2224.38,2026-05-24 18:26:42,0,0.0,,3,3
2306,91,2306,16,0,0,35.59,0.0,,2224.38,2026-05-24 18:26:42,0,0.0,,2,4
2307,144,2307,16,0,0,35.59,0.0,,2224.38,2026-05-24 18:26:42,0,0.0,,1,1
2308,19,2308,29,200,0,36.12,689.66,0.18,1245.52,2026-05-24 18:26:42,0,0.0,0.0,2,4
2309,72,2309,29,200,0,36.12,689.66,0.18,1245.52,2026-05-24 18:26:42,0,0.0,0.0,1,1
2310,125,2310,29,200,0,36.12,689.66,0.18,1245.52,2026-05-24 18:26:42,0,0.0,0.0,3,2
2311,30,2311,19,0,0,-43.84,0.0,,-2307.37,2026-05-24 18:26:42,0,0.0,,1,3
2312,83,2312,19,0,0,-43.84,0.0,,-2307.37,2026-05-24 18:26:42,0,0.0,,3,4
2313,136,2313,19,0,0,-43.84,0.0,,-2307.37,2026-05-24 18:26:42,0,0.0,,2,1
2314,30,2314,40,4,0,47.68,10.0,11.92,1192.0,2026-05-24 18:26:42,0,0.0,0.0,1,3
2315,83,2315,40,4,0,47.68,10.0,11.92,1192.0,2026-05-24 18:26:42,0,0.0,0.0,3,4
2316,136,2316,40,4,0,47.68,10.0,11.92,1192.0,2026-05-24 18:26:42,0,0.0,0.0,2,1
2317,19,2317,43,5,0,62.9,11.63,12.58,1462.79,2026-05-24 18:26:42,0,0.0,0.0,2,4
2318,72,2318,43,5,0,62.9,11.63,12.58,1462.79,2026-05-24 18:26:42,0,0.0,0.0,1,1
2319,125,2319,43,5,0,62.9,11.63,12.58,1462.79,2026-05-24 18:26:42,0,0.0,0.0,3,2
2320,19,2320,78,10,0,78.84,12.82,7.88,1010.77,2026-05-24 18:26:42,0,0.0,0.0,2,4
2321,72,2321,78,10,0,78.84,12.82,7.88,1010.77,2026-05-24 18:26:42,0,0.0,0.0,1,1
2322,125,2322,78,10,0,78.84,12.82,7.88,1010.77,2026-05-24 18:26:42,0,0.0,0.0,3,2
2323,19,2323,92,5,0,121.89,5.43,24.38,1324.89,2026-05-24 18:26:42,0,0.0,0.0,2,4
2324,72,2324,92,5,0,121.89,5.43,24.38,1324.89,2026-05-24 18:26:42,0,0.0,0.0,1,1
2325,125,2325,92,5,0,121.89,5.43,24.38,1324.89,2026-05-24 18:26:42,0,0.0,0.0,3,2
2326,18,2326,168,7,0,123.34,4.17,17.62,734.17,2026-05-24 18:26:42,0,0.0,0.0,1,3
2327,71,2327,168,7,0,123.34,4.17,17.62,734.17,2026-05-24 18:26:42,0,0.0,0.0,3,4
2328,124,2328,168,7,0,123.34,4.17,17.62,734.17,2026-05-24 18:26:42,0,0.0,0.0,2,1
2329,18,2329,129,3,0,140.35,2.33,46.78,1087.98,2026-05-24 18:26:42,0,0.0,0.0,1,3
2330,71,2330,129,3,0,140.35,2.33,46.78,1087.98,2026-05-24 18:26:42,0,0.0,0.0,3,4
2331,124,2331,129,3,0,140.35,2.33,46.78,1087.98,2026-05-24 18:26:42,0,0.0,0.0,2,1
2332,30,2332,267,9,0,170.2,3.37,18.91,637.45,2026-05-24 18:26:42,0,0.0,0.0,1,3
2333,83,2333,267,9,0,170.2,3.37,18.91,637.45,2026-05-24 18:26:42,0,0.0,0.0,3,4
2334,136,2334,267,9,0,170.2,3.37,18.91,637.45,2026-05-24 18:26:42,0,0.0,0.0,2,1
2335,18,2335,187,7,0,174.14,3.74,24.88,931.23,2026-05-24 18:26:42,0,0.0,0.0,1,3
2336,71,2336,187,7,0,174.14,3.74,24.88,931.23,2026-05-24 18:26:42,0,0.0,0.0,3,4
2337,124,2337,187,7,0,174.14,3.74,24.88,931.23,2026-05-24 18:26:42,0,0.0,0.0,2,1
2338,18,2338,167,13,0,184.96,7.78,14.23,1107.54,2026-05-24 18:26:42,0,0.0,0.0,1,3
2339,71,2339,167,13,0,184.96,7.78,14.23,1107.54,2026-05-24 18:26:42,0,0.0,0.0,3,4
2340,124,2340,167,13,0,184.96,7.78,14.23,1107.54,2026-05-24 18:26:42,0,0.0,0.0,2,1
2341,19,2341,242,20,0,225.13,8.26,11.26,930.29,2026-05-24 18:26:42,0,0.0,0.0,2,4
2342,72,2342,242,20,0,225.13,8.26,11.26,930.29,2026-05-24 18:26:42,0,0.0,0.0,1,1
2343,125,2343,242,20,0,225.13,8.26,11.26,930.29,2026-05-24 18:26:42,0,0.0,0.0,3,2
2344,30,2344,253,11,0,34100.33,4.35,3100.03,134783.91,2026-05-24 18:26:42,0,0.0,0.0,1,3
2345,83,2345,253,11,0,34100.33,4.35,3100.03,134783.91,2026-05-24 18:26:42,0,0.0,0.0,3,4
2346,136,2346,253,11,0,34100.33,4.35,3100.03,134783.91,2026-05-24 18:26:42,0,0.0,0.0,2,1
2347,19,2347,258,17,0,248.5,6.59,14.62,963.18,2026-05-24 18:26:42,0,0.0,0.0,2,4
2348,72,2348,258,17,0,248.5,6.59,14.62,963.18,2026-05-24 18:26:42,0,0.0,0.0,1,1
2349,125,2349,258,17,0,248.5,6.59,14.62,963.18,2026-05-24 18:26:42,0,0.0,0.0,3,2
2350,19,2350,257,20,0,248.85,7.78,12.44,968.29,2026-05-24 18:26:42,0,0.0,0.0,2,4
2351,72,2351,257,20,0,248.85,7.78,12.44,968.29,2026-05-24 18:26:42,0,0.0,0.0,1,1
2352,125,2352,257,20,0,248.85,7.78,12.44,968.29,2026-05-24 18:26:42,0,0.0,0.0,3,2
2353,19,2353,216,16,0,270.27,7.41,16.89,1251.25,2026-05-24 18:26:42,0,0.0,0.0,2,4
2354,72,2354,216,16,0,270.27,7.41,16.89,1251.25,2026-05-24 18:26:42,0,0.0,0.0,1,1
2355,125,2355,216,16,0,270.27,7.41,16.89,1251.25,2026-05-24 18:26:42,0,0.0,0.0,3,2
2356,30,2356,506,19,0,308.36,3.75,16.23,609.41,2026-05-24 18:26:42,0,0.0,0.0,1,3
2357,83,2357,506,19,0,308.36,3.75,16.23,609.41,2026-05-24 18:26:42,0,0.0,0.0,3,4
2358,136,2358,506,19,0,308.36,3.75,16.23,609.41,2026-05-24 18:26:42,0,0.0,0.0,2,1
2359,18,2359,255,11,0,310.59,4.31,28.24,1218.0,2026-05-24 18:26:42,0,0.0,0.0,1,3
2360,71,2360,255,11,0,310.59,4.31,28.24,1218.0,2026-05-24 18:26:42,0,0.0,0.0,3,4
2361,124,2361,255,11,0,310.59,4.31,28.24,1218.0,2026-05-24 18:26:42,0,0.0,0.0,2,1
2362,30,2362,444,23,0,323.6,5.18,14.07,728.83,2026-05-24 18:26:42,0,0.0,0.0,1,3
2363,83,2363,444,23,0,323.6,5.18,14.07,728.83,2026-05-24 18:26:42,0,0.0,0.0,3,4
2364,136,2364,444,23,0,323.6,5.18,14.07,728.83,2026-05-24 18:26:42,0,0.0,0.0,2,1
2365,19,2365,284,29,0,353.33,10.21,12.18,1244.12,2026-05-24 18:26:42,0,0.0,0.0,2,4
2366,72,2366,284,29,0,353.33,10.21,12.18,1244.12,2026-05-24 18:26:42,0,0.0,0.0,1,1
2367,125,2367,284,29,0,353.33,10.21,12.18,1244.12,2026-05-24 18:26:42,0,0.0,0.0,3,2
2368,30,2368,355,10,0,403.69,2.82,40.37,1137.15,2026-05-24 18:26:42,0,0.0,0.0,1,3
2369,83,2369,355,10,0,403.69,2.82,40.37,1137.15,2026-05-24 18:26:42,0,0.0,0.0,3,4
2370,136,2370,355,10,0,403.69,2.82,40.37,1137.15,2026-05-24 18:26:42,0,0.0,0.0,2,1
2371,19,2371,58000,44,0,65472.09,0.08,1488.0,1128.83,2026-05-24 18:26:42,0,0.0,0.0,2,4
2372,72,2372,58000,44,0,65472.09,0.08,1488.0,1128.83,2026-05-24 18:26:42,0,0.0,0.0,1,1
2373,125,2373,58000,44,0,65472.09,0.08,1488.0,1128.83,2026-05-24 18:26:42,0,0.0,0.0,3,2
2374,30,2374,461,22,0,440.65,4.77,20.03,955.86,2026-05-24 18:26:42,0,0.0,0.0,1,3
2375,83,2375,461,22,0,440.65,4.77,20.03,955.86,2026-05-24 18:26:42,0,0.0,0.0,3,4
2376,136,2376,461,22,0,440.65,4.77,20.03,955.86,2026-05-24 18:26:42,0,0.0,0.0,2,1
2377,8,2377,592,19,0,468.0,3.21,24.63,790.54,2026-05-24 18:26:42,0,0.0,0.0,3,1
2378,61,2378,592,19,0,468.0,3.21,24.63,790.54,2026-05-24 18:26:42,0,0.0,0.0,2,2
2379,114,2379,592,19,0,468.0,3.21,24.63,790.54,2026-05-24 18:26:42,0,0.0,0.0,1,3
2380,19,2380,441,56,0,524.7,12.7,9.37,1189.8,2026-05-24 18:26:42,0,0.0,0.0,2,4
2381,72,2381,441,56,0,524.7,12.7,9.37,1189.8,2026-05-24 18:26:42,0,0.0,0.0,1,1
2382,125,2382,441,56,0,524.7,12.7,9.37,1189.8,2026-05-24 18:26:42,0,0.0,0.0,3,2
2383,46,2383,641,36,0,543.01,5.62,15.08,847.13,2026-05-24 18:26:42,0,0.0,0.0,2,3
2384,99,2384,641,36,0,543.01,5.62,15.08,847.13,2026-05-24 18:26:42,0,0.0,0.0,1,4
2385,152,2385,641,36,0,543.01,5.62,15.08,847.13,2026-05-24 18:26:42,0,0.0,0.0,3,1
2386,30,2386,575,23,0,545.53,4.0,23.72,948.75,2026-05-24 18:26:42,0,0.0,0.0,1,3
2387,83,2387,575,23,0,545.53,4.0,23.72,948.75,2026-05-24 18:26:42,0,0.0,0.0,3,4
2388,136,2388,575,23,0,545.53,4.0,23.72,948.75,2026-05-24 18:26:42,0,0.0,0.0,2,1
2389,18,2389,504,64,0,565.4,12.7,8.83,1121.83,2026-05-24 18:26:42,0,0.0,0.0,1,3
2390,71,2390,504,64,0,565.4,12.7,8.83,1121.83,2026-05-24 18:26:42,0,0.0,0.0,3,4
2391,124,2391,504,64,0,565.4,12.7,8.83,1121.83,2026-05-24 18:26:42,0,0.0,0.0,2,1
2392,30,2392,559,27,0,595.366726,4.83,22.05,1065.06,2026-05-24 18:26:42,0,0.0,0.0,1,3
2393,83,2393,559,27,0,595.366726,4.83,22.05,1065.06,2026-05-24 18:26:42,0,0.0,0.0,3,4
2394,136,2394,559,27,0,595.366726,4.83,22.05,1065.06,2026-05-24 18:26:42,0,0.0,0.0,2,1
2395,30,2395,926,55,0,610.39,5.94,11.1,659.17,2026-05-24 18:26:42,0,0.0,0.0,1,3
2396,83,2396,926,55,0,610.39,5.94,11.1,659.17,2026-05-24 18:26:42,0,0.0,0.0,3,4
2397,136,2397,926,55,0,610.39,5.94,11.1,659.17,2026-05-24 18:26:42,0,0.0,0.0,2,1
2398,30,2398,677,-14,1,623.4,-2.07,-44.53,920.83,2026-05-24 18:26:42,121000,194.1,-7.14,1,3
2399,83,2399,677,-14,1,623.4,-2.07,-44.53,920.83,2026-05-24 18:26:42,121000,194.1,-7.14,3,4
2400,136,2400,677,-14,1,623.4,-2.07,-44.53,920.83,2026-05-24 18:26:42,121000,194.1,-7.14,2,1
2401,30,2401,1044,40,0,673.11,3.83,16.83,644.74,2026-05-24 18:26:42,0,0.0,0.0,1,3
2402,83,2402,1044,40,0,673.11,3.83,16.83,644.74,2026-05-24 18:26:42,0,0.0,0.0,3,4
2403,136,2403,1044,40,0,673.11,3.83,16.83,644.74,2026-05-24 18:26:42,0,0.0,0.0,2,1
2404,30,2404,691,24,0,699.56,3.47,29.15,1012.39,2026-05-24 18:26:42,0,0.0,0.0,1,3
2405,83,2405,691,24,0,699.56,3.47,29.15,1012.39,2026-05-24 18:26:42,0,0.0,0.0,3,4
2406,136,2406,691,24,0,699.56,3.47,29.15,1012.39,2026-05-24 18:26:42,0,0.0,0.0,2,1
2407,30,2407,947,5600,0,130608.96,591.34,23.32,137918.65,2026-05-24 18:26:42,0,0.0,0.0,1,3
2408,83,2408,947,5600,0,130608.96,591.34,23.32,137918.65,2026-05-24 18:26:42,0,0.0,0.0,3,4
2409,136,2409,947,5600,0,130608.96,591.34,23.32,137918.65,2026-05-24 18:26:42,0,0.0,0.0,2,1
2410,30,2410,1291,-57,0,1080.956682,-4.42,-18.96,837.3,2026-05-24 18:26:42,0,0.0,0.0,1,3
2411,83,2411,1291,-57,0,1080.956682,-4.42,-18.96,837.3,2026-05-24 18:26:42,0,0.0,0.0,3,4
2412,136,2412,1291,-57,0,1080.956682,-4.42,-18.96,837.3,2026-05-24 18:26:42,0,0.0,0.0,2,1
2413,46,2413,1373,64,0,1296.65719,4.66,20.26,944.4,2026-05-24 18:26:42,0,0.0,0.0,2,3
2414,99,2414,1373,64,0,1296.65719,4.66,20.26,944.4,2026-05-24 18:26:42,0,0.0,0.0,1,4
2415,152,2415,1373,64,0,1296.65719,4.66,20.26,944.4,2026-05-24 18:26:42,0,0.0,0.0,3,1
2416,20,2416,0,0,0,0.0,,,,2026-05-24 18:26:42,0,,,3,1
2417,73,2417,0,0,0,0.0,,,,2026-05-24 18:26:42,0,,,2,2
2418,126,2418,0,0,0,0.0,,,,2026-05-24 18:26:42,0,,,1,3
2419,20,2419,0,0,0,0.0,,,,2026-05-24 18:26:42,0,,,3,1
2420,73,2420,0,0,0,0.0,,,,2026-05-24 18:26:42,0,,,2,2
2421,126,2421,0,0,0,0.0,,,,2026-05-24 18:26:42,0,,,1,3
2422,20,2422,0,0,0,0.0,,,,2026-05-24 18:26:42,0,,,3,1
2423,73,2423,0,0,0,0.0,,,,2026-05-24 18:26:42,0,,,2,2
2424,126,2424,0,0,0,0.0,,,,2026-05-24 18:26:42,0,,,1,3
2425,20,2425,0,0,0,0.0,,,,2026-05-24 18:26:42,0,,,3,1
2426,73,2426,0,0,0,0.0,,,,2026-05-24 18:26:42,0,,,2,2
2427,126,2427,0,0,0,0.0,,,,2026-05-24 18:26:42,0,,,1,3
2428,29,2428,0,0,0,0.0,,,,2026-05-24 18:26:42,0,,,3,2
2429,82,2429,0,0,0,0.0,,,,2026-05-24 18:26:42,0,,,2,3
2430,135,2430,0,0,0,0.0,,,,2026-05-24 18:26:42,0,,,1,4
2431,37,2431,1,0,0,0.0,0.0,,0.0,2026-05-24 18:26:42,0,,,2,2
2432,90,2432,1,0,0,0.0,0.0,,0.0,2026-05-24 18:26:42,0,,,1,3
2433,143,2433,1,0,0,0.0,0.0,,0.0,2026-05-24 18:26:42,0,,,3,4
2434,37,2434,1,0,0,0.0,0.0,,0.0,2026-05-24 18:26:42,0,,,2,2
2435,90,2435,1,0,0,0.0,0.0,,0.0,2026-05-24 18:26:42,0,,,1,3
2436,143,2436,1,0,0,0.0,0.0,,0.0,2026-05-24 18:26:42,0,,,3,4
2437,37,2437,1,0,0,0.01,0.0,,10.0,2026-05-24 18:26:42,0,0.0,,2,2
2438,90,2438,1,0,0,0.01,0.0,,10.0,2026-05-24 18:26:42,0,0.0,,1,3
2439,143,2439,1,0,0,0.01,0.0,,10.0,2026-05-24 18:26:42,0,0.0,,3,4
2440,37,2440,3,0,0,0.01,0.0,,3.33,2026-05-24 18:26:42,0,0.0,,2,2
2441,90,2441,3,0,0,0.01,0.0,,3.33,2026-05-24 18:26:42,0,0.0,,1,3
2442,143,2442,3,0,0,0.01,0.0,,3.33,2026-05-24 18:26:42,0,0.0,,3,4
2443,37,2443,9,0,0,0.05,0.0,,5.56,2026-05-24 18:26:42,0,0.0,,2,2
2444,90,2444,9,0,0,0.05,0.0,,5.56,2026-05-24 18:26:42,0,0.0,,1,3
2445,143,2445,9,0,0,0.05,0.0,,5.56,2026-05-24 18:26:42,0,0.0,,3,4
2446,37,2446,12,0,0,10.57,0.0,,880.83,2026-05-24 18:26:42,0,0.0,,2,2
2447,90,2447,12,0,0,10.57,0.0,,880.83,2026-05-24 18:26:42,0,0.0,,1,3
2448,143,2448,12,0,0,10.57,0.0,,880.83,2026-05-24 18:26:42,0,0.0,,3,4
2449,37,2449,16,0,0,0.08,0.0,,5.0,2026-05-24 18:26:42,0,0.0,,2,2
2450,90,2450,16,0,0,0.08,0.0,,5.0,2026-05-24 18:26:42,0,0.0,,1,3
2451,143,2451,16,0,0,0.08,0.0,,5.0,2026-05-24 18:26:42,0,0.0,,3,4
2452,37,2452,2610,0,0,0.11,0.0,,0.04,2026-05-24 18:26:42,0,0.0,,2,2
2453,90,2453,2610,0,0,0.11,0.0,,0.04,2026-05-24 18:26:42,0,0.0,,1,3
2454,143,2454,2610,0,0,0.11,0.0,,0.04,2026-05-24 18:26:42,0,0.0,,3,4
2455,29,2455,6,1,0,0.14,16.67,0.14,23.33,2026-05-24 18:26:42,0,0.0,0.0,3,2
2456,82,2456,6,1,0,0.14,16.67,0.14,23.33,2026-05-24 18:26:42,0,0.0,0.0,2,3
2457,135,2457,6,1,0,0.14,16.67,0.14,23.33,2026-05-24 18:26:42,0,0.0,0.0,1,4
2458,37,2458,135,0,0,158.55,0.0,,1174.44,2026-05-24 18:26:42,0,0.0,,2,2
2459,90,2459,135,0,0,158.55,0.0,,1174.44,2026-05-24 18:26:42,0,0.0,,1,3
2460,143,2460,135,0,0,158.55,0.0,,1174.44,2026-05-24 18:26:42,0,0.0,,3,4
2461,29,2461,146,1,0,5.39,0.68,5.39,36.92,2026-05-24 18:26:42,0,0.0,0.0,3,2
2462,82,2462,146,1,0,5.39,0.68,5.39,36.92,2026-05-24 18:26:42,0,0.0,0.0,2,3
2463,135,2463,146,1,0,5.39,0.68,5.39,36.92,2026-05-24 18:26:42,0,0.0,0.0,1,4
2464,29,2464,20,0,0,13.56,0.0,,678.0,2026-05-24 18:26:42,0,0.0,,3,2
2465,82,2465,20,0,0,13.56,0.0,,678.0,2026-05-24 18:26:42,0,0.0,,2,3
2466,135,2466,20,0,0,13.56,0.0,,678.0,2026-05-24 18:26:42,0,0.0,,1,4
2467,37,2467,3964,4,0,21.22,0.1,5.3,5.35,2026-05-24 18:26:42,0,0.0,0.0,2,2
2468,90,2468,3964,4,0,21.22,0.1,5.3,5.35,2026-05-24 18:26:42,0,0.0,0.0,1,3
2469,143,2469,3964,4,0,21.22,0.1,5.3,5.35,2026-05-24 18:26:42,0,0.0,0.0,3,4
2470,37,2470,3390,3,0,28.48,0.09,9.49,8.4,2026-05-24 18:26:42,0,0.0,0.0,2,2
2471,90,2471,3390,3,0,28.48,0.09,9.49,8.4,2026-05-24 18:26:42,0,0.0,0.0,1,3
2472,143,2472,3390,3,0,28.48,0.09,9.49,8.4,2026-05-24 18:26:42,0,0.0,0.0,3,4
2473,29,2473,144,13,0,-29.37,9.03,-2.26,-203.96,2026-05-24 18:26:42,0,0.0,0.0,3,2
2474,82,2474,144,13,0,-29.37,9.03,-2.26,-203.96,2026-05-24 18:26:42,0,0.0,0.0,2,3
2475,135,2475,144,13,0,-29.37,9.03,-2.26,-203.96,2026-05-24 18:26:42,0,0.0,0.0,1,4
2476,37,2476,6207,10,0,34.88,0.16,3.49,5.62,2026-05-24 18:26:42,0,0.0,0.0,2,2
2477,90,2477,6207,10,0,34.88,0.16,3.49,5.62,2026-05-24 18:26:42,0,0.0,0.0,1,3
2478,143,2478,6207,10,0,34.88,0.16,3.49,5.62,2026-05-24 18:26:42,0,0.0,0.0,3,4
2479,7,2479,881,2100,0,-45.6,238.37,-0.02,-51.76,2026-05-24 18:26:42,0,0.0,0.0,2,4
2480,60,2480,881,2100,0,-45.6,238.37,-0.02,-51.76,2026-05-24 18:26:42,0,0.0,0.0,1,1
2481,113,2481,881,2100,0,-45.6,238.37,-0.02,-51.76,2026-05-24 18:26:42,0,0.0,0.0,3,2
2482,20,2482,1946,63,0,93.26,3.24,1.48,47.92,2026-05-24 18:26:42,0,0.0,0.0,3,1
2483,73,2483,1946,63,0,93.26,3.24,1.48,47.92,2026-05-24 18:26:42,0,0.0,0.0,2,2
2484,126,2484,1946,63,0,93.26,3.24,1.48,47.92,2026-05-24 18:26:42,0,0.0,0.0,1,3
2485,20,2485,3558,120,0,97.47,3.37,0.81,27.39,2026-05-24 18:26:42,0,0.0,0.0,3,1
2486,73,2486,3558,120,0,97.47,3.37,0.81,27.39,2026-05-24 18:26:42,0,0.0,0.0,2,2
2487,126,2487,3558,120,0,97.47,3.37,0.81,27.39,2026-05-24 18:26:42,0,0.0,0.0,1,3
2488,20,2488,6389,183,0,108.19,2.86,0.59,16.93,2026-05-24 18:26:42,0,0.0,0.0,3,1
2489,73,2489,6389,183,0,108.19,2.86,0.59,16.93,2026-05-24 18:26:42,0,0.0,0.0,2,2
2490,126,2490,6389,183,0,108.19,2.86,0.59,16.93,2026-05-24 18:26:42,0,0.0,0.0,1,3
2491,20,2491,2704,-150,0,117.82,-5.55,-0.79,43.57,2026-05-24 18:26:42,0,0.0,0.0,3,1
2492,73,2492,2704,-150,0,117.82,-5.55,-0.79,43.57,2026-05-24 18:26:42,0,0.0,0.0,2,2
2493,126,2493,2704,-150,0,117.82,-5.55,-0.79,43.57,2026-05-24 18:26:42,0,0.0,0.0,1,3
2494,20,2494,3192,158,0,120.08,4.95,0.76,37.62,2026-05-24 18:26:42,0,0.0,0.0,3,1
2495,73,2495,3192,158,0,120.08,4.95,0.76,37.62,2026-05-24 18:26:42,0,0.0,0.0,2,2
2496,126,2496,3192,158,0,120.08,4.95,0.76,37.62,2026-05-24 18:26:42,0,0.0,0.0,1,3
2497,37,2497,22157,61,0,126.67,0.28,2.08,5.72,2026-05-24 18:26:42,0,0.0,0.0,2,2
2498,90,2498,22157,61,0,126.67,0.28,2.08,5.72,2026-05-24 18:26:42,0,0.0,0.0,1,3
2499,143,2499,22157,61,0,126.67,0.28,2.08,5.72,2026-05-24 18:26:42,0,0.0,0.0,3,4
2500,7,2500,5311,79,0,138.21,1.49,1.75,26.02,2026-05-24 18:26:42,0,0.0,0.0,2,4
2501,60,2501,5311,79,0,138.21,1.49,1.75,26.02,2026-05-24 18:26:42,0,0.0,0.0,1,1
2502,113,2502,5311,79,0,138.21,1.49,1.75,26.02,2026-05-24 18:26:42,0,0.0,0.0,3,2
2503,37,2503,26872,81,0,165.49,0.3,2.04,6.16,2026-05-24 18:26:42,0,0.0,0.0,2,2
2504,90,2504,26872,81,0,165.49,0.3,2.04,6.16,2026-05-24 18:26:42,0,0.0,0.0,1,3
2505,143,2505,26872,81,0,165.49,0.3,2.04,6.16,2026-05-24 18:26:42,0,0.0,0.0,3,4
2506,20,2506,11580,336,0,25931.23,2.9,77.18,2239.31,2026-05-24 18:26:42,0,0.0,0.0,3,1
2507,73,2507,11580,336,0,25931.23,2.9,77.18,2239.31,2026-05-24 18:26:42,0,0.0,0.0,2,2
2508,126,2508,11580,336,0,25931.23,2.9,77.18,2239.31,2026-05-24 18:26:42,0,0.0,0.0,1,3
2509,29,2509,870,28,0,26606.2,3.22,950.22,30581.84,2026-05-24 18:26:42,0,0.0,0.0,3,2
2510,82,2510,870,28,0,26606.2,3.22,950.22,30581.84,2026-05-24 18:26:42,0,0.0,0.0,2,3
2511,135,2511,870,28,0,26606.2,3.22,950.22,30581.84,2026-05-24 18:26:42,0,0.0,0.0,1,4
2512,4,2512,2036,-79,0,190.07,-3.88,-2.41,93.35,2026-05-24 18:26:42,0,0.0,0.0,2,1
2513,57,2513,2036,-79,0,190.07,-3.88,-2.41,93.35,2026-05-24 18:26:42,0,0.0,0.0,1,2
2514,110,2514,2036,-79,0,190.07,-3.88,-2.41,93.35,2026-05-24 18:26:42,0,0.0,0.0,3,3
2515,37,2515,35220,97,0,195.35,0.28,2.01,5.55,2026-05-24 18:26:42,0,0.0,0.0,2,2
2516,90,2516,35220,97,0,195.35,0.28,2.01,5.55,2026-05-24 18:26:42,0,0.0,0.0,1,3
2517,143,2517,35220,97,0,195.35,0.28,2.01,5.55,2026-05-24 18:26:42,0,0.0,0.0,3,4
2518,29,2518,1545700,157,0,30012.76,0.01,191.16,19.42,2026-05-24 18:26:42,0,0.0,0.0,3,2
2519,82,2519,1545700,157,0,30012.76,0.01,191.16,19.42,2026-05-24 18:26:42,0,0.0,0.0,2,3
2520,135,2520,1545700,157,0,30012.76,0.01,191.16,19.42,2026-05-24 18:26:42,0,0.0,0.0,1,4
2521,29,2521,12833,155,0,204.96,1.21,1.32,15.97,2026-05-24 18:26:42,0,0.0,0.0,3,2
2522,82,2522,12833,155,0,204.96,1.21,1.32,15.97,2026-05-24 18:26:42,0,0.0,0.0,2,3
2523,135,2523,12833,155,0,204.96,1.21,1.32,15.97,2026-05-24 18:26:42,0,0.0,0.0,1,4
2524,29,2524,-12532,14100,0,208.07,-112.51,0.01,-16.6,2026-05-24 18:26:42,0,0.0,0.0,3,2
2525,82,2525,-12532,14100,0,208.07,-112.51,0.01,-16.6,2026-05-24 18:26:42,0,0.0,0.0,2,3
2526,135,2526,-12532,14100,0,208.07,-112.51,0.01,-16.6,2026-05-24 18:26:42,0,0.0,0.0,1,4
2527,29,2527,2759,97,0,217.0,3.52,2.24,78.65,2026-05-24 18:26:42,0,0.0,0.0,3,2
2528,82,2528,2759,97,0,217.0,3.52,2.24,78.65,2026-05-24 18:26:42,0,0.0,0.0,2,3
2529,135,2529,2759,97,0,217.0,3.52,2.24,78.65,2026-05-24 18:26:42,0,0.0,0.0,1,4
2530,7,2530,13166,122,82,221.14,0.93,1.81,16.8,2026-05-24 18:26:42,90000,406.98,67.21,2,4
2531,60,2531,13166,122,82,221.14,0.93,1.81,16.8,2026-05-24 18:26:42,90000,406.98,67.21,1,1
2532,113,2532,13166,122,82,221.14,0.93,1.81,16.8,2026-05-24 18:26:42,90000,406.98,67.21,3,2
2533,29,2533,6295,-101,0,230.63,-1.6,-2.28,36.64,2026-05-24 18:26:42,0,0.0,0.0,3,2
2534,82,2534,6295,-101,0,230.63,-1.6,-2.28,36.64,2026-05-24 18:26:42,0,0.0,0.0,2,3
2535,135,2535,6295,-101,0,230.63,-1.6,-2.28,36.64,2026-05-24 18:26:42,0,0.0,0.0,1,4
2536,20,2536,1120,63,0,242.61,5.63,3.85,216.62,2026-05-24 18:26:42,0,0.0,0.0,3,1
2537,73,2537,1120,63,0,242.61,5.63,3.85,216.62,2026-05-24 18:26:42,0,0.0,0.0,2,2
2538,126,2538,1120,63,0,242.61,5.63,3.85,216.62,2026-05-24 18:26:42,0,0.0,0.0,1,3
2539,29,2539,2267,85,0,36697.53,3.75,431.74,16187.71,2026-05-24 18:26:42,0,0.0,0.0,3,2
2540,82,2540,2267,85,0,36697.53,3.75,431.74,16187.71,2026-05-24 18:26:42,0,0.0,0.0,2,3
2541,135,2541,2267,85,0,36697.53,3.75,431.74,16187.71,2026-05-24 18:26:42,0,0.0,0.0,1,4
2542,29,2542,4233,11700,0,244.06,276.4,0.02,57.66,2026-05-24 18:26:42,0,0.0,0.0,3,2
2543,82,2543,4233,11700,0,244.06,276.4,0.02,57.66,2026-05-24 18:26:42,0,0.0,0.0,2,3
2544,135,2544,4233,11700,0,244.06,276.4,0.02,57.66,2026-05-24 18:26:42,0,0.0,0.0,1,4
2545,29,2545,1736,66,0,244.64,3.8,3.71,140.92,2026-05-24 18:26:42,0,0.0,0.0,3,2
2546,82,2546,1736,66,0,244.64,3.8,3.71,140.92,2026-05-24 18:26:42,0,0.0,0.0,2,3
2547,135,2547,1736,66,0,244.64,3.8,3.71,140.92,2026-05-24 18:26:42,0,0.0,0.0,1,4
2548,29,2548,2880,85,0,42085.21,2.95,495.12,14612.92,2026-05-24 18:26:42,0,0.0,0.0,3,2
2549,82,2549,2880,85,0,42085.21,2.95,495.12,14612.92,2026-05-24 18:26:42,0,0.0,0.0,2,3
2550,135,2550,2880,85,0,42085.21,2.95,495.12,14612.92,2026-05-24 18:26:42,0,0.0,0.0,1,4
2551,29,2551,15587,208,0,279.13,1.33,1.34,17.91,2026-05-24 18:26:42,0,0.0,0.0,3,2
2552,82,2552,15587,208,0,279.13,1.33,1.34,17.91,2026-05-24 18:26:42,0,0.0,0.0,2,3
2553,135,2553,15587,208,0,279.13,1.33,1.34,17.91,2026-05-24 18:26:42,0,0.0,0.0,1,4
2554,7,2554,3074,117,0,308.23,3.81,2.63,100.27,2026-05-24 18:26:42,0,0.0,0.0,2,4
2555,60,2555,3074,117,0,308.23,3.81,2.63,100.27,2026-05-24 18:26:42,0,0.0,0.0,1,1
2556,113,2556,3074,117,0,308.23,3.81,2.63,100.27,2026-05-24 18:26:42,0,0.0,0.0,3,2
2557,29,2557,1994,7400,0,336.43,371.11,0.05,168.72,2026-05-24 18:26:42,0,0.0,0.0,3,2
2558,82,2558,1994,7400,0,336.43,371.11,0.05,168.72,2026-05-24 18:26:42,0,0.0,0.0,2,3
2559,135,2559,1994,7400,0,336.43,371.11,0.05,168.72,2026-05-24 18:26:42,0,0.0,0.0,1,4
2560,29,2560,3173,140,0,359.11,4.41,2.57,113.18,2026-05-24 18:26:42,0,0.0,0.0,3,2
2561,82,2561,3173,140,0,359.11,4.41,2.57,113.18,2026-05-24 18:26:42,0,0.0,0.0,2,3
2562,135,2562,3173,140,0,359.11,4.41,2.57,113.18,2026-05-24 18:26:42,0,0.0,0.0,1,4
2563,29,2563,-3347,147,0,55661.62,-4.39,378.65,-16630.3,2026-05-24 18:26:42,0,0.0,0.0,3,2
2564,82,2564,-3347,147,0,55661.62,-4.39,378.65,-16630.3,2026-05-24 18:26:42,0,0.0,0.0,2,3
2565,135,2565,-3347,147,0,55661.62,-4.39,378.65,-16630.3,2026-05-24 18:26:42,0,0.0,0.0,1,4
2566,20,2566,23212,463,0,373.99,1.99,0.81,16.11,2026-05-24 18:26:42,0,0.0,0.0,3,1
2567,73,2567,23212,463,0,373.99,1.99,0.81,16.11,2026-05-24 18:26:42,0,0.0,0.0,2,2
2568,126,2568,23212,463,0,373.99,1.99,0.81,16.11,2026-05-24 18:26:42,0,0.0,0.0,1,3
2569,29,2569,3533,132,0,387.0,3.74,2.93,109.54,2026-05-24 18:26:42,0,0.0,0.0,3,2
2570,82,2570,3533,132,0,387.0,3.74,2.93,109.54,2026-05-24 18:26:42,0,0.0,0.0,2,3
2571,135,2571,3533,132,0,387.0,3.74,2.93,109.54,2026-05-24 18:26:42,0,0.0,0.0,1,4
2572,29,2572,32117,33600,0,475.32,104.62,0.01,14.8,2026-05-24 18:26:42,0,0.0,0.0,3,2
2573,82,2573,32117,33600,0,475.32,104.62,0.01,14.8,2026-05-24 18:26:42,0,0.0,0.0,2,3
2574,135,2574,32117,33600,0,475.32,104.62,0.01,14.8,2026-05-24 18:26:42,0,0.0,0.0,1,4
2575,29,2575,4911,128,0,522.07,2.61,4.08,106.31,2026-05-24 18:26:42,0,0.0,0.0,3,2
2576,82,2576,4911,128,0,522.07,2.61,4.08,106.31,2026-05-24 18:26:42,0,0.0,0.0,2,3
2577,135,2577,4911,128,0,522.07,2.61,4.08,106.31,2026-05-24 18:26:42,0,0.0,0.0,1,4
2578,29,2578,17120,283,0,532.429999,1.65,1.88,31.1,2026-05-24 18:26:42,0,0.0,0.0,3,2
2579,82,2579,17120,283,0,532.429999,1.65,1.88,31.1,2026-05-24 18:26:42,0,0.0,0.0,2,3
2580,135,2580,17120,283,0,532.429999,1.65,1.88,31.1,2026-05-24 18:26:42,0,0.0,0.0,1,4
2581,20,2581,2098,143,0,550.11,6.82,3.85,262.21,2026-05-24 18:26:42,0,0.0,0.0,3,1
2582,73,2582,2098,143,0,550.11,6.82,3.85,262.21,2026-05-24 18:26:42,0,0.0,0.0,2,2
2583,126,2583,2098,143,0,550.11,6.82,3.85,262.21,2026-05-24 18:26:42,0,0.0,0.0,1,3
2584,29,2584,22667,257,0,550.3,1.13,2.14,24.28,2026-05-24 18:26:42,0,0.0,0.0,3,2
2585,82,2585,22667,257,0,550.3,1.13,2.14,24.28,2026-05-24 18:26:42,0,0.0,0.0,2,3
2586,135,2586,22667,257,0,550.3,1.13,2.14,24.28,2026-05-24 18:26:42,0,0.0,0.0,1,4
2587,29,2587,24480,614,0,604.06,2.51,0.98,24.68,2026-05-24 18:26:42,0,0.0,0.0,3,2
2588,82,2588,24480,614,0,604.06,2.51,0.98,24.68,2026-05-24 18:26:42,0,0.0,0.0,2,3
2589,135,2589,24480,614,0,604.06,2.51,0.98,24.68,2026-05-24 18:26:42,0,0.0,0.0,1,4
2590,29,2590,9325,197,0,606.84,2.11,3.08,65.08,2026-05-24 18:26:42,0,0.0,0.0,3,2
2591,82,2591,9325,197,0,606.84,2.11,3.08,65.08,2026-05-24 18:26:42,0,0.0,0.0,2,3
2592,135,2592,9325,197,0,606.84,2.11,3.08,65.08,2026-05-24 18:26:42,0,0.0,0.0,1,4
2593,29,2593,22076,634,0,723.2,2.87,1.14,32.76,2026-05-24 18:26:42,0,0.0,0.0,3,2
2594,82,2594,22076,634,0,723.2,2.87,1.14,32.76,2026-05-24 18:26:42,0,0.0,0.0,2,3
2595,135,2595,22076,634,0,723.2,2.87,1.14,32.76,2026-05-24 18:26:42,0,0.0,0.0,1,4
2596,7,2596,12922,345,1,944.56,2.67,2.74,73.1,2026-05-24 18:26:42,116000,122.81,0.29,2,4
2597,60,2597,12922,345,1,944.56,2.67,2.74,73.1,2026-05-24 18:26:42,116000,122.81,0.29,1,1
2598,113,2598,12922,345,1,944.56,2.67,2.74,73.1,2026-05-24 18:26:42,116000,122.81,0.29,3,2
2599,20,2599,75636,1259,0,958.31,1.66,0.76,12.67,2026-05-24 18:26:42,0,0.0,0.0,3,1
2600,73,2600,75636,1259,0,958.31,1.66,0.76,12.67,2026-05-24 18:26:42,0,0.0,0.0,2,2
2601,126,2601,75636,1259,0,958.31,1.66,0.76,12.67,2026-05-24 18:26:42,0,0.0,0.0,1,3
2602,29,2602,8319,202,0,1031.339999,2.43,5.11,123.97,2026-05-24 18:26:42,0,0.0,0.0,3,2
2603,82,2603,8319,202,0,1031.339999,2.43,5.11,123.97,2026-05-24 18:26:42,0,0.0,0.0,2,3
2604,135,2604,8319,202,0,1031.339999,2.43,5.11,123.97,2026-05-24 18:26:42,0,0.0,0.0,1,4
2605,29,2605,10245,284,0,1098.12,2.77,3.87,107.19,2026-05-24 18:26:42,0,0.0,0.0,3,2
2606,82,2606,10245,284,0,1098.12,2.77,3.87,107.19,2026-05-24 18:26:42,0,0.0,0.0,2,3
2607,135,2607,10245,284,0,1098.12,2.77,3.87,107.19,2026-05-24 18:26:42,0,0.0,0.0,1,4
2608,29,2608,75913,3008,0,1232.43,3.96,0.41,16.23,2026-05-24 18:26:42,0,0.0,0.0,3,2
2609,82,2609,75913,3008,0,1232.43,3.96,0.41,16.23,2026-05-24 18:26:42,0,0.0,0.0,2,3
2610,135,2610,75913,3008,0,1232.43,3.96,0.41,16.23,2026-05-24 18:26:42,0,0.0,0.0,1,4
2611,29,2611,2191095,439,1,1267.11,0.02,2.89,0.58,2026-05-24 18:26:42,146000,115.22,0.23,3,2
2612,82,2612,2191095,439,1,1267.11,0.02,2.89,0.58,2026-05-24 18:26:42,146000,115.22,0.23,2,3
2613,135,2613,2191095,439,1,1267.11,0.02,2.89,0.58,2026-05-24 18:26:42,146000,115.22,0.23,1,4
2614,29,2614,83606,3067,0,1272.11,3.67,0.41,15.22,2026-05-24 18:26:42,0,0.0,0.0,3,2
2615,82,2615,83606,3067,0,1272.11,3.67,0.41,15.22,2026-05-24 18:26:42,0,0.0,0.0,2,3
2616,135,2616,83606,3067,0,1272.11,3.67,0.41,15.22,2026-05-24 18:26:42,0,0.0,0.0,1,4
2617,20,2617,9739795,938,0,1303.94,0.01,1.39,0.13,2026-05-24 18:26:42,0,0.0,0.0,3,1
2618,73,2618,9739795,938,0,1303.94,0.01,1.39,0.13,2026-05-24 18:26:42,0,0.0,0.0,2,2
2619,126,2619,9739795,938,0,1303.94,0.01,1.39,0.13,2026-05-24 18:26:42,0,0.0,0.0,1,3
2620,20,2620,180964,2488,0,1352.39,1.37,0.54,7.47,2026-05-24 18:26:42,0,0.0,0.0,3,1
2621,73,2621,180964,2488,0,1352.39,1.37,0.54,7.47,2026-05-24 18:26:42,0,0.0,0.0,2,2
2622,126,2622,180964,2488,0,1352.39,1.37,0.54,7.47,2026-05-24 18:26:42,0,0.0,0.0,1,3
2623,20,2623,145024,2162,0,217501.91,1.49,100.6,1499.76,2026-05-24 18:26:42,0,0.0,0.0,3,1
2624,73,2624,145024,2162,0,217501.91,1.49,100.6,1499.76,2026-05-24 18:26:42,0,0.0,0.0,2,2
2625,126,2625,145024,2162,0,217501.91,1.49,100.6,1499.76,2026-05-24 18:26:42,0,0.0,0.0,1,3
2626,20,2626,97372,3094,0,1777.27,3.18,0.57,18.25,2026-05-24 18:26:42,0,0.0,0.0,3,1
2627,73,2627,97372,3094,0,1777.27,3.18,0.57,18.25,2026-05-24 18:26:42,0,0.0,0.0,2,2
2628,126,2628,97372,3094,0,1777.27,3.18,0.57,18.25,2026-05-24 18:26:42,0,0.0,0.0,1,3
2629,20,2629,103954,2983,0,1902.78,2.87,0.64,18.3,2026-05-24 18:26:42,0,0.0,0.0,3,1
2630,73,2630,103954,2983,0,1902.78,2.87,0.64,18.3,2026-05-24 18:26:42,0,0.0,0.0,2,2
2631,126,2631,103954,2983,0,1902.78,2.87,0.64,18.3,2026-05-24 18:26:42,0,0.0,0.0,1,3
2632,4,2632,99546,2890,0,2153.7,2.9,0.75,21.64,2026-05-24 18:26:42,0,0.0,0.0,2,1
2633,57,2633,99546,2890,0,2153.7,2.9,0.75,21.64,2026-05-24 18:26:42,0,0.0,0.0,1,2
2634,110,2634,99546,2890,0,2153.7,2.9,0.75,21.64,2026-05-24 18:26:42,0,0.0,0.0,3,3
2635,20,2635,137253,3723,1,2306.23,2.71,0.62,16.8,2026-05-24 18:26:42,-95000,-41.19,0.03,3,1
2636,73,2636,137253,3723,1,2306.23,2.71,0.62,16.8,2026-05-24 18:26:42,-95000,-41.19,0.03,2,2
2637,126,2637,137253,3723,1,2306.23,2.71,0.62,16.8,2026-05-24 18:26:42,-95000,-41.19,0.03,1,3
2638,20,2638,23663855,4739,2,2414.98,0.02,0.51,0.1,2026-05-24 18:26:42,-170500,-70.6,0.04,3,1
2639,73,2639,23663855,4739,2,2414.98,0.02,0.51,0.1,2026-05-24 18:26:42,-170500,-70.6,0.04,2,2
2640,126,2640,23663855,4739,2,2414.98,0.02,0.51,0.1,2026-05-24 18:26:42,-170500,-70.6,0.04,1,3
2641,20,2641,168407,476000,0,2697.47,282.65,0.01,16.02,2026-05-24 18:26:42,0,0.0,0.0,3,1
2642,73,2642,168407,476000,0,2697.47,282.65,0.01,16.02,2026-05-24 18:26:42,0,0.0,0.0,2,2
2643,126,2643,168407,476000,0,2697.47,282.65,0.01,16.02,2026-05-24 18:26:42,0,0.0,0.0,1,3
2644,30,2644,2,0,0,0.11,0.0,,55.0,2026-05-24 18:26:42,0,0.0,,1,3
2645,83,2645,2,0,0,0.11,0.0,,55.0,2026-05-24 18:26:42,0,0.0,,3,4
2646,136,2646,2,0,0,0.11,0.0,,55.0,2026-05-24 18:26:42,0,0.0,,2,1
2647,30,2647,5,0,0,0.52,0.0,,104.0,2026-05-24 18:26:42,0,0.0,,1,3
2648,83,2648,5,0,0,0.52,0.0,,104.0,2026-05-24 18:26:42,0,0.0,,3,4
2649,136,2649,5,0,0,0.52,0.0,,104.0,2026-05-24 18:26:42,0,0.0,,2,1
2650,30,2650,33,2,0,1.14,6.06,0.57,34.55,2026-05-24 18:26:42,0,0.0,0.0,1,3
2651,83,2651,33,2,0,1.14,6.06,0.57,34.55,2026-05-24 18:26:42,0,0.0,0.0,3,4
2652,136,2652,33,2,0,1.14,6.06,0.57,34.55,2026-05-24 18:26:42,0,0.0,0.0,2,1
2653,30,2653,115,2,0,7.92,1.74,3.96,68.87,2026-05-24 18:26:42,0,0.0,0.0,1,3
2654,83,2654,115,2,0,7.92,1.74,3.96,68.87,2026-05-24 18:26:42,0,0.0,0.0,3,4
2655,136,2655,115,2,0,7.92,1.74,3.96,68.87,2026-05-24 18:26:42,0,0.0,0.0,2,1
2656,46,2656,263,15,0,18.793343,5.7,1.25,71.46,2026-05-24 18:26:42,0,0.0,0.0,2,3
2657,99,2657,263,15,0,18.793343,5.7,1.25,71.46,2026-05-24 18:26:42,0,0.0,0.0,1,4
2658,152,2658,263,15,0,18.793343,5.7,1.25,71.46,2026-05-24 18:26:42,0,0.0,0.0,3,1
2659,30,2659,159,8,0,83.94,5.03,10.49,527.92,2026-05-24 18:26:42,0,0.0,0.0,1,3
2660,83,2660,159,8,0,83.94,5.03,10.49,527.92,2026-05-24 18:26:42,0,0.0,0.0,3,4
2661,136,2661,159,8,0,83.94,5.03,10.49,527.92,2026-05-24 18:26:42,0,0.0,0.0,2,1
2662,30,2662,136,2,0,84.16,1.47,42.08,618.82,2026-05-24 18:26:42,0,0.0,0.0,1,3
2663,83,2663,136,2,0,84.16,1.47,42.08,618.82,2026-05-24 18:26:42,0,0.0,0.0,3,4
2664,136,2664,136,2,0,84.16,1.47,42.08,618.82,2026-05-24 18:26:42,0,0.0,0.0,2,1
2665,30,2665,-226,12,0,90.594998,-5.31,7.55,-400.86,2026-05-24 18:26:42,0,0.0,0.0,1,3
2666,83,2666,-226,12,0,90.594998,-5.31,7.55,-400.86,2026-05-24 18:26:42,0,0.0,0.0,3,4
2667,136,2667,-226,12,0,90.594998,-5.31,7.55,-400.86,2026-05-24 18:26:42,0,0.0,0.0,2,1
2668,30,2668,233,6,0,317.02,2.58,52.84,1360.6,2026-05-24 18:26:42,0,0.0,0.0,1,3
2669,83,2669,233,6,0,317.02,2.58,52.84,1360.6,2026-05-24 18:26:42,0,0.0,0.0,3,4
2670,136,2670,233,6,0,317.02,2.58,52.84,1360.6,2026-05-24 18:26:42,0,0.0,0.0,2,1
2671,30,2671,28275,11,0,337.51,0.04,30.68,11.94,2026-05-24 18:26:42,0,0.0,0.0,1,3
2672,83,2672,28275,11,0,337.51,0.04,30.68,11.94,2026-05-24 18:26:42,0,0.0,0.0,3,4
2673,136,2673,28275,11,0,337.51,0.04,30.68,11.94,2026-05-24 18:26:42,0,0.0,0.0,2,1
2674,30,2674,253,10,0,400.49,3.95,40.05,1582.96,2026-05-24 18:26:42,0,0.0,0.0,1,3
2675,83,2675,253,10,0,400.49,3.95,40.05,1582.96,2026-05-24 18:26:42,0,0.0,0.0,3,4
2676,136,2676,253,10,0,400.49,3.95,40.05,1582.96,2026-05-24 18:26:42,0,0.0,0.0,2,1
2677,30,2677,211,10,0,420.525234,4.74,42.05,1993.01,2026-05-24 18:26:42,0,0.0,0.0,1,3
2678,83,2678,211,10,0,420.525234,4.74,42.05,1993.01,2026-05-24 18:26:42,0,0.0,0.0,3,4
2679,136,2679,211,10,0,420.525234,4.74,42.05,1993.01,2026-05-24 18:26:42,0,0.0,0.0,2,1
2680,42,2680,0,0,0,0.0,,,,2026-05-24 18:26:42,0,,,1,3
2681,95,2681,0,0,0,0.0,,,,2026-05-24 18:26:42,0,,,3,4
2682,148,2682,0,0,0,0.0,,,,2026-05-24 18:26:42,0,,,2,1
2683,35,2683,0,0,0,0.0,,,,2026-05-24 18:26:42,0,,,3,4
2684,88,2684,0,0,0,0.0,,,,2026-05-24 18:26:42,0,,,2,1
2685,141,2685,0,0,0,0.0,,,,2026-05-24 18:26:42,0,,,1,2
2686,8,2686,2,0,0,0.16,0.0,,80.0,2026-05-24 18:26:42,0,0.0,,3,1
2687,61,2687,2,0,0,0.16,0.0,,80.0,2026-05-24 18:26:42,0,0.0,,2,2
2688,114,2688,2,0,0,0.16,0.0,,80.0,2026-05-24 18:26:42,0,0.0,,1,3
2689,30,2689,5,-1,0,-0.22,-20.0,0.22,-44.0,2026-05-24 18:26:42,0,0.0,0.0,1,3
2690,83,2690,5,-1,0,-0.22,-20.0,0.22,-44.0,2026-05-24 18:26:42,0,0.0,0.0,3,4
2691,136,2691,5,-1,0,-0.22,-20.0,0.22,-44.0,2026-05-24 18:26:42,0,0.0,0.0,2,1
2692,30,2692,2,0,0,0.45,0.0,,225.0,2026-05-24 18:26:42,0,0.0,,1,3
2693,83,2693,2,0,0,0.45,0.0,,225.0,2026-05-24 18:26:42,0,0.0,,3,4
2694,136,2694,2,0,0,0.45,0.0,,225.0,2026-05-24 18:26:42,0,0.0,,2,1
2695,30,2695,51,1,0,1.88,1.96,1.88,36.86,2026-05-24 18:26:42,0,0.0,0.0,1,3
2696,83,2696,51,1,0,1.88,1.96,1.88,36.86,2026-05-24 18:26:42,0,0.0,0.0,3,4
2697,136,2697,51,1,0,1.88,1.96,1.88,36.86,2026-05-24 18:26:42,0,0.0,0.0,2,1
2698,30,2698,26,3,0,2.86,11.54,0.95,110.0,2026-05-24 18:26:42,0,0.0,0.0,1,3
2699,83,2699,26,3,0,2.86,11.54,0.95,110.0,2026-05-24 18:26:42,0,0.0,0.0,3,4
2700,136,2700,26,3,0,2.86,11.54,0.95,110.0,2026-05-24 18:26:42,0,0.0,0.0,2,1
2701,26,2701,26,1,0,26.81,3.85,26.81,1031.15,2026-05-24 18:26:42,0,0.0,0.0,3,3
2702,79,2702,26,1,0,26.81,3.85,26.81,1031.15,2026-05-24 18:26:42,0,0.0,0.0,2,4
2703,132,2703,26,1,0,26.81,3.85,26.81,1031.15,2026-05-24 18:26:42,0,0.0,0.0,1,1
2704,35,2704,471,28,0,62.34,5.94,2.23,132.36,2026-05-24 18:26:42,0,0.0,0.0,3,4
2705,88,2705,471,28,0,62.34,5.94,2.23,132.36,2026-05-24 18:26:42,0,0.0,0.0,2,1
2706,141,2706,471,28,0,62.34,5.94,2.23,132.36,2026-05-24 18:26:42,0,0.0,0.0,1,2
2707,26,2707,48,6,0,80.57,12.5,13.43,1678.54,2026-05-24 18:26:42,0,0.0,0.0,3,3
2708,79,2708,48,6,0,80.57,12.5,13.43,1678.54,2026-05-24 18:26:42,0,0.0,0.0,2,4
2709,132,2709,48,6,0,80.57,12.5,13.43,1678.54,2026-05-24 18:26:42,0,0.0,0.0,1,1
2710,13,2710,431,32,0,97.71,7.42,3.05,226.71,2026-05-24 18:26:42,0,0.0,0.0,2,2
2711,66,2711,431,32,0,97.71,7.42,3.05,226.71,2026-05-24 18:26:42,0,0.0,0.0,1,3
2712,119,2712,431,32,0,97.71,7.42,3.05,226.71,2026-05-24 18:26:42,0,0.0,0.0,3,4
2713,26,2713,256,54,0,143.9,21.09,2.66,562.11,2026-05-24 18:26:42,0,0.0,0.0,3,3
2714,79,2714,256,54,0,143.9,21.09,2.66,562.11,2026-05-24 18:26:42,0,0.0,0.0,2,4
2715,132,2715,256,54,0,143.9,21.09,2.66,562.11,2026-05-24 18:26:42,0,0.0,0.0,1,1
2716,26,2716,79,9,0,158.18,11.39,17.58,2002.28,2026-05-24 18:26:42,0,0.0,0.0,3,3
2717,79,2717,79,9,0,158.18,11.39,17.58,2002.28,2026-05-24 18:26:42,0,0.0,0.0,2,4
2718,132,2718,79,9,0,158.18,11.39,17.58,2002.28,2026-05-24 18:26:42,0,0.0,0.0,1,1
2719,25,2719,152,20,82,159.26,13.16,7.96,1047.76,2026-05-24 18:26:42,101000,634.18,410.0,2,2
2720,78,2720,152,20,82,159.26,13.16,7.96,1047.76,2026-05-24 18:26:42,101000,634.18,410.0,1,3
2721,131,2721,152,20,82,159.26,13.16,7.96,1047.76,2026-05-24 18:26:42,101000,634.18,410.0,3,4
2722,16,2722,275210,53,0,171.084586,0.02,3.23,0.62,2026-05-24 18:26:42,0,0.0,0.0,2,1
2723,69,2723,275210,53,0,171.084586,0.02,3.23,0.62,2026-05-24 18:26:42,0,0.0,0.0,1,2
2724,122,2724,275210,53,0,171.084586,0.02,3.23,0.62,2026-05-24 18:26:42,0,0.0,0.0,3,3
2725,8,2725,656,1000,0,212.18,152.44,0.21,323.45,2026-05-24 18:26:42,0,0.0,0.0,3,1
2726,61,2726,656,1000,0,212.18,152.44,0.21,323.45,2026-05-24 18:26:42,0,0.0,0.0,2,2
2727,114,2727,656,1000,0,212.18,152.44,0.21,323.45,2026-05-24 18:26:42,0,0.0,0.0,1,3
2728,30,2728,871,21,0,-227.51,2.41,-10.83,-261.21,2026-05-24 18:26:42,0,0.0,0.0,1,3
2729,83,2729,871,21,0,-227.51,2.41,-10.83,-261.21,2026-05-24 18:26:42,0,0.0,0.0,3,4
2730,136,2730,871,21,0,-227.51,2.41,-10.83,-261.21,2026-05-24 18:26:42,0,0.0,0.0,2,1
2731,30,2731,623,24,0,235.56,3.85,9.81,378.11,2026-05-24 18:26:42,0,0.0,0.0,1,3
2732,83,2732,623,24,0,235.56,3.85,9.81,378.11,2026-05-24 18:26:42,0,0.0,0.0,3,4
2733,136,2733,623,24,0,235.56,3.85,9.81,378.11,2026-05-24 18:26:42,0,0.0,0.0,2,1
2734,30,2734,2406,171,0,272.71,7.11,1.59,113.35,2026-05-24 18:26:42,0,0.0,0.0,1,3
2735,83,2735,2406,171,0,272.71,7.11,1.59,113.35,2026-05-24 18:26:42,0,0.0,0.0,3,4
2736,136,2736,2406,171,0,272.71,7.11,1.59,113.35,2026-05-24 18:26:42,0,0.0,0.0,2,1
2737,26,2737,509,107,0,315.47,21.02,2.95,619.78,2026-05-24 18:26:42,0,0.0,0.0,3,3
2738,79,2738,509,107,0,315.47,21.02,2.95,619.78,2026-05-24 18:26:42,0,0.0,0.0,2,4
2739,132,2739,509,107,0,315.47,21.02,2.95,619.78,2026-05-24 18:26:42,0,0.0,0.0,1,1
2740,35,2740,1712,9100,0,318.91,531.54,0.04,186.28,2026-05-24 18:26:42,0,0.0,0.0,3,4
2741,88,2741,1712,9100,0,318.91,531.54,0.04,186.28,2026-05-24 18:26:42,0,0.0,0.0,2,1
2742,141,2742,1712,9100,0,318.91,531.54,0.04,186.28,2026-05-24 18:26:42,0,0.0,0.0,1,2
2743,26,2743,293,34,0,396.04,11.6,11.65,1351.67,2026-05-24 18:26:42,0,0.0,0.0,3,3
2744,79,2744,293,34,0,396.04,11.6,11.65,1351.67,2026-05-24 18:26:42,0,0.0,0.0,2,4
2745,132,2745,293,34,0,396.04,11.6,11.65,1351.67,2026-05-24 18:26:42,0,0.0,0.0,1,1
2746,35,2746,2076,151,0,434.56,7.27,2.88,209.33,2026-05-24 18:26:42,0,0.0,0.0,3,4
2747,88,2747,2076,151,0,434.56,7.27,2.88,209.33,2026-05-24 18:26:42,0,0.0,0.0,2,1
2748,141,2748,2076,151,0,434.56,7.27,2.88,209.33,2026-05-24 18:26:42,0,0.0,0.0,1,2
2749,30,2749,2140,173,0,438.98,8.08,2.54,205.13,2026-05-24 18:26:42,0,0.0,0.0,1,3
2750,83,2750,2140,173,0,438.98,8.08,2.54,205.13,2026-05-24 18:26:42,0,0.0,0.0,3,4
2751,136,2751,2140,173,0,438.98,8.08,2.54,205.13,2026-05-24 18:26:42,0,0.0,0.0,2,1
2752,30,2752,4833,303,0,441.42,6.27,1.46,91.33,2026-05-24 18:26:42,0,0.0,0.0,1,3
2753,83,2753,4833,303,0,441.42,6.27,1.46,91.33,2026-05-24 18:26:42,0,0.0,0.0,3,4
2754,136,2754,4833,303,0,441.42,6.27,1.46,91.33,2026-05-24 18:26:42,0,0.0,0.0,2,1
2755,30,2755,6355,399,0,490.6,6.28,1.23,77.2,2026-05-24 18:26:42,0,0.0,0.0,1,3
2756,83,2756,6355,399,0,490.6,6.28,1.23,77.2,2026-05-24 18:26:42,0,0.0,0.0,3,4
2757,136,2757,6355,399,0,490.6,6.28,1.23,77.2,2026-05-24 18:26:42,0,0.0,0.0,2,1
2758,25,2758,336,48,0,536.36,14.29,11.17,1596.31,2026-05-24 18:26:42,0,0.0,0.0,2,2
2759,78,2759,336,48,0,536.36,14.29,11.17,1596.31,2026-05-24 18:26:42,0,0.0,0.0,1,3
2760,131,2760,336,48,0,536.36,14.29,11.17,1596.31,2026-05-24 18:26:42,0,0.0,0.0,3,4
2761,26,2761,434,65,0,567.96,14.98,8.74,1308.66,2026-05-24 18:26:42,0,0.0,0.0,3,3
2762,79,2762,434,65,0,567.96,14.98,8.74,1308.66,2026-05-24 18:26:42,0,0.0,0.0,2,4
2763,132,2763,434,65,0,567.96,14.98,8.74,1308.66,2026-05-24 18:26:42,0,0.0,0.0,1,1
2764,30,2764,586,27,0,-597.870761,4.61,-22.14,-1020.26,2026-05-24 18:26:42,0,0.0,0.0,1,3
2765,83,2765,586,27,0,-597.870761,4.61,-22.14,-1020.26,2026-05-24 18:26:42,0,0.0,0.0,3,4
2766,136,2766,586,27,0,-597.870761,4.61,-22.14,-1020.26,2026-05-24 18:26:42,0,0.0,0.0,2,1
2767,30,2767,5394,432,0,631.39,8.01,1.46,117.05,2026-05-24 18:26:42,0,0.0,0.0,1,3
2768,83,2768,5394,432,0,631.39,8.01,1.46,117.05,2026-05-24 18:26:42,0,0.0,0.0,3,4
2769,136,2769,5394,432,0,631.39,8.01,1.46,117.05,2026-05-24 18:26:42,0,0.0,0.0,2,1
2770,30,2770,2277,257,0,97207.76,11.29,378.24,42691.16,2026-05-24 18:26:42,0,0.0,0.0,1,3
2771,83,2771,2277,257,0,97207.76,11.29,378.24,42691.16,2026-05-24 18:26:42,0,0.0,0.0,3,4
2772,136,2772,2277,257,0,97207.76,11.29,378.24,42691.16,2026-05-24 18:26:42,0,0.0,0.0,2,1
2773,30,2773,6327,310,0,700.64,4.9,2.26,110.74,2026-05-24 18:26:42,0,0.0,0.0,1,3
2774,83,2774,6327,310,0,700.64,4.9,2.26,110.74,2026-05-24 18:26:42,0,0.0,0.0,3,4
2775,136,2775,6327,310,0,700.64,4.9,2.26,110.74,2026-05-24 18:26:42,0,0.0,0.0,2,1
2776,30,2776,578550,300,0,721.01,0.05,2.4,1.25,2026-05-24 18:26:42,0,0.0,0.0,1,3
2777,83,2777,578550,300,0,721.01,0.05,2.4,1.25,2026-05-24 18:26:42,0,0.0,0.0,3,4
2778,136,2778,578550,300,0,721.01,0.05,2.4,1.25,2026-05-24 18:26:42,0,0.0,0.0,2,1
2779,30,2779,942,37,0,811.974721,3.93,21.95,861.97,2026-05-24 18:26:42,0,0.0,0.0,1,3
2780,83,2780,942,37,0,811.974721,3.93,21.95,861.97,2026-05-24 18:26:42,0,0.0,0.0,3,4
2781,136,2781,942,37,0,811.974721,3.93,21.95,861.97,2026-05-24 18:26:42,0,0.0,0.0,2,1
2782,46,2782,3834,253,0,855.81,6.6,3.38,223.22,2026-05-24 18:26:42,0,0.0,0.0,2,3
2783,99,2783,3834,253,0,855.81,6.6,3.38,223.22,2026-05-24 18:26:42,0,0.0,0.0,1,4
2784,152,2784,3834,253,0,855.81,6.6,3.38,223.22,2026-05-24 18:26:42,0,0.0,0.0,3,1
2785,30,2785,4310,31800,0,927.91,737.82,0.03,215.29,2026-05-24 18:26:42,0,0.0,0.0,1,3
2786,83,2786,4310,31800,0,927.91,737.82,0.03,215.29,2026-05-24 18:26:42,0,0.0,0.0,3,4
2787,136,2787,4310,31800,0,927.91,737.82,0.03,215.29,2026-05-24 18:26:42,0,0.0,0.0,2,1
2788,30,2788,757,46,1,975.03,6.08,21.2,1288.02,2026-05-24 18:26:42,99000,101.54,2.17,1,3
2789,83,2789,757,46,1,975.03,6.08,21.2,1288.02,2026-05-24 18:26:42,99000,101.54,2.17,3,4
2790,136,2790,757,46,1,975.03,6.08,21.2,1288.02,2026-05-24 18:26:42,99000,101.54,2.17,2,1
2791,30,2791,3863,339,0,1142.58,8.78,3.37,295.78,2026-05-24 18:26:42,0,0.0,0.0,1,3
2792,83,2792,3863,339,0,1142.58,8.78,3.37,295.78,2026-05-24 18:26:42,0,0.0,0.0,3,4
2793,136,2793,3863,339,0,1142.58,8.78,3.37,295.78,2026-05-24 18:26:42,0,0.0,0.0,2,1
2794,30,2794,8285,1178,0,1281.99,14.22,1.09,154.74,2026-05-24 18:26:42,0,0.0,0.0,1,3
2795,83,2795,8285,1178,0,1281.99,14.22,1.09,154.74,2026-05-24 18:26:42,0,0.0,0.0,3,4
2796,136,2796,8285,1178,0,1281.99,14.22,1.09,154.74,2026-05-24 18:26:42,0,0.0,0.0,2,1
2797,1,2797,0,0,0,0.0,,,,2026-05-24 18:26:42,0,,,2,2
2798,54,2798,0,0,0,0.0,,,,2026-05-24 18:26:42,0,,,1,3
2799,107,2799,0,0,0,0.0,,,,2026-05-24 18:26:42,0,,,3,4
2800,17,2800,0,0,0,0.0,,,,2026-05-24 18:26:42,0,,,3,2
2801,70,2801,0,0,0,0.0,,,,2026-05-24 18:26:42,0,,,2,3
2802,123,2802,0,0,0,0.0,,,,2026-05-24 18:26:42,0,,,1,4
2803,18,2803,0,0,0,0.0,,,,2026-05-24 18:26:42,0,,,1,3
2804,71,2804,0,0,0,0.0,,,,2026-05-24 18:26:42,0,,,3,4
2805,124,2805,0,0,0,0.0,,,,2026-05-24 18:26:42,0,,,2,1
2806,18,2806,0,0,0,0.0,,,,2026-05-24 18:26:42,0,,,1,3
2807,71,2807,0,0,0,0.0,,,,2026-05-24 18:26:42,0,,,3,4
2808,124,2808,0,0,0,0.0,,,,2026-05-24 18:26:42,0,,,2,1
2809,38,2809,0,0,0,0.0,,,,2026-05-24 18:26:42,0,,,3,3
2810,91,2810,0,0,0,0.0,,,,2026-05-24 18:26:42,0,,,2,4
2811,144,2811,0,0,0,0.0,,,,2026-05-24 18:26:42,0,,,1,1
2812,18,2812,0,0,0,0.0,,,,2026-05-24 18:26:42,0,,,1,3
2813,71,2813,0,0,0,0.0,,,,2026-05-24 18:26:42,0,,,3,4
2814,124,2814,0,0,0,0.0,,,,2026-05-24 18:26:42,0,,,2,1
2815,18,2815,0,0,0,0.0,,,,2026-05-24 18:26:42,0,,,1,3
2816,71,2816,0,0,0,0.0,,,,2026-05-24 18:26:42,0,,,3,4
2817,124,2817,0,0,0,0.0,,,,2026-05-24 18:26:42,0,,,2,1
2818,19,2818,0,0,0,0.0,,,,2026-05-24 18:26:42,0,,,2,4
2819,72,2819,0,0,0,0.0,,,,2026-05-24 18:26:42,0,,,1,1
2820,125,2820,0,0,0,0.0,,,,2026-05-24 18:26:42,0,,,3,2
2821,19,2821,0,0,0,0.0,,,,2026-05-24 18:26:42,0,,,2,4
2822,72,2822,0,0,0,0.0,,,,2026-05-24 18:26:42,0,,,1,1
2823,125,2823,0,0,0,0.0,,,,2026-05-24 18:26:42,0,,,3,2
2824,19,2824,0,0,0,0.0,,,,2026-05-24 18:26:42,0,,,2,4
2825,72,2825,0,0,0,0.0,,,,2026-05-24 18:26:42,0,,,1,1
2826,125,2826,0,0,0,0.0,,,,2026-05-24 18:26:42,0,,,3,2
2827,19,2827,0,0,0,0.0,,,,2026-05-24 18:26:42,0,,,2,4
2828,72,2828,0,0,0,0.0,,,,2026-05-24 18:26:42,0,,,1,1
2829,125,2829,0,0,0,0.0,,,,2026-05-24 18:26:42,0,,,3,2
2830,27,2830,0,0,0,0.0,,,,2026-05-24 18:26:42,0,,,1,4
2831,80,2831,0,0,0,0.0,,,,2026-05-24 18:26:42,0,,,3,1
2832,133,2832,0,0,0,0.0,,,,2026-05-24 18:26:42,0,,,2,2
2833,36,2833,1,0,0,0.65,0.0,,650.0,2026-05-24 18:26:42,0,0.0,,1,1
2834,89,2834,1,0,0,0.65,0.0,,650.0,2026-05-24 18:26:42,0,0.0,,3,2
2835,142,2835,1,0,0,0.65,0.0,,650.0,2026-05-24 18:26:42,0,0.0,,2,3
2836,36,2836,1,0,0,0.86,0.0,,860.0,2026-05-24 18:26:42,0,0.0,,1,1
2837,89,2837,1,0,0,0.86,0.0,,860.0,2026-05-24 18:26:42,0,0.0,,3,2
2838,142,2838,1,0,0,0.86,0.0,,860.0,2026-05-24 18:26:42,0,0.0,,2,3
2839,21,2839,2,0,0,1.56,0.0,,780.0,2026-05-24 18:26:42,0,0.0,,1,2
2840,74,2840,2,0,0,1.56,0.0,,780.0,2026-05-24 18:26:42,0,0.0,,3,3
2841,127,2841,2,0,0,1.56,0.0,,780.0,2026-05-24 18:26:42,0,0.0,,2,4
2842,14,2842,15,1,0,4.54,6.67,4.54,302.67,2026-05-24 18:26:42,0,0.0,0.0,3,3
2843,67,2843,15,1,0,4.54,6.67,4.54,302.67,2026-05-24 18:26:42,0,0.0,0.0,2,4
2844,120,2844,15,1,0,4.54,6.67,4.54,302.67,2026-05-24 18:26:42,0,0.0,0.0,1,1
2845,19,2845,4,0,0,8.08,0.0,,2020.0,2026-05-24 18:26:42,0,0.0,,2,4
2846,72,2846,4,0,0,8.08,0.0,,2020.0,2026-05-24 18:26:42,0,0.0,,1,1
2847,125,2847,4,0,0,8.08,0.0,,2020.0,2026-05-24 18:26:42,0,0.0,,3,2
2848,47,2848,5,0,0,9.6,0.0,,1920.0,2026-05-24 18:26:42,0,0.0,,3,4
2849,100,2849,5,0,0,9.6,0.0,,1920.0,2026-05-24 18:26:42,0,0.0,,2,1
2850,153,2850,5,0,0,9.6,0.0,,1920.0,2026-05-24 18:26:42,0,0.0,,1,2
2851,34,2851,2610,1,0,14.05,0.04,14.05,5.38,2026-05-24 18:26:42,0,0.0,0.0,2,3
2852,87,2852,2610,1,0,14.05,0.04,14.05,5.38,2026-05-24 18:26:42,0,0.0,0.0,1,4
2853,140,2853,2610,1,0,14.05,0.04,14.05,5.38,2026-05-24 18:26:42,0,0.0,0.0,3,1
2854,34,2854,19,1,0,14.58,5.26,14.58,767.37,2026-05-24 18:26:42,0,0.0,0.0,2,3
2855,87,2855,19,1,0,14.58,5.26,14.58,767.37,2026-05-24 18:26:42,0,0.0,0.0,1,4
2856,140,2856,19,1,0,14.58,5.26,14.58,767.37,2026-05-24 18:26:42,0,0.0,0.0,3,1
2857,36,2857,44,7,0,16.81,15.91,2.4,382.05,2026-05-24 18:26:42,0,0.0,0.0,1,1
2858,89,2858,44,7,0,16.81,15.91,2.4,382.05,2026-05-24 18:26:42,0,0.0,0.0,3,2
2859,142,2859,44,7,0,16.81,15.91,2.4,382.05,2026-05-24 18:26:42,0,0.0,0.0,2,3
2860,19,2860,24,1,0,21.46,4.17,21.46,894.17,2026-05-24 18:26:42,0,0.0,0.0,2,4
2861,72,2861,24,1,0,21.46,4.17,21.46,894.17,2026-05-24 18:26:42,0,0.0,0.0,1,1
2862,125,2862,24,1,0,21.46,4.17,21.46,894.17,2026-05-24 18:26:42,0,0.0,0.0,3,2
2863,34,2863,24,2,0,30.42,8.33,15.21,1267.5,2026-05-24 18:26:42,0,0.0,0.0,2,3
2864,87,2864,24,2,0,30.42,8.33,15.21,1267.5,2026-05-24 18:26:42,0,0.0,0.0,1,4
2865,140,2865,24,2,0,30.42,8.33,15.21,1267.5,2026-05-24 18:26:42,0,0.0,0.0,3,1
2866,36,2866,87,2000,0,32.64,2298.85,0.02,375.17,2026-05-24 18:26:42,0,0.0,0.0,1,1
2867,89,2867,87,2000,0,32.64,2298.85,0.02,375.17,2026-05-24 18:26:42,0,0.0,0.0,3,2
2868,142,2868,87,2000,0,32.64,2298.85,0.02,375.17,2026-05-24 18:26:42,0,0.0,0.0,2,3
2869,34,2869,37,-1,0,43.81,-2.7,-43.81,1184.05,2026-05-24 18:26:42,0,0.0,0.0,2,3
2870,87,2870,37,-1,0,43.81,-2.7,-43.81,1184.05,2026-05-24 18:26:42,0,0.0,0.0,1,4
2871,140,2871,37,-1,0,43.81,-2.7,-43.81,1184.05,2026-05-24 18:26:42,0,0.0,0.0,3,1
2872,34,2872,39,400,0,7116.63,1025.64,17.79,182477.69,2026-05-24 18:26:42,0,0.0,0.0,2,3
2873,87,2873,39,400,0,7116.63,1025.64,17.79,182477.69,2026-05-24 18:26:42,0,0.0,0.0,1,4
2874,140,2874,39,400,0,7116.63,1025.64,17.79,182477.69,2026-05-24 18:26:42,0,0.0,0.0,3,1
2875,21,2875,46,1,0,7198.17,2.17,7198.17,156481.96,2026-05-24 18:26:42,0,0.0,0.0,1,2
2876,74,2876,46,1,0,7198.17,2.17,7198.17,156481.96,2026-05-24 18:26:42,0,0.0,0.0,3,3
2877,127,2877,46,1,0,7198.17,2.17,7198.17,156481.96,2026-05-24 18:26:42,0,0.0,0.0,2,4
2878,19,2878,2465,3,0,-59.81,0.12,-19.94,-24.26,2026-05-24 18:26:42,0,0.0,0.0,2,4
2879,72,2879,2465,3,0,-59.81,0.12,-19.94,-24.26,2026-05-24 18:26:42,0,0.0,0.0,1,1
2880,125,2880,2465,3,0,-59.81,0.12,-19.94,-24.26,2026-05-24 18:26:42,0,0.0,0.0,3,2
2881,21,2881,44,1,0,59.93,2.27,59.93,1362.05,2026-05-24 18:26:42,0,0.0,0.0,1,2
2882,74,2882,44,1,0,59.93,2.27,59.93,1362.05,2026-05-24 18:26:42,0,0.0,0.0,3,3
2883,127,2883,44,1,0,59.93,2.27,59.93,1362.05,2026-05-24 18:26:42,0,0.0,0.0,2,4
2884,41,2884,64,2,0,65.769999,3.13,32.88,1027.66,2026-05-24 18:26:42,0,0.0,0.0,3,2
2885,94,2885,64,2,0,65.769999,3.13,32.88,1027.66,2026-05-24 18:26:42,0,0.0,0.0,2,3
2886,147,2886,64,2,0,65.769999,3.13,32.88,1027.66,2026-05-24 18:26:42,0,0.0,0.0,1,4
2887,34,2887,66,7,0,68.23,10.61,9.75,1033.79,2026-05-24 18:26:42,0,0.0,0.0,2,3
2888,87,2888,66,7,0,68.23,10.61,9.75,1033.79,2026-05-24 18:26:42,0,0.0,0.0,1,4
2889,140,2889,66,7,0,68.23,10.61,9.75,1033.79,2026-05-24 18:26:42,0,0.0,0.0,3,1
2890,36,2890,174,19,0,71.62,10.92,3.77,411.61,2026-05-24 18:26:42,0,0.0,0.0,1,1
2891,89,2891,174,19,0,71.62,10.92,3.77,411.61,2026-05-24 18:26:42,0,0.0,0.0,3,2
2892,142,2892,174,19,0,71.62,10.92,3.77,411.61,2026-05-24 18:26:42,0,0.0,0.0,2,3
2893,36,2893,92,18,0,74.07,19.57,4.11,805.11,2026-05-24 18:26:42,0,0.0,0.0,1,1
2894,89,2894,92,18,0,74.07,19.57,4.11,805.11,2026-05-24 18:26:42,0,0.0,0.0,3,2
2895,142,2895,92,18,0,74.07,19.57,4.11,805.11,2026-05-24 18:26:42,0,0.0,0.0,2,3
2896,34,2896,44,5,0,75.67,11.36,15.13,1719.77,2026-05-24 18:26:42,0,0.0,0.0,2,3
2897,87,2897,44,5,0,75.67,11.36,15.13,1719.77,2026-05-24 18:26:42,0,0.0,0.0,1,4
2898,140,2898,44,5,0,75.67,11.36,15.13,1719.77,2026-05-24 18:26:42,0,0.0,0.0,3,1
2899,21,2899,87,4,0,84.09,4.6,21.02,966.55,2026-05-24 18:26:42,0,0.0,0.0,1,2
2900,74,2900,87,4,0,84.09,4.6,21.02,966.55,2026-05-24 18:26:42,0,0.0,0.0,3,3
2901,127,2901,87,4,0,84.09,4.6,21.02,966.55,2026-05-24 18:26:42,0,0.0,0.0,2,4
2902,36,2902,24360,2400,0,84.83,9.85,0.04,3.48,2026-05-24 18:26:42,0,0.0,0.0,1,1
2903,89,2903,24360,2400,0,84.83,9.85,0.04,3.48,2026-05-24 18:26:42,0,0.0,0.0,3,2
2904,142,2904,24360,2400,0,84.83,9.85,0.04,3.48,2026-05-24 18:26:42,0,0.0,0.0,2,3
2905,34,2905,32,2,0,87.28,6.25,43.64,2727.5,2026-05-24 18:26:42,0,0.0,0.0,2,3
2906,87,2906,32,2,0,87.28,6.25,43.64,2727.5,2026-05-24 18:26:42,0,0.0,0.0,1,4
2907,140,2907,32,2,0,87.28,6.25,43.64,2727.5,2026-05-24 18:26:42,0,0.0,0.0,3,1
2908,21,2908,77,-300,0,89.99,-389.61,-0.3,1168.7,2026-05-24 18:26:42,0,0.0,0.0,1,2
2909,74,2909,77,-300,0,89.99,-389.61,-0.3,1168.7,2026-05-24 18:26:42,0,0.0,0.0,3,3
2910,127,2910,77,-300,0,89.99,-389.61,-0.3,1168.7,2026-05-24 18:26:42,0,0.0,0.0,2,4
2911,36,2911,213,16,0,96.46,7.51,6.03,452.86,2026-05-24 18:26:42,0,0.0,0.0,1,1
2912,89,2912,213,16,0,96.46,7.51,6.03,452.86,2026-05-24 18:26:42,0,0.0,0.0,3,2
2913,142,2913,213,16,0,96.46,7.51,6.03,452.86,2026-05-24 18:26:42,0,0.0,0.0,2,3
2914,36,2914,139,21,0,107.2,15.11,5.1,771.22,2026-05-24 18:26:42,0,0.0,0.0,1,1
2915,89,2915,139,21,0,107.2,15.11,5.1,771.22,2026-05-24 18:26:42,0,0.0,0.0,3,2
2916,142,2916,139,21,0,107.2,15.11,5.1,771.22,2026-05-24 18:26:42,0,0.0,0.0,2,3
2917,21,2917,95,12,0,110.04,12.63,9.17,1158.32,2026-05-24 18:26:42,0,0.0,0.0,1,2
2918,74,2918,95,12,0,110.04,12.63,9.17,1158.32,2026-05-24 18:26:42,0,0.0,0.0,3,3
2919,127,2919,95,12,0,110.04,12.63,9.17,1158.32,2026-05-24 18:26:42,0,0.0,0.0,2,4
2920,34,2920,120,10,0,113.02,8.33,11.3,941.83,2026-05-24 18:26:42,0,0.0,0.0,2,3
2921,87,2921,120,10,0,113.02,8.33,11.3,941.83,2026-05-24 18:26:42,0,0.0,0.0,1,4
2922,140,2922,120,10,0,113.02,8.33,11.3,941.83,2026-05-24 18:26:42,0,0.0,0.0,3,1
2923,34,2923,13340,10,0,117.27,0.07,11.73,8.79,2026-05-24 18:26:42,0,0.0,0.0,2,3
2924,87,2924,13340,10,0,117.27,0.07,11.73,8.79,2026-05-24 18:26:42,0,0.0,0.0,1,4
2925,140,2925,13340,10,0,117.27,0.07,11.73,8.79,2026-05-24 18:26:42,0,0.0,0.0,3,1
2926,36,2926,30160,30,0,120.59,0.1,4.02,4.0,2026-05-24 18:26:42,0,0.0,0.0,1,1
2927,89,2927,30160,30,0,120.59,0.1,4.02,4.0,2026-05-24 18:26:42,0,0.0,0.0,3,2
2928,142,2928,30160,30,0,120.59,0.1,4.02,4.0,2026-05-24 18:26:42,0,0.0,0.0,2,3
2929,19,2929,97,3,0,123.13,3.09,41.04,1269.38,2026-05-24 18:26:42,0,0.0,0.0,2,4
2930,72,2930,97,3,0,123.13,3.09,41.04,1269.38,2026-05-24 18:26:42,0,0.0,0.0,1,1
2931,125,2931,97,3,0,123.13,3.09,41.04,1269.38,2026-05-24 18:26:42,0,0.0,0.0,3,2
2932,36,2932,205,33,0,-123.9,16.1,-3.75,-604.39,2026-05-24 18:26:42,0,0.0,0.0,1,1
2933,89,2933,205,33,0,-123.9,16.1,-3.75,-604.39,2026-05-24 18:26:42,0,0.0,0.0,3,2
2934,142,2934,205,33,0,-123.9,16.1,-3.75,-604.39,2026-05-24 18:26:42,0,0.0,0.0,2,3
2935,19,2935,60,0,0,-129.09,0.0,,-2151.5,2026-05-24 18:26:42,0,0.0,,2,4
2936,72,2936,60,0,0,-129.09,0.0,,-2151.5,2026-05-24 18:26:42,0,0.0,,1,1
2937,125,2937,60,0,0,-129.09,0.0,,-2151.5,2026-05-24 18:26:42,0,0.0,,3,2
2938,17,2938,138,6,0,133.21,4.35,22.2,965.29,2026-05-24 18:26:42,0,0.0,0.0,3,2
2939,70,2939,138,6,0,133.21,4.35,22.2,965.29,2026-05-24 18:26:42,0,0.0,0.0,2,3
2940,123,2940,138,6,0,133.21,4.35,22.2,965.29,2026-05-24 18:26:42,0,0.0,0.0,1,4
2941,50,2941,93,2,0,139.3,2.15,69.65,1497.85,2026-05-24 18:26:42,0,0.0,0.0,3,3
2942,103,2942,93,2,0,139.3,2.15,69.65,1497.85,2026-05-24 18:26:42,0,0.0,0.0,2,4
2943,156,2943,93,2,0,139.3,2.15,69.65,1497.85,2026-05-24 18:26:42,0,0.0,0.0,1,1
2944,19,2944,99,7,0,21901.04,7.07,3128.72,221222.63,2026-05-24 18:26:42,0,0.0,0.0,2,4
2945,72,2945,99,7,0,21901.04,7.07,3128.72,221222.63,2026-05-24 18:26:42,0,0.0,0.0,1,1
2946,125,2946,99,7,0,21901.04,7.07,3128.72,221222.63,2026-05-24 18:26:42,0,0.0,0.0,3,2
2947,19,2947,99,7,0,145.08,7.07,20.73,1465.45,2026-05-24 18:26:42,0,0.0,0.0,2,4
2948,72,2948,99,7,0,145.08,7.07,20.73,1465.45,2026-05-24 18:26:42,0,0.0,0.0,1,1
2949,125,2949,99,7,0,145.08,7.07,20.73,1465.45,2026-05-24 18:26:42,0,0.0,0.0,3,2
2950,21,2950,18560,2,0,155.22,0.01,77.61,8.36,2026-05-24 18:26:42,0,0.0,0.0,1,2
2951,74,2951,18560,2,0,155.22,0.01,77.61,8.36,2026-05-24 18:26:42,0,0.0,0.0,3,3
2952,127,2952,18560,2,0,155.22,0.01,77.61,8.36,2026-05-24 18:26:42,0,0.0,0.0,2,4
2953,21,2953,137,10,0,156.02,7.3,15.6,1138.83,2026-05-24 18:26:42,0,0.0,0.0,1,2
2954,74,2954,137,10,0,156.02,7.3,15.6,1138.83,2026-05-24 18:26:42,0,0.0,0.0,3,3
2955,127,2955,137,10,0,156.02,7.3,15.6,1138.83,2026-05-24 18:26:42,0,0.0,0.0,2,4
2956,18,2956,26,-100,0,157.45,-384.62,-1.57,6055.77,2026-05-24 18:26:42,0,0.0,0.0,1,3
2957,71,2957,26,-100,0,157.45,-384.62,-1.57,6055.77,2026-05-24 18:26:42,0,0.0,0.0,3,4
2958,124,2958,26,-100,0,157.45,-384.62,-1.57,6055.77,2026-05-24 18:26:42,0,0.0,0.0,2,1
2959,36,2959,294,45,0,158.37,15.31,3.52,538.67,2026-05-24 18:26:42,0,0.0,0.0,1,1
2960,89,2960,294,45,0,158.37,15.31,3.52,538.67,2026-05-24 18:26:42,0,0.0,0.0,3,2
2961,142,2961,294,45,0,158.37,15.31,3.52,538.67,2026-05-24 18:26:42,0,0.0,0.0,2,3
2962,18,2962,47,100,0,165.82,212.77,1.66,3528.09,2026-05-24 18:26:42,0,0.0,0.0,1,3
2963,71,2963,47,100,0,165.82,212.77,1.66,3528.09,2026-05-24 18:26:42,0,0.0,0.0,3,4
2964,124,2964,47,100,0,165.82,212.77,1.66,3528.09,2026-05-24 18:26:42,0,0.0,0.0,2,1
2965,36,2965,-251,34,0,167.49,-13.55,4.93,-667.29,2026-05-24 18:26:42,0,0.0,0.0,1,1
2966,89,2966,-251,34,0,167.49,-13.55,4.93,-667.29,2026-05-24 18:26:42,0,0.0,0.0,3,2
2967,142,2967,-251,34,0,167.49,-13.55,4.93,-667.29,2026-05-24 18:26:42,0,0.0,0.0,2,3
2968,18,2968,78,1,0,177.01887,1.28,177.02,2269.47,2026-05-24 18:26:42,0,0.0,0.0,1,3
2969,71,2969,78,1,0,177.01887,1.28,177.02,2269.47,2026-05-24 18:26:42,0,0.0,0.0,3,4
2970,124,2970,78,1,0,177.01887,1.28,177.02,2269.47,2026-05-24 18:26:42,0,0.0,0.0,2,1
2971,21,2971,171,9,0,178.94,5.26,19.88,1046.43,2026-05-24 18:26:42,0,0.0,0.0,1,2
2972,74,2972,171,9,0,178.94,5.26,19.88,1046.43,2026-05-24 18:26:42,0,0.0,0.0,3,3
2973,127,2973,171,9,0,178.94,5.26,19.88,1046.43,2026-05-24 18:26:42,0,0.0,0.0,2,4
2974,12,2974,21895,12,0,186.75,0.05,15.56,8.53,2026-05-24 18:26:42,0,0.0,0.0,1,1
2975,65,2975,21895,12,0,186.75,0.05,15.56,8.53,2026-05-24 18:26:42,0,0.0,0.0,3,2
2976,118,2976,21895,12,0,186.75,0.05,15.56,8.53,2026-05-24 18:26:42,0,0.0,0.0,2,3
2977,34,2977,128,6,0,28813.82,4.69,4802.3,225107.97,2026-05-24 18:26:42,0,0.0,0.0,2,3
2978,87,2978,128,6,0,28813.82,4.69,4802.3,225107.97,2026-05-24 18:26:42,0,0.0,0.0,1,4
2979,140,2979,128,6,0,28813.82,4.69,4802.3,225107.97,2026-05-24 18:26:42,0,0.0,0.0,3,1
2980,3,2980,98,4,0,215.34,4.08,53.84,2197.35,2026-05-24 18:26:42,0,0.0,0.0,1,4
2981,56,2981,98,4,0,215.34,4.08,53.84,2197.35,2026-05-24 18:26:42,0,0.0,0.0,3,1
2982,109,2982,98,4,0,215.34,4.08,53.84,2197.35,2026-05-24 18:26:42,0,0.0,0.0,2,2
2983,19,2983,90,2,0,234.92,2.22,117.46,2610.22,2026-05-24 18:26:42,0,0.0,0.0,2,4
2984,72,2984,90,2,0,234.92,2.22,117.46,2610.22,2026-05-24 18:26:42,0,0.0,0.0,1,1
2985,125,2985,90,2,0,234.92,2.22,117.46,2610.22,2026-05-24 18:26:42,0,0.0,0.0,3,2
2986,19,2986,203,9,0,252.35,4.43,28.04,1243.1,2026-05-24 18:26:42,0,0.0,0.0,2,4
2987,72,2987,203,9,0,252.35,4.43,28.04,1243.1,2026-05-24 18:26:42,0,0.0,0.0,1,1
2988,125,2988,203,9,0,252.35,4.43,28.04,1243.1,2026-05-24 18:26:42,0,0.0,0.0,3,2
2989,17,2989,176,-15,0,271.56,-8.52,-18.1,1542.95,2026-05-24 18:26:42,0,0.0,0.0,3,2
2990,70,2990,176,-15,0,271.56,-8.52,-18.1,1542.95,2026-05-24 18:26:42,0,0.0,0.0,2,3
2991,123,2991,176,-15,0,271.56,-8.52,-18.1,1542.95,2026-05-24 18:26:42,0,0.0,0.0,1,4
2992,34,2992,132,4,0,272.1,3.03,68.03,2061.36,2026-05-24 18:26:42,0,0.0,0.0,2,3
2993,87,2993,132,4,0,272.1,3.03,68.03,2061.36,2026-05-24 18:26:42,0,0.0,0.0,1,4
2994,140,2994,132,4,0,272.1,3.03,68.03,2061.36,2026-05-24 18:26:42,0,0.0,0.0,3,1
2995,39,2995,101,3,0,281.35,2.97,93.78,2785.64,2026-05-24 18:26:42,0,0.0,0.0,1,4
2996,92,2996,101,3,0,281.35,2.97,93.78,2785.64,2026-05-24 18:26:42,0,0.0,0.0,3,1
2997,145,2997,101,3,0,281.35,2.97,93.78,2785.64,2026-05-24 18:26:42,0,0.0,0.0,2,2
2998,34,2998,193,11,0,290.38,5.7,26.4,1504.56,2026-05-24 18:26:42,0,0.0,0.0,2,3
2999,87,2999,193,11,0,290.38,5.7,26.4,1504.56,2026-05-24 18:26:42,0,0.0,0.0,1,4
3000,140,3000,193,11,0,290.38,5.7,26.4,1504.56,2026-05-24 18:26:42,0,0.0,0.0,3,1
3001,34,3001,226,10,0,293.41,4.42,29.34,1298.27,2026-05-24 18:26:42,0,0.0,0.0,2,3
3002,87,3002,226,10,0,293.41,4.42,29.34,1298.27,2026-05-24 18:26:42,0,0.0,0.0,1,4
3003,140,3003,226,10,0,293.41,4.42,29.34,1298.27,2026-05-24 18:26:42,0,0.0,0.0,3,1
3004,19,3004,162,-7,0,45999.13,-4.32,-6571.3,283945.25,2026-05-24 18:26:42,0,0.0,0.0,2,4
3005,72,3005,162,-7,0,45999.13,-4.32,-6571.3,283945.25,2026-05-24 18:26:42,0,0.0,0.0,1,1
3006,125,3006,162,-7,0,45999.13,-4.32,-6571.3,283945.25,2026-05-24 18:26:42,0,0.0,0.0,3,2
3007,34,3007,35525,8,0,306.2,0.02,38.27,8.62,2026-05-24 18:26:42,0,0.0,0.0,2,3
3008,87,3008,35525,8,0,306.2,0.02,38.27,8.62,2026-05-24 18:26:42,0,0.0,0.0,1,4
3009,140,3009,35525,8,0,306.2,0.02,38.27,8.62,2026-05-24 18:26:42,0,0.0,0.0,3,1
3010,34,3010,290,13,0,47643.52,4.48,3664.89,164288.0,2026-05-24 18:26:42,0,0.0,0.0,2,3
3011,87,3011,290,13,0,47643.52,4.48,3664.89,164288.0,2026-05-24 18:26:42,0,0.0,0.0,1,4
3012,140,3012,290,13,0,47643.52,4.48,3664.89,164288.0,2026-05-24 18:26:42,0,0.0,0.0,3,1
3013,19,3013,162,13,0,328.52,8.02,25.27,2027.9,2026-05-24 18:26:42,0,0.0,0.0,2,4
3014,72,3014,162,13,0,328.52,8.02,25.27,2027.9,2026-05-24 18:26:42,0,0.0,0.0,1,1
3015,125,3015,162,13,0,328.52,8.02,25.27,2027.9,2026-05-24 18:26:42,0,0.0,0.0,3,2
3016,34,3016,384,13,0,332.04,3.39,25.54,864.69,2026-05-24 18:26:42,0,0.0,0.0,2,3
3017,87,3017,384,13,0,332.04,3.39,25.54,864.69,2026-05-24 18:26:42,0,0.0,0.0,1,4
3018,140,3018,384,13,0,332.04,3.39,25.54,864.69,2026-05-24 18:26:42,0,0.0,0.0,3,1
3019,17,3019,-264,9,0,336.4,-3.41,37.38,-1274.24,2026-05-24 18:26:42,0,0.0,0.0,3,2
3020,70,3020,-264,9,0,336.4,-3.41,37.38,-1274.24,2026-05-24 18:26:42,0,0.0,0.0,2,3
3021,123,3021,-264,9,0,336.4,-3.41,37.38,-1274.24,2026-05-24 18:26:42,0,0.0,0.0,1,4
3022,19,3022,45,200,0,337.63,444.44,1.69,7502.89,2026-05-24 18:26:42,0,0.0,0.0,2,4
3023,72,3023,45,200,0,337.63,444.44,1.69,7502.89,2026-05-24 18:26:42,0,0.0,0.0,1,1
3024,125,3024,45,200,0,337.63,444.44,1.69,7502.89,2026-05-24 18:26:42,0,0.0,0.0,3,2
3025,34,3025,-253,7,0,364.59,-2.77,52.08,-1441.07,2026-05-24 18:26:42,0,0.0,0.0,2,3
3026,87,3026,-253,7,0,364.59,-2.77,52.08,-1441.07,2026-05-24 18:26:42,0,0.0,0.0,1,4
3027,140,3027,-253,7,0,364.59,-2.77,52.08,-1441.07,2026-05-24 18:26:42,0,0.0,0.0,3,1
3028,19,3028,215,14,0,370.82,6.51,26.49,1724.74,2026-05-24 18:26:42,0,0.0,0.0,2,4
3029,72,3029,215,14,0,370.82,6.51,26.49,1724.74,2026-05-24 18:26:42,0,0.0,0.0,1,1
3030,125,3030,215,14,0,370.82,6.51,26.49,1724.74,2026-05-24 18:26:42,0,0.0,0.0,3,2
3031,36,3031,677,96,0,378.73,14.18,3.95,559.42,2026-05-24 18:26:42,0,0.0,0.0,1,1
3032,89,3032,677,96,0,378.73,14.18,3.95,559.42,2026-05-24 18:26:42,0,0.0,0.0,3,2
3033,142,3033,677,96,0,378.73,14.18,3.95,559.42,2026-05-24 18:26:42,0,0.0,0.0,2,3
3034,34,3034,366,18,0,401.54,4.92,22.31,1097.1,2026-05-24 18:26:42,0,0.0,0.0,2,3
3035,87,3035,366,18,0,401.54,4.92,22.31,1097.1,2026-05-24 18:26:42,0,0.0,0.0,1,4
3036,140,3036,366,18,0,401.54,4.92,22.31,1097.1,2026-05-24 18:26:42,0,0.0,0.0,3,1
3037,21,3037,477,29,0,402.35,6.08,13.87,843.5,2026-05-24 18:26:42,0,0.0,0.0,1,2
3038,74,3038,477,29,0,402.35,6.08,13.87,843.5,2026-05-24 18:26:42,0,0.0,0.0,3,3
3039,127,3039,477,29,0,402.35,6.08,13.87,843.5,2026-05-24 18:26:42,0,0.0,0.0,2,4
3040,34,3040,365,11,0,402.49,3.01,36.59,1102.71,2026-05-24 18:26:42,0,0.0,0.0,2,3
3041,87,3041,365,11,0,402.49,3.01,36.59,1102.71,2026-05-24 18:26:42,0,0.0,0.0,1,4
3042,140,3042,365,11,0,402.49,3.01,36.59,1102.71,2026-05-24 18:26:42,0,0.0,0.0,3,1
3043,16,3043,54085,20,0,403.13,0.04,20.16,7.45,2026-05-24 18:26:42,0,0.0,0.0,2,1
3044,69,3044,54085,20,0,403.13,0.04,20.16,7.45,2026-05-24 18:26:42,0,0.0,0.0,1,2
3045,122,3045,54085,20,0,403.13,0.04,20.16,7.45,2026-05-24 18:26:42,0,0.0,0.0,3,3
3046,52,3046,864,13400,0,403.32,1550.93,0.03,466.81,2026-05-24 18:26:42,0,0.0,0.0,2,1
3047,105,3047,864,13400,0,403.32,1550.93,0.03,466.81,2026-05-24 18:26:42,0,0.0,0.0,1,2
3048,158,3048,864,13400,0,403.32,1550.93,0.03,466.81,2026-05-24 18:26:42,0,0.0,0.0,3,3
3049,34,3049,325,8,0,410.73,2.46,51.34,1263.78,2026-05-24 18:26:42,0,0.0,0.0,2,3
3050,87,3050,325,8,0,410.73,2.46,51.34,1263.78,2026-05-24 18:26:42,0,0.0,0.0,1,4
3051,140,3051,325,8,0,410.73,2.46,51.34,1263.78,2026-05-24 18:26:42,0,0.0,0.0,3,1
3052,34,3052,287,6,0,414.73,2.09,69.12,1445.05,2026-05-24 18:26:42,0,0.0,0.0,2,3
3053,87,3053,287,6,0,414.73,2.09,69.12,1445.05,2026-05-24 18:26:42,0,0.0,0.0,1,4
3054,140,3054,287,6,0,414.73,2.09,69.12,1445.05,2026-05-24 18:26:42,0,0.0,0.0,3,1
3055,34,3055,299,9,0,445.67,3.01,49.52,1490.54,2026-05-24 18:26:42,0,0.0,0.0,2,3
3056,87,3056,299,9,0,445.67,3.01,49.52,1490.54,2026-05-24 18:26:42,0,0.0,0.0,1,4
3057,140,3057,299,9,0,445.67,3.01,49.52,1490.54,2026-05-24 18:26:42,0,0.0,0.0,3,1
3058,36,3058,694,121,0,450.7,17.44,3.72,649.42,2026-05-24 18:26:42,0,0.0,0.0,1,1
3059,89,3059,694,121,0,450.7,17.44,3.72,649.42,2026-05-24 18:26:42,0,0.0,0.0,3,2
3060,142,3060,694,121,0,450.7,17.44,3.72,649.42,2026-05-24 18:26:42,0,0.0,0.0,2,3
3061,36,3061,806,156,0,68217.27,19.35,437.29,84636.81,2026-05-24 18:26:42,0,0.0,0.0,1,1
3062,89,3062,806,156,0,68217.27,19.35,437.29,84636.81,2026-05-24 18:26:42,0,0.0,0.0,3,2
3063,142,3063,806,156,0,68217.27,19.35,437.29,84636.81,2026-05-24 18:26:42,0,0.0,0.0,2,3
3064,21,3064,612,2300,0,470.47,375.82,0.2,768.74,2026-05-24 18:26:42,0,0.0,0.0,1,2
3065,74,3065,612,2300,0,470.47,375.82,0.2,768.74,2026-05-24 18:26:42,0,0.0,0.0,3,3
3066,127,3066,612,2300,0,470.47,375.82,0.2,768.74,2026-05-24 18:26:42,0,0.0,0.0,2,4
3067,34,3067,-340,26,0,479.303146,-7.65,18.43,-1409.72,2026-05-24 18:26:42,0,0.0,0.0,2,3
3068,87,3068,-340,26,0,479.303146,-7.65,18.43,-1409.72,2026-05-24 18:26:42,0,0.0,0.0,1,4
3069,140,3069,-340,26,0,479.303146,-7.65,18.43,-1409.72,2026-05-24 18:26:42,0,0.0,0.0,3,1
3070,21,3070,363,22,0,480.69,6.06,21.85,1324.21,2026-05-24 18:26:42,0,0.0,0.0,1,2
3071,74,3071,363,22,0,480.69,6.06,21.85,1324.21,2026-05-24 18:26:42,0,0.0,0.0,3,3
3072,127,3072,363,22,0,480.69,6.06,21.85,1324.21,2026-05-24 18:26:42,0,0.0,0.0,2,4
3073,31,3073,455,28,0,488.28,6.15,17.44,1073.14,2026-05-24 18:26:42,0,0.0,0.0,2,4
3074,84,3074,455,28,0,488.28,6.15,17.44,1073.14,2026-05-24 18:26:42,0,0.0,0.0,1,1
3075,137,3075,455,28,0,488.28,6.15,17.44,1073.14,2026-05-24 18:26:42,0,0.0,0.0,3,2
3076,18,3076,119,6,0,-500.45,5.04,-83.41,-4205.46,2026-05-24 18:26:42,0,0.0,0.0,1,3
3077,71,3077,119,6,0,-500.45,5.04,-83.41,-4205.46,2026-05-24 18:26:42,0,0.0,0.0,3,4
3078,124,3078,119,6,0,-500.45,5.04,-83.41,-4205.46,2026-05-24 18:26:42,0,0.0,0.0,2,1
3079,34,3079,340,21,0,500.576889,6.18,23.84,1472.28,2026-05-24 18:26:42,0,0.0,0.0,2,3
3080,87,3080,340,21,0,500.576889,6.18,23.84,1472.28,2026-05-24 18:26:42,0,0.0,0.0,1,4
3081,140,3081,340,21,0,500.576889,6.18,23.84,1472.28,2026-05-24 18:26:42,0,0.0,0.0,3,1
3082,34,3082,507,19,0,503.89,3.75,26.52,993.87,2026-05-24 18:26:42,0,0.0,0.0,2,3
3083,87,3083,507,19,0,503.89,3.75,26.52,993.87,2026-05-24 18:26:42,0,0.0,0.0,1,4
3084,140,3084,507,19,0,503.89,3.75,26.52,993.87,2026-05-24 18:26:42,0,0.0,0.0,3,1
3085,18,3085,369,-15,0,510.81,-4.07,-34.05,1384.31,2026-05-24 18:26:42,0,0.0,0.0,1,3
3086,71,3086,369,-15,0,510.81,-4.07,-34.05,1384.31,2026-05-24 18:26:42,0,0.0,0.0,3,4
3087,124,3087,369,-15,0,510.81,-4.07,-34.05,1384.31,2026-05-24 18:26:42,0,0.0,0.0,2,1
3088,18,3088,274,28,0,528.11,10.22,18.86,1927.41,2026-05-24 18:26:42,0,0.0,0.0,1,3
3089,71,3089,274,28,0,528.11,10.22,18.86,1927.41,2026-05-24 18:26:42,0,0.0,0.0,3,4
3090,124,3090,274,28,0,528.11,10.22,18.86,1927.41,2026-05-24 18:26:42,0,0.0,0.0,2,1
3091,34,3091,417,20,0,-563.45,4.8,-28.17,-1351.2,2026-05-24 18:26:42,0,0.0,0.0,2,3
3092,87,3092,417,20,0,-563.45,4.8,-28.17,-1351.2,2026-05-24 18:26:42,0,0.0,0.0,1,4
3093,140,3093,417,20,0,-563.45,4.8,-28.17,-1351.2,2026-05-24 18:26:42,0,0.0,0.0,3,1
3094,21,3094,548,35,0,567.31,6.39,16.21,1035.24,2026-05-24 18:26:42,0,0.0,0.0,1,2
3095,74,3095,548,35,0,567.31,6.39,16.21,1035.24,2026-05-24 18:26:42,0,0.0,0.0,3,3
3096,127,3096,548,35,0,567.31,6.39,16.21,1035.24,2026-05-24 18:26:42,0,0.0,0.0,2,4
3097,34,3097,75400,-17,0,578.66,-0.02,-34.04,7.67,2026-05-24 18:26:42,0,0.0,0.0,2,3
3098,87,3098,75400,-17,0,578.66,-0.02,-34.04,7.67,2026-05-24 18:26:42,0,0.0,0.0,1,4
3099,140,3099,75400,-17,0,578.66,-0.02,-34.04,7.67,2026-05-24 18:26:42,0,0.0,0.0,3,1
3100,21,3100,-500,-15,0,581.55,3.0,-38.77,-1163.1,2026-05-24 18:26:42,0,0.0,0.0,1,2
3101,74,3101,-500,-15,0,581.55,3.0,-38.77,-1163.1,2026-05-24 18:26:42,0,0.0,0.0,3,3
3102,127,3102,-500,-15,0,581.55,3.0,-38.77,-1163.1,2026-05-24 18:26:42,0,0.0,0.0,2,4
3103,34,3103,54230,15,0,599.22,0.03,39.95,11.05,2026-05-24 18:26:42,0,0.0,0.0,2,3
3104,87,3104,54230,15,0,599.22,0.03,39.95,11.05,2026-05-24 18:26:42,0,0.0,0.0,1,4
3105,140,3105,54230,15,0,599.22,0.03,39.95,11.05,2026-05-24 18:26:42,0,0.0,0.0,3,1
3106,34,3106,500,10,0,613.38,2.0,61.34,1226.76,2026-05-24 18:26:42,0,0.0,0.0,2,3
3107,87,3107,500,10,0,613.38,2.0,61.34,1226.76,2026-05-24 18:26:42,0,0.0,0.0,1,4
3108,140,3108,500,10,0,613.38,2.0,61.34,1226.76,2026-05-24 18:26:42,0,0.0,0.0,3,1
3109,19,3109,211,26,0,614.02,12.32,23.62,2910.05,2026-05-24 18:26:42,0,0.0,0.0,2,4
3110,72,3110,211,26,0,614.02,12.32,23.62,2910.05,2026-05-24 18:26:42,0,0.0,0.0,1,1
3111,125,3111,211,26,0,614.02,12.32,23.62,2910.05,2026-05-24 18:26:42,0,0.0,0.0,3,2
3112,17,3112,134995,31,0,641.18,0.02,20.68,4.75,2026-05-24 18:26:42,0,0.0,0.0,3,2
3113,70,3113,134995,31,0,641.18,0.02,20.68,4.75,2026-05-24 18:26:42,0,0.0,0.0,2,3
3114,123,3114,134995,31,0,641.18,0.02,20.68,4.75,2026-05-24 18:26:42,0,0.0,0.0,1,4
3115,34,3115,460,20,0,646.26,4.35,32.31,1404.91,2026-05-24 18:26:42,0,0.0,0.0,2,3
3116,87,3116,460,20,0,646.26,4.35,32.31,1404.91,2026-05-24 18:26:42,0,0.0,0.0,1,4
3117,140,3117,460,20,0,646.26,4.35,32.31,1404.91,2026-05-24 18:26:42,0,0.0,0.0,3,1
3118,34,3118,449,16,0,666.41,3.56,41.65,1484.21,2026-05-24 18:26:42,0,0.0,0.0,2,3
3119,87,3119,449,16,0,666.41,3.56,41.65,1484.21,2026-05-24 18:26:42,0,0.0,0.0,1,4
3120,140,3120,449,16,0,666.41,3.56,41.65,1484.21,2026-05-24 18:26:42,0,0.0,0.0,3,1
3121,18,3121,718,28,0,680.91,3.9,24.32,948.34,2026-05-24 18:26:42,0,0.0,0.0,1,3
3122,71,3122,718,28,0,680.91,3.9,24.32,948.34,2026-05-24 18:26:42,0,0.0,0.0,3,4
3123,124,3123,718,28,0,680.91,3.9,24.32,948.34,2026-05-24 18:26:42,0,0.0,0.0,2,1
3124,18,3124,455,1900,0,102853.65,417.58,54.13,226051.98,2026-05-24 18:26:42,0,0.0,0.0,1,3
3125,71,3125,455,1900,0,102853.65,417.58,54.13,226051.98,2026-05-24 18:26:42,0,0.0,0.0,3,4
3126,124,3126,455,1900,0,102853.65,417.58,54.13,226051.98,2026-05-24 18:26:42,0,0.0,0.0,2,1
3127,18,3127,71485,2500,0,727.85,3.5,0.29,10.18,2026-05-24 18:26:42,0,0.0,0.0,1,3
3128,71,3128,71485,2500,0,727.85,3.5,0.29,10.18,2026-05-24 18:26:42,0,0.0,0.0,3,4
3129,124,3129,71485,2500,0,727.85,3.5,0.29,10.18,2026-05-24 18:26:42,0,0.0,0.0,2,1
3130,31,3130,638,43,0,758.82,6.74,17.65,1189.37,2026-05-24 18:26:42,0,0.0,0.0,2,4
3131,84,3131,638,43,0,758.82,6.74,17.65,1189.37,2026-05-24 18:26:42,0,0.0,0.0,1,1
3132,137,3132,638,43,0,758.82,6.74,17.65,1189.37,2026-05-24 18:26:42,0,0.0,0.0,3,2
3133,34,3133,609,25,0,-761.99,4.11,-30.48,-1251.22,2026-05-24 18:26:42,0,0.0,0.0,2,3
3134,87,3134,609,25,0,-761.99,4.11,-30.48,-1251.22,2026-05-24 18:26:42,0,0.0,0.0,1,4
3135,140,3135,609,25,0,-761.99,4.11,-30.48,-1251.22,2026-05-24 18:26:42,0,0.0,0.0,3,1
3136,18,3136,387,24,0,793.62,6.2,33.07,2050.7,2026-05-24 18:26:42,0,0.0,0.0,1,3
3137,71,3137,387,24,0,793.62,6.2,33.07,2050.7,2026-05-24 18:26:42,0,0.0,0.0,3,4
3138,124,3138,387,24,0,793.62,6.2,33.07,2050.7,2026-05-24 18:26:42,0,0.0,0.0,2,1
3139,17,3139,162110,52,0,918.16,0.03,17.66,5.66,2026-05-24 18:26:42,0,0.0,0.0,3,2
3140,70,3140,162110,52,0,918.16,0.03,17.66,5.66,2026-05-24 18:26:42,0,0.0,0.0,2,3
3141,123,3141,162110,52,0,918.16,0.03,17.66,5.66,2026-05-24 18:26:42,0,0.0,0.0,1,4
3142,31,3142,488,52,0,-143046.83000000002,10.66,-2750.9,-293128.75,2026-05-24 18:26:42,0,0.0,0.0,2,4
3143,84,3143,488,52,0,-143046.83000000002,10.66,-2750.9,-293128.75,2026-05-24 18:26:42,0,0.0,0.0,1,1
3144,137,3144,488,52,0,-143046.83000000002,10.66,-2750.9,-293128.75,2026-05-24 18:26:42,0,0.0,0.0,3,2
3145,19,3145,-63075,-50,0,1024.839999,0.08,-20.5,-16.25,2026-05-24 18:26:42,0,0.0,0.0,2,4
3146,72,3146,-63075,-50,0,1024.839999,0.08,-20.5,-16.25,2026-05-24 18:26:42,0,0.0,0.0,1,1
3147,125,3147,-63075,-50,0,1024.839999,0.08,-20.5,-16.25,2026-05-24 18:26:42,0,0.0,0.0,3,2
3148,18,3148,585,25,0,157032.45,4.27,6281.3,268431.54,2026-05-24 18:26:42,0,0.0,0.0,1,3
3149,71,3149,585,25,0,157032.45,4.27,6281.3,268431.54,2026-05-24 18:26:42,0,0.0,0.0,3,4
3150,124,3150,585,25,0,157032.45,4.27,6281.3,268431.54,2026-05-24 18:26:42,0,0.0,0.0,2,1
3151,31,3151,907,76,0,1060.24,8.38,13.95,1168.95,2026-05-24 18:26:42,0,0.0,0.0,2,4
3152,84,3152,907,76,0,1060.24,8.38,13.95,1168.95,2026-05-24 18:26:42,0,0.0,0.0,1,1
3153,137,3153,907,76,0,1060.24,8.38,13.95,1168.95,2026-05-24 18:26:42,0,0.0,0.0,3,2
3154,31,3154,122670,69,0,1090.8,0.06,15.81,8.89,2026-05-24 18:26:42,0,0.0,0.0,2,4
3155,84,3155,122670,69,0,1090.8,0.06,15.81,8.89,2026-05-24 18:26:42,0,0.0,0.0,1,1
3156,137,3156,122670,69,0,1090.8,0.06,15.81,8.89,2026-05-24 18:26:42,0,0.0,0.0,3,2
3157,31,3157,933,84,0,1113.89,9.0,13.26,1193.88,2026-05-24 18:26:42,0,0.0,0.0,2,4
3158,84,3158,933,84,0,1113.89,9.0,13.26,1193.88,2026-05-24 18:26:42,0,0.0,0.0,1,1
3159,137,3159,933,84,0,1113.89,9.0,13.26,1193.88,2026-05-24 18:26:42,0,0.0,0.0,3,2
3160,17,3160,977,45,0,177604.69,4.61,3946.77,181785.76,2026-05-24 18:26:42,0,0.0,0.0,3,2
3161,70,3161,977,45,0,177604.69,4.61,3946.77,181785.76,2026-05-24 18:26:42,0,0.0,0.0,2,3
3162,123,3162,977,45,0,177604.69,4.61,3946.77,181785.76,2026-05-24 18:26:42,0,0.0,0.0,1,4
3163,23,3163,128035,49,0,1197.77,0.04,24.44,9.36,2026-05-24 18:26:42,0,0.0,0.0,3,4
3164,76,3164,128035,49,0,1197.77,0.04,24.44,9.36,2026-05-24 18:26:42,0,0.0,0.0,2,1
3165,129,3165,128035,49,0,1197.77,0.04,24.44,9.36,2026-05-24 18:26:42,0,0.0,0.0,1,2
3166,18,3166,1087,9000,0,1295.82,827.97,0.14,1192.11,2026-05-24 18:26:42,0,0.0,0.0,1,3
3167,71,3167,1087,9000,0,1295.82,827.97,0.14,1192.11,2026-05-24 18:26:42,0,0.0,0.0,3,4
3168,124,3168,1087,9000,0,1295.82,827.97,0.14,1192.11,2026-05-24 18:26:42,0,0.0,0.0,2,1
3169,31,3169,-122525,48,0,1307.42,-0.04,27.24,-10.67,2026-05-24 18:26:42,0,0.0,0.0,2,4
3170,84,3170,-122525,48,0,1307.42,-0.04,27.24,-10.67,2026-05-24 18:26:42,0,0.0,0.0,1,1
3171,137,3171,-122525,48,0,1307.42,-0.04,27.24,-10.67,2026-05-24 18:26:42,0,0.0,0.0,3,2
3172,31,3172,591,5600,0,1332.19,947.55,0.24,2254.13,2026-05-24 18:26:42,0,0.0,0.0,2,4
3173,84,3173,591,5600,0,1332.19,947.55,0.24,2254.13,2026-05-24 18:26:42,0,0.0,0.0,1,1
3174,137,3174,591,5600,0,1332.19,947.55,0.24,2254.13,2026-05-24 18:26:42,0,0.0,0.0,3,2
3175,17,3175,1240,55,0,1375.12,4.44,25.0,1108.97,2026-05-24 18:26:42,0,0.0,0.0,3,2
3176,70,3176,1240,55,0,1375.12,4.44,25.0,1108.97,2026-05-24 18:26:42,0,0.0,0.0,2,3
3177,123,3177,1240,55,0,1375.12,4.44,25.0,1108.97,2026-05-24 18:26:42,0,0.0,0.0,1,4
3178,19,3178,858,77,0,208615.56,8.97,2709.29,243141.68,2026-05-24 18:26:42,0,0.0,0.0,2,4
3179,72,3179,858,77,0,208615.56,8.97,2709.29,243141.68,2026-05-24 18:26:42,0,0.0,0.0,1,1
3180,125,3180,858,77,0,208615.56,8.97,2709.29,243141.68,2026-05-24 18:26:42,0,0.0,0.0,3,2
3181,43,3181,748,74,0,1393.05,9.89,18.82,1862.37,2026-05-24 18:26:42,0,0.0,0.0,2,4
3182,96,3182,748,74,0,1393.05,9.89,18.82,1862.37,2026-05-24 18:26:42,0,0.0,0.0,1,1
3183,149,3183,748,74,0,1393.05,9.89,18.82,1862.37,2026-05-24 18:26:42,0,0.0,0.0,3,2
3184,31,3184,1019,8700,0,1460.41,853.78,0.17,1433.18,2026-05-24 18:26:42,0,0.0,0.0,2,4
3185,84,3185,1019,8700,0,1460.41,853.78,0.17,1433.18,2026-05-24 18:26:42,0,0.0,0.0,1,1
3186,137,3186,1019,8700,0,1460.41,853.78,0.17,1433.18,2026-05-24 18:26:42,0,0.0,0.0,3,2
3187,47,3187,976,101,0,246897.08,10.35,2444.53,252968.32,2026-05-24 18:26:42,0,0.0,0.0,3,4
3188,100,3188,976,101,0,246897.08,10.35,2444.53,252968.32,2026-05-24 18:26:42,0,0.0,0.0,2,1
3189,153,3189,976,101,0,246897.08,10.35,2444.53,252968.32,2026-05-24 18:26:42,0,0.0,0.0,1,2
3190,31,3190,986,77,0,1657.96,7.81,21.53,1681.5,2026-05-24 18:26:42,0,0.0,0.0,2,4
3191,84,3191,986,77,0,1657.96,7.81,21.53,1681.5,2026-05-24 18:26:42,0,0.0,0.0,1,1
3192,137,3192,986,77,0,1657.96,7.81,21.53,1681.5,2026-05-24 18:26:42,0,0.0,0.0,3,2
3193,31,3193,874,67,0,1714.62,7.67,25.59,1961.81,2026-05-24 18:26:42,0,0.0,0.0,2,4
3194,84,3194,874,67,0,1714.62,7.67,25.59,1961.81,2026-05-24 18:26:42,0,0.0,0.0,1,1
3195,137,3195,874,67,0,1714.62,7.67,25.59,1961.81,2026-05-24 18:26:42,0,0.0,0.0,3,2
3196,31,3196,926,52,0,1718.84,5.62,33.05,1856.2,2026-05-24 18:26:42,0,0.0,0.0,2,4
3197,84,3197,926,52,0,1718.84,5.62,33.05,1856.2,2026-05-24 18:26:42,0,0.0,0.0,1,1
3198,137,3198,926,52,0,1718.84,5.62,33.05,1856.2,2026-05-24 18:26:42,0,0.0,0.0,3,2
3199,31,3199,1349,-102,0,1732.21,-7.56,-16.98,1284.07,2026-05-24 18:26:42,0,0.0,0.0,2,4
3200,84,3200,1349,-102,0,1732.21,-7.56,-16.98,1284.07,2026-05-24 18:26:42,0,0.0,0.0,1,1
3201,137,3201,1349,-102,0,1732.21,-7.56,-16.98,1284.07,2026-05-24 18:26:42,0,0.0,0.0,3,2
3202,31,3202,928,50,0,1797.67,5.39,35.95,1937.14,2026-05-24 18:26:42,0,0.0,0.0,2,4
3203,84,3203,928,50,0,1797.67,5.39,35.95,1937.14,2026-05-24 18:26:42,0,0.0,0.0,1,1
3204,137,3204,928,50,0,1797.67,5.39,35.95,1937.14,2026-05-24 18:26:42,0,0.0,0.0,3,2
3205,19,3205,964,73,0,272237.9,7.57,3729.29,282404.46,2026-05-24 18:26:42,0,0.0,0.0,2,4
3206,72,3206,964,73,0,272237.9,7.57,3729.29,282404.46,2026-05-24 18:26:42,0,0.0,0.0,1,1
3207,125,3207,964,73,0,272237.9,7.57,3729.29,282404.46,2026-05-24 18:26:42,0,0.0,0.0,3,2
3208,27,3208,972,102,0,1830.89,10.49,17.95,1883.63,2026-05-24 18:26:42,0,0.0,0.0,1,4
3209,80,3209,972,102,0,1830.89,10.49,17.95,1883.63,2026-05-24 18:26:42,0,0.0,0.0,3,1
3210,133,3210,972,102,0,1830.89,10.49,17.95,1883.63,2026-05-24 18:26:42,0,0.0,0.0,2,2
3211,31,3211,1440,125,0,1909.09,8.68,15.27,1325.76,2026-05-24 18:26:42,0,0.0,0.0,2,4
3212,84,3212,1440,125,0,1909.09,8.68,15.27,1325.76,2026-05-24 18:26:42,0,0.0,0.0,1,1
3213,137,3213,1440,125,0,1909.09,8.68,15.27,1325.76,2026-05-24 18:26:42,0,0.0,0.0,3,2
3214,9,3214,1097,80,0,1943.63,7.29,24.3,1771.77,2026-05-24 18:26:42,0,0.0,0.0,1,2
3215,62,3215,1097,80,0,1943.63,7.29,24.3,1771.77,2026-05-24 18:26:42,0,0.0,0.0,3,3
3216,115,3216,1097,80,0,1943.63,7.29,24.3,1771.77,2026-05-24 18:26:42,0,0.0,0.0,2,4
3217,6,3217,1326,109,0,1950.78,8.22,17.9,1471.18,2026-05-24 18:26:42,0,0.0,0.0,1,3
3218,59,3218,1326,109,0,1950.78,8.22,17.9,1471.18,2026-05-24 18:26:42,0,0.0,0.0,3,4
3219,112,3219,1326,109,0,1950.78,8.22,17.9,1471.18,2026-05-24 18:26:42,0,0.0,0.0,2,1
3220,6,3220,1447,12000,0,2158.15,829.3,0.18,1491.47,2026-05-24 18:26:42,0,0.0,0.0,1,3
3221,59,3221,1447,12000,0,2158.15,829.3,0.18,1491.47,2026-05-24 18:26:42,0,0.0,0.0,3,4
3222,112,3222,1447,12000,0,2158.15,829.3,0.18,1491.47,2026-05-24 18:26:42,0,0.0,0.0,2,1
3223,31,3223,1599,104,0,2314.04,6.5,22.25,1447.18,2026-05-24 18:26:42,0,0.0,0.0,2,4
3224,84,3224,1599,104,0,2314.04,6.5,22.25,1447.18,2026-05-24 18:26:42,0,0.0,0.0,1,1
3225,137,3225,1599,104,0,2314.04,6.5,22.25,1447.18,2026-05-24 18:26:42,0,0.0,0.0,3,2
3226,31,3226,1685,123,0,2314.49,7.3,18.82,1373.58,2026-05-24 18:26:42,0,0.0,0.0,2,4
3227,84,3227,1685,123,0,2314.49,7.3,18.82,1373.58,2026-05-24 18:26:42,0,0.0,0.0,1,1
3228,137,3228,1685,123,0,2314.49,7.3,18.82,1373.58,2026-05-24 18:26:42,0,0.0,0.0,3,2
3229,31,3229,1202,61,0,355490.24,5.07,5827.71,295748.95,2026-05-24 18:26:42,0,0.0,0.0,2,4
3230,84,3230,1202,61,0,355490.24,5.07,5827.71,295748.95,2026-05-24 18:26:42,0,0.0,0.0,1,1
3231,137,3231,1202,61,0,355490.24,5.07,5827.71,295748.95,2026-05-24 18:26:42,0,0.0,0.0,3,2
3232,9,3232,1389,144,0,2513.35,10.37,17.45,1809.47,2026-05-24 18:26:42,0,0.0,0.0,1,2
3233,62,3233,1389,144,0,2513.35,10.37,17.45,1809.47,2026-05-24 18:26:42,0,0.0,0.0,3,3
3234,115,3234,1389,144,0,2513.35,10.37,17.45,1809.47,2026-05-24 18:26:42,0,0.0,0.0,2,4
3235,18,3235,1627,138,0,2683.48,8.48,19.45,1649.34,2026-05-24 18:26:42,0,0.0,0.0,1,3
3236,71,3236,1627,138,0,2683.48,8.48,19.45,1649.34,2026-05-24 18:26:42,0,0.0,0.0,3,4
3237,124,3237,1627,138,0,2683.48,8.48,19.45,1649.34,2026-05-24 18:26:42,0,0.0,0.0,2,1
3238,31,3238,1696,98,0,2805.31,5.78,28.63,1654.07,2026-05-24 18:26:42,0,0.0,0.0,2,4
3239,84,3239,1696,98,0,2805.31,5.78,28.63,1654.07,2026-05-24 18:26:42,0,0.0,0.0,1,1
3240,137,3240,1696,98,0,2805.31,5.78,28.63,1654.07,2026-05-24 18:26:42,0,0.0,0.0,3,2
3241,31,3241,2045,136,1,2990.32,6.65,21.99,1462.26,2026-05-24 18:26:42,166000,55.51,0.74,2,4
3242,84,3242,2045,136,1,2990.32,6.65,21.99,1462.26,2026-05-24 18:26:42,166000,55.51,0.74,1,1
3243,137,3243,2045,136,1,2990.32,6.65,21.99,1462.26,2026-05-24 18:26:42,166000,55.51,0.74,3,2
3244,31,3244,1711,158,0,-3099.97,9.23,-19.62,-1811.79,2026-05-24 18:26:42,0,0.0,0.0,2,4
3245,84,3245,1711,158,0,-3099.97,9.23,-19.62,-1811.79,2026-05-24 18:26:42,0,0.0,0.0,1,1
3246,137,3246,1711,158,0,-3099.97,9.23,-19.62,-1811.79,2026-05-24 18:26:42,0,0.0,0.0,3,2
3247,31,3247,1800,173,0,3454.93,9.61,19.97,1919.41,2026-05-24 18:26:42,0,0.0,0.0,2,4
3248,84,3248,1800,173,0,3454.93,9.61,19.97,1919.41,2026-05-24 18:26:42,0,0.0,0.0,1,1
3249,137,3249,1800,173,0,3454.93,9.61,19.97,1919.41,2026-05-24 18:26:42,0,0.0,0.0,3,2
3250,31,3250,2102,145,4,3480.15,6.9,24.0,1655.64,2026-05-24 18:26:42,530000,152.29,2.76,2,4
3251,84,3251,2102,145,4,3480.15,6.9,24.0,1655.64,2026-05-24 18:26:42,530000,152.29,2.76,1,1
3252,137,3252,2102,145,4,3480.15,6.9,24.0,1655.64,2026-05-24 18:26:42,530000,152.29,2.76,3,2
3253,31,3253,1738,13400,0,4428.22,771.0,0.33,2547.88,2026-05-24 18:26:42,0,0.0,0.0,2,4
3254,84,3254,1738,13400,0,4428.22,771.0,0.33,2547.88,2026-05-24 18:26:42,0,0.0,0.0,1,1
3255,137,3255,1738,13400,0,4428.22,771.0,0.33,2547.88,2026-05-24 18:26:42,0,0.0,0.0,3,2
3256,31,3256,2911,198,0,723285.4700000001,6.8,3652.96,248466.32,2026-05-24 18:26:42,0,0.0,0.0,2,4
3257,84,3257,2911,198,0,723285.4700000001,6.8,3652.96,248466.32,2026-05-24 18:26:42,0,0.0,0.0,1,1
3258,137,3258,2911,198,0,723285.4700000001,6.8,3652.96,248466.32,2026-05-24 18:26:42,0,0.0,0.0,3,2
3259,18,3259,0,0,0,0.0,,,,2026-05-24 18:26:42,0,,,1,3
3260,71,3260,0,0,0,0.0,,,,2026-05-24 18:26:42,0,,,3,4
3261,124,3261,0,0,0,0.0,,,,2026-05-24 18:26:42,0,,,2,1
3262,46,3262,754,30,0,357.25,3.98,11.91,473.81,2026-05-24 18:26:42,0,0.0,0.0,2,3
3263,99,3263,754,30,0,357.25,3.98,11.91,473.81,2026-05-24 18:26:42,0,0.0,0.0,1,4
3264,152,3264,754,30,0,357.25,3.98,11.91,473.81,2026-05-24 18:26:42,0,0.0,0.0,3,1
3265,40,3265,38138,169400,0,1541.02,444.18,0.01,40.41,2026-05-24 18:26:42,0,0.0,0.0,2,1
3266,93,3266,38138,169400,0,1541.02,444.18,0.01,40.41,2026-05-24 18:26:42,0,0.0,0.0,1,2
3267,146,3267,38138,169400,0,1541.02,444.18,0.01,40.41,2026-05-24 18:26:42,0,0.0,0.0,3,3
3268,37,3268,3,0,0,0.01,0.0,,3.33,2026-05-24 18:26:42,0,0.0,,2,2
3269,90,3269,3,0,0,0.01,0.0,,3.33,2026-05-24 18:26:42,0,0.0,,1,3
3270,143,3270,3,0,0,0.01,0.0,,3.33,2026-05-24 18:26:42,0,0.0,,3,4
3271,29,3271,4927,208,0,122.33,4.22,0.59,24.83,2026-05-24 18:26:42,0,0.0,0.0,3,2
3272,82,3272,4927,208,0,122.33,4.22,0.59,24.83,2026-05-24 18:26:42,0,0.0,0.0,2,3
3273,135,3273,4927,208,0,122.33,4.22,0.59,24.83,2026-05-24 18:26:42,0,0.0,0.0,1,4
3274,20,3274,38433,882,1,3100.97,2.29,3.52,80.69,2026-05-24 18:26:42,20000,6.45,0.11,3,1
3275,73,3275,38433,882,1,3100.97,2.29,3.52,80.69,2026-05-24 18:26:42,20000,6.45,0.11,2,2
3276,126,3276,38433,882,1,3100.97,2.29,3.52,80.69,2026-05-24 18:26:42,20000,6.45,0.11,1,3
3277,21,3277,20880,10,0,121.26,0.05,12.13,5.81,2026-05-24 18:26:42,0,0.0,0.0,1,2
3278,74,3278,20880,10,0,121.26,0.05,12.13,5.81,2026-05-24 18:26:42,0,0.0,0.0,3,3
3279,127,3279,20880,10,0,121.26,0.05,12.13,5.81,2026-05-24 18:26:42,0,0.0,0.0,2,4
3280,19,3280,45,200,0,337.63,444.44,1.69,7502.89,2026-05-24 18:26:42,0,0.0,0.0,2,4
3281,72,3281,45,200,0,337.63,444.44,1.69,7502.89,2026-05-24 18:26:42,0,0.0,0.0,1,1
3282,125,3282,45,200,0,337.63,444.44,1.69,7502.89,2026-05-24 18:26:42,0,0.0,0.0,3,2
3283,45,3283,4373,-156,0,314.37,-3.57,-2.02,71.89,2026-05-24 18:26:42,0,0.0,0.0,1,2
3284,98,3284,4373,-156,0,314.37,-3.57,-2.02,71.89,2026-05-24 18:26:42,0,0.0,0.0,3,3
3285,151,3285,4373,-156,0,314.37,-3.57,-2.02,71.89,2026-05-24 18:26:42,0,0.0,0.0,2,4
3286,29,3286,17120,283,0,532.429999,1.65,1.88,31.1,2026-05-24 18:26:42,0,0.0,0.0,3,2
3287,82,3287,17120,283,0,532.429999,1.65,1.88,31.1,2026-05-24 18:26:42,0,0.0,0.0,2,3
3288,135,3288,17120,283,0,532.429999,1.65,1.88,31.1,2026-05-24 18:26:42,0,0.0,0.0,1,4
3289,38,3289,141,5,0,144.61,3.55,28.92,1025.6,2026-05-24 18:26:42,0,0.0,0.0,3,3
3290,91,3290,141,5,0,144.61,3.55,28.92,1025.6,2026-05-24 18:26:42,0,0.0,0.0,2,4
3291,144,3291,141,5,0,144.61,3.55,28.92,1025.6,2026-05-24 18:26:42,0,0.0,0.0,1,1
3292,34,3292,21895,12,0,186.75,0.05,15.56,8.53,2026-05-24 18:26:42,0,0.0,0.0,2,3
3293,87,3293,21895,12,0,186.75,0.05,15.56,8.53,2026-05-24 18:26:42,0,0.0,0.0,1,4
3294,140,3294,21895,12,0,186.75,0.05,15.56,8.53,2026-05-24 18:26:42,0,0.0,0.0,3,1
3295,29,3295,870,28,0,26606.2,3.22,950.22,30581.84,2026-05-24 18:26:42,0,0.0,0.0,3,2
3296,82,3296,870,28,0,26606.2,3.22,950.22,30581.84,2026-05-24 18:26:42,0,0.0,0.0,2,3
3297,135,3297,870,28,0,26606.2,3.22,950.22,30581.84,2026-05-24 18:26:42,0,0.0,0.0,1,4
3298,35,3298,-279,-17,0,-51.61,6.09,3.04,184.98,2026-05-24 18:26:42,0,0.0,0.0,3,4
3299,88,3299,-279,-17,0,-51.61,6.09,3.04,184.98,2026-05-24 18:26:42,0,0.0,0.0,2,1
3300,141,3300,-279,-17,0,-51.61,6.09,3.04,184.98,2026-05-24 18:26:42,0,0.0,0.0,1,2
3301,30,3301,1020,30,0,856.62,2.94,28.55,839.82,2026-05-24 18:26:42,0,0.0,0.0,1,3
3302,83,3302,1020,30,0,856.62,2.94,28.55,839.82,2026-05-24 18:26:42,0,0.0,0.0,3,4
3303,136,3303,1020,30,0,856.62,2.94,28.55,839.82,2026-05-24 18:26:42,0,0.0,0.0,2,1
3304,31,3304,162110,69,0,2083.52,0.04,30.2,12.85,2026-05-24 18:26:42,0,0.0,0.0,2,4
3305,84,3305,162110,69,0,2083.52,0.04,30.2,12.85,2026-05-24 18:26:42,0,0.0,0.0,1,1
3306,137,3306,162110,69,0,2083.52,0.04,30.2,12.85,2026-05-24 18:26:42,0,0.0,0.0,3,2
3307,29,3307,15355,374,0,1129.18,2.44,3.02,73.54,2026-05-24 18:26:42,0,0.0,0.0,3,2
3308,82,3308,15355,374,0,1129.18,2.44,3.02,73.54,2026-05-24 18:26:42,0,0.0,0.0,2,3
3309,135,3309,15355,374,0,1129.18,2.44,3.02,73.54,2026-05-24 18:26:42,0,0.0,0.0,1,4
3310,21,3310,300,18,0,469.54,6.0,26.09,1565.13,2026-05-24 18:26:42,0,0.0,0.0,1,2
3311,74,3311,300,18,0,469.54,6.0,26.09,1565.13,2026-05-24 18:26:42,0,0.0,0.0,3,3
3312,127,3312,300,18,0,469.54,6.0,26.09,1565.13,2026-05-24 18:26:42,0,0.0,0.0,2,4
3313,36,3313,15,1,0,4.54,6.67,4.54,302.67,2026-05-24 18:26:42,0,0.0,0.0,1,1
3314,89,3314,15,1,0,4.54,6.67,4.54,302.67,2026-05-24 18:26:42,0,0.0,0.0,3,2
3315,142,3315,15,1,0,4.54,6.67,4.54,302.67,2026-05-24 18:26:42,0,0.0,0.0,2,3
3316,29,3316,5311,79,0,138.21,1.49,1.75,26.02,2026-05-24 18:26:42,0,0.0,0.0,3,2
3317,82,3317,5311,79,0,138.21,1.49,1.75,26.02,2026-05-24 18:26:42,0,0.0,0.0,2,3
3318,135,3318,5311,79,0,138.21,1.49,1.75,26.02,2026-05-24 18:26:42,0,0.0,0.0,1,4
3319,31,3319,79,7,0,101.28,8.86,14.47,1282.03,2026-05-24 18:26:42,0,0.0,0.0,2,4
3320,84,3320,79,7,0,101.28,8.86,14.47,1282.03,2026-05-24 18:26:42,0,0.0,0.0,1,1
3321,137,3321,79,7,0,101.28,8.86,14.47,1282.03,2026-05-24 18:26:42,0,0.0,0.0,3,2
3322,34,3322,560,900,0,965.75,160.71,1.07,1724.55,2026-05-24 18:26:42,0,0.0,0.0,2,3
3323,87,3323,560,900,0,965.75,160.71,1.07,1724.55,2026-05-24 18:26:42,0,0.0,0.0,1,4
3324,140,3324,560,900,0,965.75,160.71,1.07,1724.55,2026-05-24 18:26:42,0,0.0,0.0,3,1
3325,30,3325,-1429,80,0,1039.769843,-5.6,13.0,-727.62,2026-05-24 18:26:42,0,0.0,0.0,1,3
3326,83,3326,-1429,80,0,1039.769843,-5.6,13.0,-727.62,2026-05-24 18:26:42,0,0.0,0.0,3,4
3327,136,3327,-1429,80,0,1039.769843,-5.6,13.0,-727.62,2026-05-24 18:26:42,0,0.0,0.0,2,1
3328,34,3328,435,15,0,773.49,3.45,51.57,1778.14,2026-05-24 18:26:42,0,0.0,0.0,2,3
3329,87,3329,435,15,0,773.49,3.45,51.57,1778.14,2026-05-24 18:26:42,0,0.0,0.0,1,4
3330,140,3330,435,15,0,773.49,3.45,51.57,1778.14,2026-05-24 18:26:42,0,0.0,0.0,3,1
3331,30,3331,-5583,312,0,1580.070156,-5.59,5.06,-283.01,2026-05-24 18:26:42,0,0.0,0.0,1,3
3332,83,3332,-5583,312,0,1580.070156,-5.59,5.06,-283.01,2026-05-24 18:26:42,0,0.0,0.0,3,4
3333,136,3333,-5583,312,0,1580.070156,-5.59,5.06,-283.01,2026-05-24 18:26:42,0,0.0,0.0,2,1
3334,20,3334,103954,2983,0,1902.78,2.87,0.64,18.3,2026-05-24 18:26:42,0,0.0,0.0,3,1
3335,73,3335,103954,2983,0,1902.78,2.87,0.64,18.3,2026-05-24 18:26:42,0,0.0,0.0,2,2
3336,126,3336,103954,2983,0,1902.78,2.87,0.64,18.3,2026-05-24 18:26:42,0,0.0,0.0,1,3
3337,30,3337,267,9,0,170.2,3.37,18.91,637.45,2026-05-24 18:26:42,0,0.0,0.0,1,3
3338,83,3338,267,9,0,170.2,3.37,18.91,637.45,2026-05-24 18:26:42,0,0.0,0.0,3,4
3339,136,3339,267,9,0,170.2,3.37,18.91,637.45,2026-05-24 18:26:42,0,0.0,0.0,2,1
3340,21,3340,77,300,0,89.99,389.61,0.3,1168.7,2026-05-24 18:26:42,0,0.0,0.0,1,2
3341,74,3341,77,300,0,89.99,389.61,0.3,1168.7,2026-05-24 18:26:42,0,0.0,0.0,3,3
3342,127,3342,77,300,0,89.99,389.61,0.3,1168.7,2026-05-24 18:26:42,0,0.0,0.0,2,4
3343,26,3343,316,18,0,485.6,5.7,26.98,1536.71,2026-05-24 18:26:42,0,0.0,0.0,3,3
3344,79,3344,316,18,0,485.6,5.7,26.98,1536.71,2026-05-24 18:26:42,0,0.0,0.0,2,4
3345,132,3345,316,18,0,485.6,5.7,26.98,1536.71,2026-05-24 18:26:42,0,0.0,0.0,1,1
3346,32,3346,33060,9,0,216.2,0.03,24.02,6.54,2026-05-24 18:26:42,0,0.0,0.0,3,1
3347,85,3347,33060,9,0,216.2,0.03,24.02,6.54,2026-05-24 18:26:42,0,0.0,0.0,2,2
3348,138,3348,33060,9,0,216.2,0.03,24.02,6.54,2026-05-24 18:26:42,0,0.0,0.0,1,3
3349,21,3349,192,3,0,105.72,1.56,35.24,550.63,2026-05-24 18:26:42,0,0.0,0.0,1,2
3350,74,3350,192,3,0,105.72,1.56,35.24,550.63,2026-05-24 18:26:42,0,0.0,0.0,3,3
3351,127,3351,192,3,0,105.72,1.56,35.24,550.63,2026-05-24 18:26:42,0,0.0,0.0,2,4
3352,32,3352,312,28,0,231.02,8.97,8.25,740.45,2026-05-24 18:26:42,0,0.0,0.0,3,1
3353,85,3353,312,28,0,231.02,8.97,8.25,740.45,2026-05-24 18:26:42,0,0.0,0.0,2,2
3354,138,3354,312,28,0,231.02,8.97,8.25,740.45,2026-05-24 18:26:42,0,0.0,0.0,1,3
3355,35,3355,0,0,0,0.0,,,,2026-05-24 18:26:42,0,,,3,4
3356,88,3356,0,0,0,0.0,,,,2026-05-24 18:26:42,0,,,2,1
3357,141,3357,0,0,0,0.0,,,,2026-05-24 18:26:42,0,,,1,2
3358,30,3358,553,15,0,145.01,2.71,9.67,262.22,2026-05-24 18:26:42,0,0.0,0.0,1,3
3359,83,3359,553,15,0,145.01,2.71,9.67,262.22,2026-05-24 18:26:42,0,0.0,0.0,3,4
3360,136,3360,553,15,0,145.01,2.71,9.67,262.22,2026-05-24 18:26:42,0,0.0,0.0,2,1
3361,19,3361,964,73,0,272237.9,7.57,3729.29,282404.46,2026-05-24 18:26:42,0,0.0,0.0,2,4
3362,72,3362,964,73,0,272237.9,7.57,3729.29,282404.46,2026-05-24 18:26:42,0,0.0,0.0,1,1
3363,125,3363,964,73,0,272237.9,7.57,3729.29,282404.46,2026-05-24 18:26:42,0,0.0,0.0,3,2
3364,50,3364,340,21,0,500.576889,6.18,23.84,1472.28,2026-05-24 18:26:42,0,0.0,0.0,3,3
3365,103,3365,340,21,0,500.576889,6.18,23.84,1472.28,2026-05-24 18:26:42,0,0.0,0.0,2,4
3366,156,3366,340,21,0,500.576889,6.18,23.84,1472.28,2026-05-24 18:26:42,0,0.0,0.0,1,1
3367,20,3367,2704,150,0,117.82,5.55,0.79,43.57,2026-05-24 18:26:42,0,0.0,0.0,3,1
3368,73,3368,2704,150,0,117.82,5.55,0.79,43.57,2026-05-24 18:26:42,0,0.0,0.0,2,2
3369,126,3369,2704,150,0,117.82,5.55,0.79,43.57,2026-05-24 18:26:42,0,0.0,0.0,1,3
3370,19,3370,194,26,0,405.04,13.4,15.58,2087.84,2026-05-24 18:26:42,0,0.0,0.0,2,4
3371,72,3371,194,26,0,405.04,13.4,15.58,2087.84,2026-05-24 18:26:42,0,0.0,0.0,1,1
3372,125,3372,194,26,0,405.04,13.4,15.58,2087.84,2026-05-24 18:26:42,0,0.0,0.0,3,2
3373,30,3373,3604,196,0,564.42,5.44,2.88,156.61,2026-05-24 18:26:42,0,0.0,0.0,1,3
3374,83,3374,3604,196,0,564.42,5.44,2.88,156.61,2026-05-24 18:26:42,0,0.0,0.0,3,4
3375,136,3375,3604,196,0,564.42,5.44,2.88,156.61,2026-05-24 18:26:42,0,0.0,0.0,2,1
3376,19,3376,98,4,0,215.34,4.08,53.84,2197.35,2026-05-24 18:26:42,0,0.0,0.0,2,4
3377,72,3377,98,4,0,215.34,4.08,53.84,2197.35,2026-05-24 18:26:42,0,0.0,0.0,1,1
3378,125,3378,98,4,0,215.34,4.08,53.84,2197.35,2026-05-24 18:26:42,0,0.0,0.0,3,2
3379,31,3379,-536,38,0,1225.04,-7.09,32.24,-2285.52,2026-05-24 18:26:42,0,0.0,0.0,2,4
3380,84,3380,-536,38,0,1225.04,-7.09,32.24,-2285.52,2026-05-24 18:26:42,0,0.0,0.0,1,1
3381,137,3381,-536,38,0,1225.04,-7.09,32.24,-2285.52,2026-05-24 18:26:42,0,0.0,0.0,3,2
3382,44,3382,2441,132,0,2295.8,5.41,17.39,940.52,2026-05-24 18:26:42,0,0.0,0.0,3,1
3383,97,3383,2441,132,0,2295.8,5.41,17.39,940.52,2026-05-24 18:26:42,0,0.0,0.0,2,2
3384,150,3384,2441,132,0,2295.8,5.41,17.39,940.52,2026-05-24 18:26:42,0,0.0,0.0,1,3
3385,18,3385,0,0,0,0.0,,,,2026-05-24 18:26:42,0,,,1,3
3386,71,3386,0,0,0,0.0,,,,2026-05-24 18:26:42,0,,,3,4
3387,124,3387,0,0,0,0.0,,,,2026-05-24 18:26:42,0,,,2,1
3388,36,3388,362,20,0,125.5,5.52,6.28,346.69,2026-05-24 18:26:42,0,0.0,0.0,1,1
3389,89,3389,362,20,0,125.5,5.52,6.28,346.69,2026-05-24 18:26:42,0,0.0,0.0,3,2
3390,142,3390,362,20,0,125.5,5.52,6.28,346.69,2026-05-24 18:26:42,0,0.0,0.0,2,3
3391,30,3391,907,1600,0,776.78,176.41,0.49,856.43,2026-05-24 18:26:42,0,0.0,0.0,1,3
3392,83,3392,907,1600,0,776.78,176.41,0.49,856.43,2026-05-24 18:26:42,0,0.0,0.0,3,4
3393,136,3393,907,1600,0,776.78,176.41,0.49,856.43,2026-05-24 18:26:42,0,0.0,0.0,2,1
3394,19,3394,126,-6,0,82.74,-4.76,-13.79,656.67,2026-05-24 18:26:42,0,0.0,0.0,2,4
3395,72,3395,126,-6,0,82.74,-4.76,-13.79,656.67,2026-05-24 18:26:42,0,0.0,0.0,1,1
3396,125,3396,126,-6,0,82.74,-4.76,-13.79,656.67,2026-05-24 18:26:42,0,0.0,0.0,3,2
3397,19,3397,361,1700,0,780.89,470.91,0.46,2163.13,2026-05-24 18:26:42,0,0.0,0.0,2,4
3398,72,3398,361,1700,0,780.89,470.91,0.46,2163.13,2026-05-24 18:26:42,0,0.0,0.0,1,1
3399,125,3399,361,1700,0,780.89,470.91,0.46,2163.13,2026-05-24 18:26:42,0,0.0,0.0,3,2
3400,31,3400,-907,76,0,1060.24,-8.38,13.95,-1168.95,2026-05-24 18:26:42,0,0.0,0.0,2,4
3401,84,3401,-907,76,0,1060.24,-8.38,13.95,-1168.95,2026-05-24 18:26:42,0,0.0,0.0,1,1
3402,137,3402,-907,76,0,1060.24,-8.38,13.95,-1168.95,2026-05-24 18:26:42,0,0.0,0.0,3,2
3403,3,3403,104,4,0,14263.46,3.85,3565.86,137148.65,2026-05-24 18:26:42,0,0.0,0.0,1,4
3404,56,3404,104,4,0,14263.46,3.85,3565.86,137148.65,2026-05-24 18:26:42,0,0.0,0.0,3,1
3405,109,3405,104,4,0,14263.46,3.85,3565.86,137148.65,2026-05-24 18:26:42,0,0.0,0.0,2,2
3406,40,3406,0,0,0,0.0,,,,2026-05-24 18:26:42,0,,,2,1
3407,93,3407,0,0,0,0.0,,,,2026-05-24 18:26:42,0,,,1,2
3408,146,3408,0,0,0,0.0,,,,2026-05-24 18:26:42,0,,,3,3
3409,18,3409,331,18,0,618.53,5.44,34.36,1868.67,2026-05-24 18:26:42,0,0.0,0.0,1,3
3410,71,3410,331,18,0,618.53,5.44,34.36,1868.67,2026-05-24 18:26:42,0,0.0,0.0,3,4
3411,124,3411,331,18,0,618.53,5.44,34.36,1868.67,2026-05-24 18:26:42,0,0.0,0.0,2,1
3412,19,3412,95,900,0,67.46,947.37,0.07,710.11,2026-05-24 18:26:42,0,0.0,0.0,2,4
3413,72,3413,95,900,0,67.46,947.37,0.07,710.11,2026-05-24 18:26:42,0,0.0,0.0,1,1
3414,125,3414,95,900,0,67.46,947.37,0.07,710.11,2026-05-24 18:26:42,0,0.0,0.0,3,2
3415,19,3415,74,5,0,60.6,6.76,12.12,818.92,2026-05-24 18:26:42,0,0.0,0.0,2,4
3416,72,3416,74,5,0,60.6,6.76,12.12,818.92,2026-05-24 18:26:42,0,0.0,0.0,1,1
3417,125,3417,74,5,0,60.6,6.76,12.12,818.92,2026-05-24 18:26:42,0,0.0,0.0,3,2
3418,34,3418,638,5,0,920.79,0.78,184.16,1443.24,2026-05-24 18:26:42,0,0.0,0.0,2,3
3419,87,3419,638,5,0,920.79,0.78,184.16,1443.24,2026-05-24 18:26:42,0,0.0,0.0,1,4
3420,140,3420,638,5,0,920.79,0.78,184.16,1443.24,2026-05-24 18:26:42,0,0.0,0.0,3,1
3421,21,3421,72355,19,0,661.98,0.03,34.84,9.15,2026-05-24 18:26:42,0,0.0,0.0,1,2
3422,74,3422,72355,19,0,661.98,0.03,34.84,9.15,2026-05-24 18:26:42,0,0.0,0.0,3,3
3423,127,3423,72355,19,0,661.98,0.03,34.84,9.15,2026-05-24 18:26:42,0,0.0,0.0,2,4
3424,41,3424,46,1,0,64.349999,2.17,64.35,1398.91,2026-05-24 18:26:42,0,0.0,0.0,3,2
3425,94,3425,46,1,0,64.349999,2.17,64.35,1398.91,2026-05-24 18:26:42,0,0.0,0.0,2,3
3426,147,3426,46,1,0,64.349999,2.17,64.35,1398.91,2026-05-24 18:26:42,0,0.0,0.0,1,4
3427,17,3427,490,27,0,327.35,5.51,12.12,668.06,2026-05-24 18:26:42,0,0.0,0.0,3,2
3428,70,3428,490,27,0,327.35,5.51,12.12,668.06,2026-05-24 18:26:42,0,0.0,0.0,2,3
3429,123,3429,490,27,0,327.35,5.51,12.12,668.06,2026-05-24 18:26:42,0,0.0,0.0,1,4
3430,18,3430,26,100,0,157.45,384.62,1.57,6055.77,2026-05-24 18:26:42,0,0.0,0.0,1,3
3431,71,3431,26,100,0,157.45,384.62,1.57,6055.77,2026-05-24 18:26:42,0,0.0,0.0,3,4
3432,124,3432,26,100,0,157.45,384.62,1.57,6055.77,2026-05-24 18:26:42,0,0.0,0.0,2,1
3433,19,3433,100,16,0,407.71,16.0,25.48,4077.1,2026-05-24 18:26:42,0,0.0,0.0,2,4
3434,72,3434,100,16,0,407.71,16.0,25.48,4077.1,2026-05-24 18:26:42,0,0.0,0.0,1,1
3435,125,3435,100,16,0,407.71,16.0,25.48,4077.1,2026-05-24 18:26:42,0,0.0,0.0,3,2
3436,35,3436,484,-45,0,103.56691,-9.3,-2.3,213.98,2026-05-24 18:26:42,0,0.0,0.0,3,4
3437,88,3437,484,-45,0,103.56691,-9.3,-2.3,213.98,2026-05-24 18:26:42,0,0.0,0.0,2,1
3438,141,3438,484,-45,0,103.56691,-9.3,-2.3,213.98,2026-05-24 18:26:42,0,0.0,0.0,1,2
3439,19,3439,138,2,0,91.68,1.45,45.84,664.35,2026-05-24 18:26:42,0,0.0,0.0,2,4
3440,72,3440,138,2,0,91.68,1.45,45.84,664.35,2026-05-24 18:26:42,0,0.0,0.0,1,1
3441,125,3441,138,2,0,91.68,1.45,45.84,664.35,2026-05-24 18:26:42,0,0.0,0.0,3,2
3442,30,3442,-450515,66,1,1515.225099,-0.01,22.96,-3.36,2026-05-24 18:26:42,19215000,12681.28,1.52,1,3
3443,83,3443,-450515,66,1,1515.225099,-0.01,22.96,-3.36,2026-05-24 18:26:42,19215000,12681.28,1.52,3,4
3444,136,3444,-450515,66,1,1515.225099,-0.01,22.96,-3.36,2026-05-24 18:26:42,19215000,12681.28,1.52,2,1
3445,34,3445,132,4,0,272.1,3.03,68.03,2061.36,2026-05-24 18:26:42,0,0.0,0.0,2,3
3446,87,3446,132,4,0,272.1,3.03,68.03,2061.36,2026-05-24 18:26:42,0,0.0,0.0,1,4
3447,140,3447,132,4,0,272.1,3.03,68.03,2061.36,2026-05-24 18:26:42,0,0.0,0.0,3,1
3448,18,3448,100,6,0,68.94,6.0,11.49,689.4,2026-05-24 18:26:42,0,0.0,0.0,1,3
3449,71,3449,100,6,0,68.94,6.0,11.49,689.4,2026-05-24 18:26:42,0,0.0,0.0,3,4
3450,124,3450,100,6,0,68.94,6.0,11.49,689.4,2026-05-24 18:26:42,0,0.0,0.0,2,1
3451,35,3451,92,7,0,16.43,7.61,2.35,178.59,2026-05-24 18:26:42,0,0.0,0.0,3,4
3452,88,3452,92,7,0,16.43,7.61,2.35,178.59,2026-05-24 18:26:42,0,0.0,0.0,2,1
3453,141,3453,92,7,0,16.43,7.61,2.35,178.59,2026-05-24 18:26:42,0,0.0,0.0,1,2
3454,21,3454,-363,22,0,480.69,-6.06,21.85,-1324.21,2026-05-24 18:26:42,0,0.0,0.0,1,2
3455,74,3455,-363,22,0,480.69,-6.06,21.85,-1324.21,2026-05-24 18:26:42,0,0.0,0.0,3,3
3456,127,3456,-363,22,0,480.69,-6.06,21.85,-1324.21,2026-05-24 18:26:42,0,0.0,0.0,2,4
3457,29,3457,22076,634,0,-723.2,2.87,-1.14,-32.76,2026-05-24 18:26:42,0,0.0,0.0,3,2
3458,82,3458,22076,634,0,-723.2,2.87,-1.14,-32.76,2026-05-24 18:26:42,0,0.0,0.0,2,3
3459,135,3459,22076,634,0,-723.2,2.87,-1.14,-32.76,2026-05-24 18:26:42,0,0.0,0.0,1,4
3460,20,3460,99546,2890,0,2153.7,2.9,0.75,21.64,2026-05-24 18:26:42,0,0.0,0.0,3,1
3461,73,3461,99546,2890,0,2153.7,2.9,0.75,21.64,2026-05-24 18:26:42,0,0.0,0.0,2,2
3462,126,3462,99546,2890,0,2153.7,2.9,0.75,21.64,2026-05-24 18:26:42,0,0.0,0.0,1,3
3463,4,3463,58258,3495,0,2165.69,6.0,0.62,37.17,2026-05-24 18:26:42,0,0.0,0.0,2,1
3464,57,3464,58258,3495,0,2165.69,6.0,0.62,37.17,2026-05-24 18:26:42,0,0.0,0.0,1,2
3465,110,3465,58258,3495,0,2165.69,6.0,0.62,37.17,2026-05-24 18:26:42,0,0.0,0.0,3,3
3466,35,3466,52,1,0,13.17,1.92,13.17,253.27,2026-05-24 18:26:42,0,0.0,0.0,3,4
3467,88,3467,52,1,0,13.17,1.92,13.17,253.27,2026-05-24 18:26:42,0,0.0,0.0,2,1
3468,141,3468,52,1,0,13.17,1.92,13.17,253.27,2026-05-24 18:26:42,0,0.0,0.0,1,2
3469,26,3469,434,65,0,567.96,14.98,8.74,1308.66,2026-05-24 18:26:42,0,0.0,0.0,3,3
3470,79,3470,434,65,0,567.96,14.98,8.74,1308.66,2026-05-24 18:26:42,0,0.0,0.0,2,4
3471,132,3471,434,65,0,567.96,14.98,8.74,1308.66,2026-05-24 18:26:42,0,0.0,0.0,1,1
3472,34,3472,66,7,0,68.23,10.61,9.75,1033.79,2026-05-24 18:26:42,0,0.0,0.0,2,3
3473,87,3473,66,7,0,68.23,10.61,9.75,1033.79,2026-05-24 18:26:42,0,0.0,0.0,1,4
3474,140,3474,66,7,0,68.23,10.61,9.75,1033.79,2026-05-24 18:26:42,0,0.0,0.0,3,1
3475,19,3475,310,-39,0,395.96,-12.58,-10.15,1277.29,2026-05-24 18:26:42,0,0.0,0.0,2,4
3476,72,3476,310,-39,0,395.96,-12.58,-10.15,1277.29,2026-05-24 18:26:42,0,0.0,0.0,1,1
3477,125,3477,310,-39,0,395.96,-12.58,-10.15,1277.29,2026-05-24 18:26:42,0,0.0,0.0,3,2
3478,39,3478,118,16,0,191.29,13.56,11.96,1621.1,2026-05-24 18:26:42,0,0.0,0.0,1,4
3479,92,3479,118,16,0,191.29,13.56,11.96,1621.1,2026-05-24 18:26:42,0,0.0,0.0,3,1
3480,145,3480,118,16,0,191.29,13.56,11.96,1621.1,2026-05-24 18:26:42,0,0.0,0.0,2,2
3481,31,3481,2102,145,4,3480.15,6.9,24.0,1655.64,2026-05-24 18:26:42,-530000,-152.29,2.76,2,4
3482,84,3482,2102,145,4,3480.15,6.9,24.0,1655.64,2026-05-24 18:26:42,-530000,-152.29,2.76,1,1
3483,137,3483,2102,145,4,3480.15,6.9,24.0,1655.64,2026-05-24 18:26:42,-530000,-152.29,2.76,3,2
3484,34,3484,428,4,0,613.72,0.93,153.43,1433.93,2026-05-24 18:26:42,0,0.0,0.0,2,3
3485,87,3485,428,4,0,613.72,0.93,153.43,1433.93,2026-05-24 18:26:42,0,0.0,0.0,1,4
3486,140,3486,428,4,0,613.72,0.93,153.43,1433.93,2026-05-24 18:26:42,0,0.0,0.0,3,1
3487,19,3487,76995,4600,0,971.91542,5.97,0.21,12.62,2026-05-24 18:26:42,0,0.0,0.0,2,4
3488,72,3488,76995,4600,0,971.91542,5.97,0.21,12.62,2026-05-24 18:26:42,0,0.0,0.0,1,1
3489,125,3489,76995,4600,0,971.91542,5.97,0.21,12.62,2026-05-24 18:26:42,0,0.0,0.0,3,2
3490,33,3490,397,33,0,335.05,8.31,10.15,843.95,2026-05-24 18:26:42,0,0.0,0.0,1,2
3491,86,3491,397,33,0,335.05,8.31,10.15,843.95,2026-05-24 18:26:42,0,0.0,0.0,3,3
3492,139,3492,397,33,0,335.05,8.31,10.15,843.95,2026-05-24 18:26:42,0,0.0,0.0,2,4
3493,35,3493,-1907,84,0,362.18,-4.4,4.31,-189.92,2026-05-24 18:26:42,0,0.0,0.0,3,4
3494,88,3494,-1907,84,0,362.18,-4.4,4.31,-189.92,2026-05-24 18:26:42,0,0.0,0.0,2,1
3495,141,3495,-1907,84,0,362.18,-4.4,4.31,-189.92,2026-05-24 18:26:42,0,0.0,0.0,1,2
3496,31,3496,903,69,0,1477.29,7.64,21.41,1635.98,2026-05-24 18:26:42,0,0.0,0.0,2,4
3497,84,3497,903,69,0,1477.29,7.64,21.41,1635.98,2026-05-24 18:26:42,0,0.0,0.0,1,1
3498,137,3498,903,69,0,1477.29,7.64,21.41,1635.98,2026-05-24 18:26:42,0,0.0,0.0,3,2
3499,21,3499,112,5,0,240.36,4.46,48.07,2146.07,2026-05-24 18:26:42,0,0.0,0.0,1,2
3500,74,3500,112,5,0,240.36,4.46,48.07,2146.07,2026-05-24 18:26:42,0,0.0,0.0,3,3
3501,127,3501,112,5,0,240.36,4.46,48.07,2146.07,2026-05-24 18:26:42,0,0.0,0.0,2,4
3502,34,3502,253,7,0,364.59,2.77,52.08,1441.07,2026-05-24 18:26:42,0,0.0,0.0,2,3
3503,87,3503,253,7,0,364.59,2.77,52.08,1441.07,2026-05-24 18:26:42,0,0.0,0.0,1,4
3504,140,3504,253,7,0,364.59,2.77,52.08,1441.07,2026-05-24 18:26:42,0,0.0,0.0,3,1
3505,28,3505,3320,241,0,3212.54,7.26,13.33,967.63,2026-05-24 18:26:42,0,0.0,0.0,2,1
3506,81,3506,3320,241,0,3212.54,7.26,13.33,967.63,2026-05-24 18:26:42,0,0.0,0.0,1,2
3507,134,3507,3320,241,0,3212.54,7.26,13.33,967.63,2026-05-24 18:26:42,0,0.0,0.0,3,3
3508,35,3508,1063,-102,0,306.5,-9.6,-3.0,288.33,2026-05-24 18:26:42,0,0.0,0.0,3,4
3509,88,3509,1063,-102,0,306.5,-9.6,-3.0,288.33,2026-05-24 18:26:42,0,0.0,0.0,2,1
3510,141,3510,1063,-102,0,306.5,-9.6,-3.0,288.33,2026-05-24 18:26:42,0,0.0,0.0,1,2
3511,34,3511,-595,10,0,136315.25,-1.68,13631.52,-229101.26,2026-05-24 18:26:42,0,0.0,0.0,2,3
3512,87,3512,-595,10,0,136315.25,-1.68,13631.52,-229101.26,2026-05-24 18:26:42,0,0.0,0.0,1,4
3513,140,3513,-595,10,0,136315.25,-1.68,13631.52,-229101.26,2026-05-24 18:26:42,0,0.0,0.0,3,1
3514,31,3514,875,-52,0,1299.86,-5.94,-25.0,1485.55,2026-05-24 18:26:42,0,0.0,0.0,2,4
3515,84,3515,875,-52,0,1299.86,-5.94,-25.0,1485.55,2026-05-24 18:26:42,0,0.0,0.0,1,1
3516,137,3516,875,-52,0,1299.86,-5.94,-25.0,1485.55,2026-05-24 18:26:42,0,0.0,0.0,3,2
3517,37,3517,26872,81,0,165.49,0.3,2.04,6.16,2026-05-24 18:26:42,0,0.0,0.0,2,2
3518,90,3518,26872,81,0,165.49,0.3,2.04,6.16,2026-05-24 18:26:42,0,0.0,0.0,1,3
3519,143,3519,26872,81,0,165.49,0.3,2.04,6.16,2026-05-24 18:26:42,0,0.0,0.0,3,4
3520,27,3520,1447,12000,0,2158.15,829.3,0.18,1491.47,2026-05-24 18:26:42,0,0.0,0.0,1,4
3521,80,3521,1447,12000,0,2158.15,829.3,0.18,1491.47,2026-05-24 18:26:42,0,0.0,0.0,3,1
3522,133,3522,1447,12000,0,2158.15,829.3,0.18,1491.47,2026-05-24 18:26:42,0,0.0,0.0,2,2
3523,11,3523,113,2,0,158.61,1.77,79.31,1403.63,2026-05-24 18:26:42,0,0.0,0.0,3,4
3524,64,3524,113,2,0,158.61,1.77,79.31,1403.63,2026-05-24 18:26:42,0,0.0,0.0,2,1
3525,117,3525,113,2,0,158.61,1.77,79.31,1403.63,2026-05-24 18:26:42,0,0.0,0.0,1,2
3526,18,3526,79,6,0,62.51,7.59,10.42,791.27,2026-05-24 18:26:42,0,0.0,0.0,1,3
3527,71,3527,79,6,0,62.51,7.59,10.42,791.27,2026-05-24 18:26:42,0,0.0,0.0,3,4
3528,124,3528,79,6,0,62.51,7.59,10.42,791.27,2026-05-24 18:26:42,0,0.0,0.0,2,1
3529,35,3529,80,12,0,23.85,15.0,1.99,298.13,2026-05-24 18:26:42,0,0.0,0.0,3,4
3530,88,3530,80,12,0,23.85,15.0,1.99,298.13,2026-05-24 18:26:42,0,0.0,0.0,2,1
3531,141,3531,80,12,0,23.85,15.0,1.99,298.13,2026-05-24 18:26:42,0,0.0,0.0,1,2
3532,34,3532,0,0,0,0.0,,,,2026-05-24 18:26:42,0,,,2,3
3533,87,3533,0,0,0,0.0,,,,2026-05-24 18:26:42,0,,,1,4
3534,140,3534,0,0,0,0.0,,,,2026-05-24 18:26:42,0,,,3,1
3535,30,3535,6327,310,0,700.64,4.9,2.26,110.74,2026-05-24 18:26:42,0,0.0,0.0,1,3
3536,83,3536,6327,310,0,700.64,4.9,2.26,110.74,2026-05-24 18:26:42,0,0.0,0.0,3,4
3537,136,3537,6327,310,0,700.64,4.9,2.26,110.74,2026-05-24 18:26:42,0,0.0,0.0,2,1
3538,33,3538,225,9,0,195.67,4.0,21.74,869.64,2026-05-24 18:26:42,0,0.0,0.0,1,2
3539,86,3539,225,9,0,195.67,4.0,21.74,869.64,2026-05-24 18:26:42,0,0.0,0.0,3,3
3540,139,3540,225,9,0,195.67,4.0,21.74,869.64,2026-05-24 18:26:42,0,0.0,0.0,2,4
3541,17,3541,264,9,0,336.4,3.41,37.38,1274.24,2026-05-24 18:26:42,0,0.0,0.0,3,2
3542,70,3542,264,9,0,336.4,3.41,37.38,1274.24,2026-05-24 18:26:42,0,0.0,0.0,2,3
3543,123,3543,264,9,0,336.4,3.41,37.38,1274.24,2026-05-24 18:26:42,0,0.0,0.0,1,4
3544,32,3544,-224,13,0,226.89,-5.8,17.45,-1012.9,2026-05-24 18:26:42,0,0.0,0.0,3,1
3545,85,3545,-224,13,0,226.89,-5.8,17.45,-1012.9,2026-05-24 18:26:42,0,0.0,0.0,2,2
3546,138,3546,-224,13,0,226.89,-5.8,17.45,-1012.9,2026-05-24 18:26:42,0,0.0,0.0,1,3
3547,36,3547,412,76,0,-292.98,18.45,-3.86,-711.12,2026-05-24 18:26:42,0,0.0,0.0,1,1
3548,89,3548,412,76,0,-292.98,18.45,-3.86,-711.12,2026-05-24 18:26:42,0,0.0,0.0,3,2
3549,142,3549,412,76,0,-292.98,18.45,-3.86,-711.12,2026-05-24 18:26:42,0,0.0,0.0,2,3
3550,28,3550,0,0,0,0.0,,,,2026-05-24 18:26:42,0,,,2,1
3551,81,3551,0,0,0,0.0,,,,2026-05-24 18:26:42,0,,,1,2
3552,134,3552,0,0,0,0.0,,,,2026-05-24 18:26:42,0,,,3,3
3553,19,3553,43,5,0,62.9,11.63,12.58,1462.79,2026-05-24 18:26:42,0,0.0,0.0,2,4
3554,72,3554,43,5,0,62.9,11.63,12.58,1462.79,2026-05-24 18:26:42,0,0.0,0.0,1,1
3555,125,3555,43,5,0,62.9,11.63,12.58,1462.79,2026-05-24 18:26:42,0,0.0,0.0,3,2
3556,31,3556,235915,94,0,2920.09,0.04,31.06,12.38,2026-05-24 18:26:42,0,0.0,0.0,2,4
3557,84,3557,235915,94,0,2920.09,0.04,31.06,12.38,2026-05-24 18:26:42,0,0.0,0.0,1,1
3558,137,3558,235915,94,0,2920.09,0.04,31.06,12.38,2026-05-24 18:26:42,0,0.0,0.0,3,2
3559,34,3559,-1164,36,0,2006.56,-3.09,55.74,-1723.85,2026-05-24 18:26:42,0,0.0,0.0,2,3
3560,87,3560,-1164,36,0,2006.56,-3.09,55.74,-1723.85,2026-05-24 18:26:42,0,0.0,0.0,1,4
3561,140,3561,-1164,36,0,2006.56,-3.09,55.74,-1723.85,2026-05-24 18:26:42,0,0.0,0.0,3,1
3562,30,3562,355,-10,0,403.69,-2.82,-40.37,1137.15,2026-05-24 18:26:42,0,0.0,0.0,1,3
3563,83,3563,355,-10,0,403.69,-2.82,-40.37,1137.15,2026-05-24 18:26:42,0,0.0,0.0,3,4
3564,136,3564,355,-10,0,403.69,-2.82,-40.37,1137.15,2026-05-24 18:26:42,0,0.0,0.0,2,1
3565,30,3565,0,0,0,0.0,,,,2026-05-24 18:26:42,0,,,1,3
3566,83,3566,0,0,0,0.0,,,,2026-05-24 18:26:42,0,,,3,4
3567,136,3567,0,0,0,0.0,,,,2026-05-24 18:26:42,0,,,2,1
3568,32,3568,308,25,0,283.67,8.12,11.35,921.01,2026-05-24 18:26:42,0,0.0,0.0,3,1
3569,85,3569,308,25,0,283.67,8.12,11.35,921.01,2026-05-24 18:26:42,0,0.0,0.0,2,2
3570,138,3570,308,25,0,283.67,8.12,11.35,921.01,2026-05-24 18:26:42,0,0.0,0.0,1,3
3571,29,3571,0,0,0,0.0,,,,2026-05-24 18:26:42,0,,,3,2
3572,82,3572,0,0,0,0.0,,,,2026-05-24 18:26:42,0,,,2,3
3573,135,3573,0,0,0,0.0,,,,2026-05-24 18:26:42,0,,,1,4
3574,31,3574,2608,152,1,4349.05,5.83,28.61,1667.58,2026-05-24 18:26:42,102000,23.45,0.66,2,4
3575,84,3575,2608,152,1,4349.05,5.83,28.61,1667.58,2026-05-24 18:26:42,102000,23.45,0.66,1,1
3576,137,3576,2608,152,1,4349.05,5.83,28.61,1667.58,2026-05-24 18:26:42,102000,23.45,0.66,3,2
3577,31,3577,928,50,0,1797.67,5.39,35.95,1937.14,2026-05-24 18:26:42,0,0.0,0.0,2,4
3578,84,3578,928,50,0,1797.67,5.39,35.95,1937.14,2026-05-24 18:26:42,0,0.0,0.0,1,1
3579,137,3579,928,50,0,1797.67,5.39,35.95,1937.14,2026-05-24 18:26:42,0,0.0,0.0,3,2
3580,50,3580,1093,45,0,2108.31,4.12,46.85,1928.92,2026-05-24 18:26:42,0,0.0,0.0,3,3
3581,103,3581,1093,45,0,2108.31,4.12,46.85,1928.92,2026-05-24 18:26:42,0,0.0,0.0,2,4
3582,156,3582,1093,45,0,2108.31,4.12,46.85,1928.92,2026-05-24 18:26:42,0,0.0,0.0,1,1
3583,34,3583,4,0,0,0.59,0.0,,147.5,2026-05-24 18:26:42,0,0.0,,2,3
3584,87,3584,4,0,0,0.59,0.0,,147.5,2026-05-24 18:26:42,0,0.0,,1,4
3585,140,3585,4,0,0,0.59,0.0,,147.5,2026-05-24 18:26:42,0,0.0,,3,1
3586,31,3586,65,3,0,74.73,4.62,24.91,1149.69,2026-05-24 18:26:42,0,0.0,0.0,2,4
3587,84,3587,65,3,0,74.73,4.62,24.91,1149.69,2026-05-24 18:26:42,0,0.0,0.0,1,1
3588,137,3588,65,3,0,74.73,4.62,24.91,1149.69,2026-05-24 18:26:42,0,0.0,0.0,3,2
3589,34,3589,430,8,0,-599.61,1.86,-74.95,-1394.44,2026-05-24 18:26:42,0,0.0,0.0,2,3
3590,87,3590,430,8,0,-599.61,1.86,-74.95,-1394.44,2026-05-24 18:26:42,0,0.0,0.0,1,4
3591,140,3591,430,8,0,-599.61,1.86,-74.95,-1394.44,2026-05-24 18:26:42,0,0.0,0.0,3,1
3592,36,3592,10,2,0,9.55,20.0,4.78,955.0,2026-05-24 18:26:42,0,0.0,0.0,1,1
3593,89,3593,10,2,0,9.55,20.0,4.78,955.0,2026-05-24 18:26:42,0,0.0,0.0,3,2
3594,142,3594,10,2,0,9.55,20.0,4.78,955.0,2026-05-24 18:26:42,0,0.0,0.0,2,3
3595,34,3595,54230,15,0,599.22,0.03,39.95,11.05,2026-05-24 18:26:42,0,0.0,0.0,2,3
3596,87,3596,54230,15,0,599.22,0.03,39.95,11.05,2026-05-24 18:26:42,0,0.0,0.0,1,4
3597,140,3597,54230,15,0,599.22,0.03,39.95,11.05,2026-05-24 18:26:42,0,0.0,0.0,3,1
3598,35,3598,80,7,0,19.42,8.75,2.77,242.75,2026-05-24 18:26:42,0,0.0,0.0,3,4
3599,88,3599,80,7,0,19.42,8.75,2.77,242.75,2026-05-24 18:26:42,0,0.0,0.0,2,1
3600,141,3600,80,7,0,19.42,8.75,2.77,242.75,2026-05-24 18:26:42,0,0.0,0.0,1,2
3601,29,3601,-3074,117,0,308.23,-3.81,2.63,-100.27,2026-05-24 18:26:42,0,0.0,0.0,3,2
3602,82,3602,-3074,117,0,308.23,-3.81,2.63,-100.27,2026-05-24 18:26:42,0,0.0,0.0,2,3
3603,135,3603,-3074,117,0,308.23,-3.81,2.63,-100.27,2026-05-24 18:26:42,0,0.0,0.0,1,4
3604,18,3604,165,2,0,185.27,1.21,92.64,1122.85,2026-05-24 18:26:42,0,0.0,0.0,1,3
3605,71,3605,165,2,0,185.27,1.21,92.64,1122.85,2026-05-24 18:26:42,0,0.0,0.0,3,4
3606,124,3606,165,2,0,185.27,1.21,92.64,1122.85,2026-05-24 18:26:42,0,0.0,0.0,2,1
3607,31,3607,2883,178,1,5304.15,6.17,29.8,1839.8,2026-05-24 18:26:42,79500,14.99,0.56,2,4
3608,84,3608,2883,178,1,5304.15,6.17,29.8,1839.8,2026-05-24 18:26:42,79500,14.99,0.56,1,1
3609,137,3609,2883,178,1,5304.15,6.17,29.8,1839.8,2026-05-24 18:26:42,79500,14.99,0.56,3,2
3610,20,3610,0,0,0,0.0,,,,2026-05-24 18:26:42,0,,,3,1
3611,73,3611,0,0,0,0.0,,,,2026-05-24 18:26:42,0,,,2,2
3612,126,3612,0,0,0,0.0,,,,2026-05-24 18:26:42,0,,,1,3
3613,29,3613,7937,301,1,1298.14,3.79,4.31,163.56,2026-05-24 18:26:42,14000,10.78,0.33,3,2
3614,82,3614,7937,301,1,1298.14,3.79,4.31,163.56,2026-05-24 18:26:42,14000,10.78,0.33,2,3
3615,135,3615,7937,301,1,1298.14,3.79,4.31,163.56,2026-05-24 18:26:42,14000,10.78,0.33,1,4
3616,36,3616,458,6800,0,286.65,1484.72,0.04,625.87,2026-05-24 18:26:42,0,0.0,0.0,1,1
3617,89,3617,458,6800,0,286.65,1484.72,0.04,625.87,2026-05-24 18:26:42,0,0.0,0.0,3,2
3618,142,3618,458,6800,0,286.65,1484.72,0.04,625.87,2026-05-24 18:26:42,0,0.0,0.0,2,3
3619,29,3619,104,0,0,1085.69,0.0,,10439.33,2026-05-24 18:26:42,0,0.0,,3,2
3620,82,3620,104,0,0,1085.69,0.0,,10439.33,2026-05-24 18:26:42,0,0.0,,2,3
3621,135,3621,104,0,0,1085.69,0.0,,10439.33,2026-05-24 18:26:42,0,0.0,,1,4
3622,34,3622,3770,300,0,41.98,7.96,0.14,11.14,2026-05-24 18:26:42,0,0.0,0.0,2,3
3623,87,3623,3770,300,0,41.98,7.96,0.14,11.14,2026-05-24 18:26:42,0,0.0,0.0,1,4
3624,140,3624,3770,300,0,41.98,7.96,0.14,11.14,2026-05-24 18:26:42,0,0.0,0.0,3,1
3625,29,3625,12532,14100,0,-208.07,112.51,-0.01,-16.6,2026-05-24 18:26:42,0,0.0,0.0,3,2
3626,82,3626,12532,14100,0,-208.07,112.51,-0.01,-16.6,2026-05-24 18:26:42,0,0.0,0.0,2,3
3627,135,3627,12532,14100,0,-208.07,112.51,-0.01,-16.6,2026-05-24 18:26:42,0,0.0,0.0,1,4
3628,11,3628,9425,2,0,20658.31,0.02,10329.16,2191.86,2026-05-24 18:26:42,0,0.0,0.0,3,4
3629,64,3629,9425,2,0,20658.31,0.02,10329.16,2191.86,2026-05-24 18:26:42,0,0.0,0.0,2,1
3630,117,3630,9425,2,0,20658.31,0.02,10329.16,2191.86,2026-05-24 18:26:42,0,0.0,0.0,1,2
3631,36,3631,452,70,0,296.28,15.49,4.23,655.49,2026-05-24 18:26:42,0,0.0,0.0,1,1
3632,89,3632,452,70,0,296.28,15.49,4.23,655.49,2026-05-24 18:26:42,0,0.0,0.0,3,2
3633,142,3633,452,70,0,296.28,15.49,4.23,655.49,2026-05-24 18:26:42,0,0.0,0.0,2,3
3634,29,3634,6,1,0,0.14,16.67,0.14,23.33,2026-05-24 18:26:42,0,0.0,0.0,3,2
3635,82,3635,6,1,0,0.14,16.67,0.14,23.33,2026-05-24 18:26:42,0,0.0,0.0,2,3
3636,135,3636,6,1,0,0.14,16.67,0.14,23.33,2026-05-24 18:26:42,0,0.0,0.0,1,4
3637,29,3637,22667,257,0,550.3,1.13,2.14,24.28,2026-05-24 18:26:42,0,0.0,0.0,3,2
3638,82,3638,22667,257,0,550.3,1.13,2.14,24.28,2026-05-24 18:26:42,0,0.0,0.0,2,3
3639,135,3639,22667,257,0,550.3,1.13,2.14,24.28,2026-05-24 18:26:42,0,0.0,0.0,1,4
3640,30,3640,4634,67,0,1957.96,1.45,29.22,422.52,2026-05-24 18:26:42,0,0.0,0.0,1,3
3641,83,3641,4634,67,0,1957.96,1.45,29.22,422.52,2026-05-24 18:26:42,0,0.0,0.0,3,4
3642,136,3642,4634,67,0,1957.96,1.45,29.22,422.52,2026-05-24 18:26:42,0,0.0,0.0,2,1
3643,30,3643,1271,48,0,899.43,3.78,18.74,707.66,2026-05-24 18:26:42,0,0.0,0.0,1,3
3644,83,3644,1271,48,0,899.43,3.78,18.74,707.66,2026-05-24 18:26:42,0,0.0,0.0,3,4
3645,136,3645,1271,48,0,899.43,3.78,18.74,707.66,2026-05-24 18:26:42,0,0.0,0.0,2,1
3646,18,3646,315,8,1,258.16,2.54,32.27,819.56,2026-05-24 18:26:42,30900,119.69,12.5,1,3
3647,71,3647,315,8,1,258.16,2.54,32.27,819.56,2026-05-24 18:26:42,30900,119.69,12.5,3,4
3648,124,3648,315,8,1,258.16,2.54,32.27,819.56,2026-05-24 18:26:42,30900,119.69,12.5,2,1
3649,20,3649,1543960,284,0,533.01,0.02,1.88,0.35,2026-05-24 18:26:42,0,0.0,0.0,3,1
3650,73,3650,1543960,284,0,533.01,0.02,1.88,0.35,2026-05-24 18:26:42,0,0.0,0.0,2,2
3651,126,3651,1543960,284,0,533.01,0.02,1.88,0.35,2026-05-24 18:26:42,0,0.0,0.0,1,3
3652,20,3652,0,0,0,0.0,,,,2026-05-24 18:26:42,0,,,3,1
3653,73,3653,0,0,0,0.0,,,,2026-05-24 18:26:42,0,,,2,2
3654,126,3654,0,0,0,0.0,,,,2026-05-24 18:26:42,0,,,1,3
3655,34,3655,128,6,0,28813.82,4.69,4802.3,225107.97,2026-05-24 18:26:42,0,0.0,0.0,2,3
3656,87,3656,128,6,0,28813.82,4.69,4802.3,225107.97,2026-05-24 18:26:42,0,0.0,0.0,1,4
3657,140,3657,128,6,0,28813.82,4.69,4802.3,225107.97,2026-05-24 18:26:42,0,0.0,0.0,3,1
3658,18,3658,369,15,0,510.81,4.07,34.05,1384.31,2026-05-24 18:26:42,0,0.0,0.0,1,3
3659,71,3659,369,15,0,510.81,4.07,34.05,1384.31,2026-05-24 18:26:42,0,0.0,0.0,3,4
3660,124,3660,369,15,0,510.81,4.07,34.05,1384.31,2026-05-24 18:26:42,0,0.0,0.0,2,1
3661,35,3661,338,21,0,39.23,6.21,1.87,116.07,2026-05-24 18:26:42,0,0.0,0.0,3,4
3662,88,3662,338,21,0,39.23,6.21,1.87,116.07,2026-05-24 18:26:42,0,0.0,0.0,2,1
3663,141,3663,338,21,0,39.23,6.21,1.87,116.07,2026-05-24 18:26:42,0,0.0,0.0,1,2
3664,34,3664,173,-7,0,101.61,-4.05,-14.52,587.34,2026-05-24 18:26:42,0,0.0,0.0,2,3
3665,87,3665,173,-7,0,101.61,-4.05,-14.52,587.34,2026-05-24 18:26:42,0,0.0,0.0,1,4
3666,140,3666,173,-7,0,101.61,-4.05,-14.52,587.34,2026-05-24 18:26:42,0,0.0,0.0,3,1
3667,35,3667,244,25,0,52.875414,10.25,2.12,216.7,2026-05-24 18:26:42,0,0.0,0.0,3,4
3668,88,3668,244,25,0,52.875414,10.25,2.12,216.7,2026-05-24 18:26:42,0,0.0,0.0,2,1
3669,141,3669,244,25,0,52.875414,10.25,2.12,216.7,2026-05-24 18:26:42,0,0.0,0.0,1,2
3670,34,3670,47415,-5,0,-575.24,-0.01,115.05,-12.13,2026-05-24 18:26:42,0,0.0,0.0,2,3
3671,87,3671,47415,-5,0,-575.24,-0.01,115.05,-12.13,2026-05-24 18:26:42,0,0.0,0.0,1,4
3672,140,3672,47415,-5,0,-575.24,-0.01,115.05,-12.13,2026-05-24 18:26:42,0,0.0,0.0,3,1
3673,34,3673,287,6,0,414.73,2.09,69.12,1445.05,2026-05-24 18:26:42,0,0.0,0.0,2,3
3674,87,3674,287,6,0,414.73,2.09,69.12,1445.05,2026-05-24 18:26:42,0,0.0,0.0,1,4
3675,140,3675,287,6,0,414.73,2.09,69.12,1445.05,2026-05-24 18:26:42,0,0.0,0.0,3,1
3676,8,3676,742,39,0,718.77,5.26,18.43,968.69,2026-05-24 18:26:42,0,0.0,0.0,3,1
3677,61,3677,742,39,0,718.77,5.26,18.43,968.69,2026-05-24 18:26:42,0,0.0,0.0,2,2
3678,114,3678,742,39,0,718.77,5.26,18.43,968.69,2026-05-24 18:26:42,0,0.0,0.0,1,3
3679,34,3679,112,6,0,277.82,5.36,46.3,2480.54,2026-05-24 18:26:42,0,0.0,0.0,2,3
3680,87,3680,112,6,0,277.82,5.36,46.3,2480.54,2026-05-24 18:26:42,0,0.0,0.0,1,4
3681,140,3681,112,6,0,277.82,5.36,46.3,2480.54,2026-05-24 18:26:42,0,0.0,0.0,3,1
3682,30,3682,3024,61,0,2163.664659,2.02,35.47,715.5,2026-05-24 18:26:42,0,0.0,0.0,1,3
3683,83,3683,3024,61,0,2163.664659,2.02,35.47,715.5,2026-05-24 18:26:42,0,0.0,0.0,3,4
3684,136,3684,3024,61,0,2163.664659,2.02,35.47,715.5,2026-05-24 18:26:42,0,0.0,0.0,2,1
3685,26,3685,228,10,0,459.7,4.39,45.97,2016.23,2026-05-24 18:26:42,0,0.0,0.0,3,3
3686,79,3686,228,10,0,459.7,4.39,45.97,2016.23,2026-05-24 18:26:42,0,0.0,0.0,2,4
3687,132,3687,228,10,0,459.7,4.39,45.97,2016.23,2026-05-24 18:26:42,0,0.0,0.0,1,1
3688,21,3688,95,12,0,110.04,12.63,9.17,1158.32,2026-05-24 18:26:42,0,0.0,0.0,1,2
3689,74,3689,95,12,0,110.04,12.63,9.17,1158.32,2026-05-24 18:26:42,0,0.0,0.0,3,3
3690,127,3690,95,12,0,110.04,12.63,9.17,1158.32,2026-05-24 18:26:42,0,0.0,0.0,2,4
3691,31,3691,344,24,0,706.58,6.98,29.44,2054.01,2026-05-24 18:26:42,0,0.0,0.0,2,4
3692,84,3692,344,24,0,706.58,6.98,29.44,2054.01,2026-05-24 18:26:42,0,0.0,0.0,1,1
3693,137,3693,344,24,0,706.58,6.98,29.44,2054.01,2026-05-24 18:26:42,0,0.0,0.0,3,2
3694,31,3694,1239,85,0,2243.88,6.86,26.4,1811.04,2026-05-24 18:26:42,0,0.0,0.0,2,4
3695,84,3695,1239,85,0,2243.88,6.86,26.4,1811.04,2026-05-24 18:26:42,0,0.0,0.0,1,1
3696,137,3696,1239,85,0,2243.88,6.86,26.4,1811.04,2026-05-24 18:26:42,0,0.0,0.0,3,2
3697,19,3697,81,3,0,111.41,3.7,37.14,1375.43,2026-05-24 18:26:42,0,0.0,0.0,2,4
3698,72,3698,81,3,0,111.41,3.7,37.14,1375.43,2026-05-24 18:26:42,0,0.0,0.0,1,1
3699,125,3699,81,3,0,111.41,3.7,37.14,1375.43,2026-05-24 18:26:42,0,0.0,0.0,3,2
3700,19,3700,56260,34,0,423.78,0.06,12.46,7.53,2026-05-24 18:26:42,0,0.0,0.0,2,4
3701,72,3701,56260,34,0,423.78,0.06,12.46,7.53,2026-05-24 18:26:42,0,0.0,0.0,1,1
3702,125,3702,56260,34,0,423.78,0.06,12.46,7.53,2026-05-24 18:26:42,0,0.0,0.0,3,2
3703,19,3703,20,-1,0,16.52,-5.0,-16.52,826.0,2026-05-24 18:26:42,0,0.0,0.0,2,4
3704,72,3704,20,-1,0,16.52,-5.0,-16.52,826.0,2026-05-24 18:26:42,0,0.0,0.0,1,1
3705,125,3705,20,-1,0,16.52,-5.0,-16.52,826.0,2026-05-24 18:26:42,0,0.0,0.0,3,2
3706,31,3706,3040,19300,0,8809.62,634.87,0.46,2897.9,2026-05-24 18:26:42,0,0.0,0.0,2,4
3707,84,3707,3040,19300,0,8809.62,634.87,0.46,2897.9,2026-05-24 18:26:42,0,0.0,0.0,1,1
3708,137,3708,3040,19300,0,8809.62,634.87,0.46,2897.9,2026-05-24 18:26:42,0,0.0,0.0,3,2
3709,29,3709,228623,1924,0,3383.56,0.84,1.76,14.8,2026-05-24 18:26:42,0,0.0,0.0,3,2
3710,82,3710,228623,1924,0,3383.56,0.84,1.76,14.8,2026-05-24 18:26:42,0,0.0,0.0,2,3
3711,135,3711,228623,1924,0,3383.56,0.84,1.76,14.8,2026-05-24 18:26:42,0,0.0,0.0,1,4
3712,34,3712,39,400,0,7116.63,1025.64,17.79,182477.69,2026-05-24 18:26:42,0,0.0,0.0,2,3
3713,87,3713,39,400,0,7116.63,1025.64,17.79,182477.69,2026-05-24 18:26:42,0,0.0,0.0,1,4
3714,140,3714,39,400,0,7116.63,1025.64,17.79,182477.69,2026-05-24 18:26:42,0,0.0,0.0,3,1
3715,20,3715,23663855,4739,2,-2414.98,0.02,-0.51,-0.1,2026-05-24 18:26:42,170500,-70.6,0.04,3,1
3716,73,3716,23663855,4739,2,-2414.98,0.02,-0.51,-0.1,2026-05-24 18:26:42,170500,-70.6,0.04,2,2
3717,126,3717,23663855,4739,2,-2414.98,0.02,-0.51,-0.1,2026-05-24 18:26:42,170500,-70.6,0.04,1,3
3718,30,3718,3,0,0,2.49,0.0,,830.0,2026-05-24 18:26:42,0,0.0,,1,3
3719,83,3719,3,0,0,2.49,0.0,,830.0,2026-05-24 18:26:42,0,0.0,,3,4
3720,136,3720,3,0,0,2.49,0.0,,830.0,2026-05-24 18:26:42,0,0.0,,2,1
3721,28,3721,2189,90,0,2731.37,4.11,30.35,1247.77,2026-05-24 18:26:42,0,0.0,0.0,2,1
3722,81,3722,2189,90,0,2731.37,4.11,30.35,1247.77,2026-05-24 18:26:42,0,0.0,0.0,1,2
3723,134,3723,2189,90,0,2731.37,4.11,30.35,1247.77,2026-05-24 18:26:42,0,0.0,0.0,3,3
3724,30,3724,3013,15900,0,98658.87,527.71,6.2,32744.4,2026-05-24 18:26:42,0,0.0,0.0,1,3
3725,83,3725,3013,15900,0,98658.87,527.71,6.2,32744.4,2026-05-24 18:26:42,0,0.0,0.0,3,4
3726,136,3726,3013,15900,0,98658.87,527.71,6.2,32744.4,2026-05-24 18:26:42,0,0.0,0.0,2,1
3727,34,3727,633,19,0,835.89,3.0,43.99,1320.52,2026-05-24 18:26:42,0,0.0,0.0,2,3
3728,87,3728,633,19,0,835.89,3.0,43.99,1320.52,2026-05-24 18:26:42,0,0.0,0.0,1,4
3729,140,3729,633,19,0,835.89,3.0,43.99,1320.52,2026-05-24 18:26:42,0,0.0,0.0,3,1
3730,31,3730,1440,125,0,1909.09,8.68,15.27,1325.76,2026-05-24 18:26:42,0,0.0,0.0,2,4
3731,84,3731,1440,125,0,1909.09,8.68,15.27,1325.76,2026-05-24 18:26:42,0,0.0,0.0,1,1
3732,137,3732,1440,125,0,1909.09,8.68,15.27,1325.76,2026-05-24 18:26:42,0,0.0,0.0,3,2
3733,46,3733,107300,-27,0,557.82,-0.03,-20.66,5.2,2026-05-24 18:26:42,0,0.0,0.0,2,3
3734,99,3734,107300,-27,0,557.82,-0.03,-20.66,5.2,2026-05-24 18:26:42,0,0.0,0.0,1,4
3735,152,3735,107300,-27,0,557.82,-0.03,-20.66,5.2,2026-05-24 18:26:42,0,0.0,0.0,3,1
3736,32,3736,0,0,0,0.0,,,,2026-05-24 18:26:42,0,,,3,1
3737,85,3737,0,0,0,0.0,,,,2026-05-24 18:26:42,0,,,2,2
3738,138,3738,0,0,0,0.0,,,,2026-05-24 18:26:42,0,,,1,3
3739,35,3739,428,25,0,-6872.009999999999,5.84,-274.88,-16056.1,2026-05-24 18:26:42,0,0.0,0.0,3,4
3740,88,3740,428,25,0,-6872.009999999999,5.84,-274.88,-16056.1,2026-05-24 18:26:42,0,0.0,0.0,2,1
3741,141,3741,428,25,0,-6872.009999999999,5.84,-274.88,-16056.1,2026-05-24 18:26:42,0,0.0,0.0,1,2
3742,53,3742,1955,1,0,12.87,0.05,12.87,6.58,2026-05-24 18:26:42,0,0.0,0.0,3,2
3743,106,3743,1955,1,0,12.87,0.05,12.87,6.58,2026-05-24 18:26:42,0,0.0,0.0,2,3
3744,159,3744,1955,1,0,12.87,0.05,12.87,6.58,2026-05-24 18:26:42,0,0.0,0.0,1,4
3745,32,3745,83,4,0,119.37,4.82,29.84,1438.19,2026-05-24 18:26:42,0,0.0,0.0,3,1
3746,85,3746,83,4,0,119.37,4.82,29.84,1438.19,2026-05-24 18:26:42,0,0.0,0.0,2,2
3747,138,3747,83,4,0,119.37,4.82,29.84,1438.19,2026-05-24 18:26:42,0,0.0,0.0,1,3
3748,18,3748,47,100,0,165.82,212.77,1.66,3528.09,2026-05-24 18:26:42,0,0.0,0.0,1,3
3749,71,3749,47,100,0,165.82,212.77,1.66,3528.09,2026-05-24 18:26:42,0,0.0,0.0,3,4
3750,124,3750,47,100,0,165.82,212.77,1.66,3528.09,2026-05-24 18:26:42,0,0.0,0.0,2,1
3751,29,3751,15043,408,0,-1233.15,2.71,-3.02,-81.98,2026-05-24 18:26:42,0,0.0,0.0,3,2
3752,82,3752,15043,408,0,-1233.15,2.71,-3.02,-81.98,2026-05-24 18:26:42,0,0.0,0.0,2,3
3753,135,3753,15043,408,0,-1233.15,2.71,-3.02,-81.98,2026-05-24 18:26:42,0,0.0,0.0,1,4
3754,31,3754,272,20,0,555.02,7.35,27.75,2040.51,2026-05-24 18:26:42,0,0.0,0.0,2,4
3755,84,3755,272,20,0,555.02,7.35,27.75,2040.51,2026-05-24 18:26:42,0,0.0,0.0,1,1
3756,137,3756,272,20,0,555.02,7.35,27.75,2040.51,2026-05-24 18:26:42,0,0.0,0.0,3,2
3757,21,3757,64,2,0,65.769999,3.13,32.88,1027.66,2026-05-24 18:26:42,0,0.0,0.0,1,2
3758,74,3758,64,2,0,65.769999,3.13,32.88,1027.66,2026-05-24 18:26:42,0,0.0,0.0,3,3
3759,127,3759,64,2,0,65.769999,3.13,32.88,1027.66,2026-05-24 18:26:42,0,0.0,0.0,2,4
3760,19,3760,391,54,0,677.26,13.81,12.54,1732.12,2026-05-24 18:26:42,0,0.0,0.0,2,4
3761,72,3761,391,54,0,677.26,13.81,12.54,1732.12,2026-05-24 18:26:42,0,0.0,0.0,1,1
3762,125,3762,391,54,0,677.26,13.81,12.54,1732.12,2026-05-24 18:26:42,0,0.0,0.0,3,2
3763,29,3763,8319,202,0,-1031.339999,2.43,-5.11,-123.97,2026-05-24 18:26:42,0,0.0,0.0,3,2
3764,82,3764,8319,202,0,-1031.339999,2.43,-5.11,-123.97,2026-05-24 18:26:42,0,0.0,0.0,2,3
3765,135,3765,8319,202,0,-1031.339999,2.43,-5.11,-123.97,2026-05-24 18:26:42,0,0.0,0.0,1,4
3766,32,3766,843,76,0,836.43,9.02,11.01,992.21,2026-05-24 18:26:42,0,0.0,0.0,3,1
3767,85,3767,843,76,0,836.43,9.02,11.01,992.21,2026-05-24 18:26:42,0,0.0,0.0,2,2
3768,138,3768,843,76,0,836.43,9.02,11.01,992.21,2026-05-24 18:26:42,0,0.0,0.0,1,3
3769,29,3769,36292,338,0,1550.43,0.93,4.59,42.72,2026-05-24 18:26:42,0,0.0,0.0,3,2
3770,82,3770,36292,338,0,1550.43,0.93,4.59,42.72,2026-05-24 18:26:42,0,0.0,0.0,2,3
3771,135,3771,36292,338,0,1550.43,0.93,4.59,42.72,2026-05-24 18:26:42,0,0.0,0.0,1,4
3772,29,3772,146,-1,0,5.39,-0.68,-5.39,36.92,2026-05-24 18:26:42,0,0.0,0.0,3,2
3773,82,3773,146,-1,0,5.39,-0.68,-5.39,36.92,2026-05-24 18:26:42,0,0.0,0.0,2,3
3774,135,3774,146,-1,0,5.39,-0.68,-5.39,36.92,2026-05-24 18:26:42,0,0.0,0.0,1,4
3775,30,3775,461,22,0,440.65,4.77,20.03,955.86,2026-05-24 18:26:42,0,0.0,0.0,1,3
3776,83,3776,461,22,0,440.65,4.77,20.03,955.86,2026-05-24 18:26:42,0,0.0,0.0,3,4
3777,136,3777,461,22,0,440.65,4.77,20.03,955.86,2026-05-24 18:26:42,0,0.0,0.0,2,1
3778,30,3778,7,0,0,6.3,0.0,,900.0,2026-05-24 18:26:42,0,0.0,,1,3
3779,83,3779,7,0,0,6.3,0.0,,900.0,2026-05-24 18:26:42,0,0.0,,3,4
3780,136,3780,7,0,0,6.3,0.0,,900.0,2026-05-24 18:26:42,0,0.0,,2,1
3781,30,3781,8285,1178,0,1281.99,14.22,1.09,154.74,2026-05-24 18:26:42,0,0.0,0.0,1,3
3782,83,3782,8285,1178,0,1281.99,14.22,1.09,154.74,2026-05-24 18:26:42,0,0.0,0.0,3,4
3783,136,3783,8285,1178,0,1281.99,14.22,1.09,154.74,2026-05-24 18:26:42,0,0.0,0.0,2,1
3784,18,3784,-7,0,0,10.57,0.0,,-1510.0,2026-05-24 18:26:42,0,0.0,,1,3
3785,71,3785,-7,0,0,10.57,0.0,,-1510.0,2026-05-24 18:26:42,0,0.0,,3,4
3786,124,3786,-7,0,0,10.57,0.0,,-1510.0,2026-05-24 18:26:42,0,0.0,,2,1
3787,5,3787,6,0,0,889.39,0.0,,148231.67,2026-05-24 18:26:42,0,0.0,,3,2
3788,58,3788,6,0,0,889.39,0.0,,148231.67,2026-05-24 18:26:42,0,0.0,,2,3
3789,111,3789,6,0,0,889.39,0.0,,148231.67,2026-05-24 18:26:42,0,0.0,,1,4
3790,34,3790,24360,9,0,293.76,0.04,32.64,12.06,2026-05-24 18:26:42,0,0.0,0.0,2,3
3791,87,3791,24360,9,0,293.76,0.04,32.64,12.06,2026-05-24 18:26:42,0,0.0,0.0,1,4
3792,140,3792,24360,9,0,293.76,0.04,32.64,12.06,2026-05-24 18:26:42,0,0.0,0.0,3,1
3793,18,3793,129,3,0,140.35,2.33,46.78,1087.98,2026-05-24 18:26:42,0,0.0,0.0,1,3
3794,71,3794,129,3,0,140.35,2.33,46.78,1087.98,2026-05-24 18:26:42,0,0.0,0.0,3,4
3795,124,3795,129,3,0,140.35,2.33,46.78,1087.98,2026-05-24 18:26:42,0,0.0,0.0,2,1
3796,20,3796,1234,19,0,6859.93,1.54,361.05,5559.1,2026-05-24 18:26:42,0,0.0,0.0,3,1
3797,73,3797,1234,19,0,6859.93,1.54,361.05,5559.1,2026-05-24 18:26:42,0,0.0,0.0,2,2
3798,126,3798,1234,19,0,6859.93,1.54,361.05,5559.1,2026-05-24 18:26:42,0,0.0,0.0,1,3
3799,31,3799,2911,198,0,723285.4700000001,6.8,3652.96,248466.32,2026-05-24 18:26:42,0,0.0,0.0,2,4
3800,84,3800,2911,198,0,723285.4700000001,6.8,3652.96,248466.32,2026-05-24 18:26:42,0,0.0,0.0,1,1
3801,137,3801,2911,198,0,723285.4700000001,6.8,3652.96,248466.32,2026-05-24 18:26:42,0,0.0,0.0,3,2
3802,32,3802,-46255,15,0,427.32,-0.03,28.49,-9.24,2026-05-24 18:26:42,0,0.0,0.0,3,1
3803,85,3803,-46255,15,0,427.32,-0.03,28.49,-9.24,2026-05-24 18:26:42,0,0.0,0.0,2,2
3804,138,3804,-46255,15,0,427.32,-0.03,28.49,-9.24,2026-05-24 18:26:42,0,0.0,0.0,1,3
3805,20,3805,3192,158,0,120.08,4.95,0.76,37.62,2026-05-24 18:26:42,0,0.0,0.0,3,1
3806,73,3806,3192,158,0,120.08,4.95,0.76,37.62,2026-05-24 18:26:42,0,0.0,0.0,2,2
3807,126,3807,3192,158,0,120.08,4.95,0.76,37.62,2026-05-24 18:26:42,0,0.0,0.0,1,3
3808,35,3808,471,28,0,62.34,5.94,2.23,132.36,2026-05-24 18:26:42,0,0.0,0.0,3,4
3809,88,3809,471,28,0,62.34,5.94,2.23,132.36,2026-05-24 18:26:42,0,0.0,0.0,2,1
3810,141,3810,471,28,0,62.34,5.94,2.23,132.36,2026-05-24 18:26:42,0,0.0,0.0,1,2
3811,35,3811,268,25,0,75.53,9.33,3.02,281.83,2026-05-24 18:26:42,0,0.0,0.0,3,4
3812,88,3812,268,25,0,75.53,9.33,3.02,281.83,2026-05-24 18:26:42,0,0.0,0.0,2,1
3813,141,3813,268,25,0,75.53,9.33,3.02,281.83,2026-05-24 18:26:42,0,0.0,0.0,1,2
3814,19,3814,15370,1,0,86.61,0.01,86.61,5.64,2026-05-24 18:26:42,0,0.0,0.0,2,4
3815,72,3815,15370,1,0,86.61,0.01,86.61,5.64,2026-05-24 18:26:42,0,0.0,0.0,1,1
3816,125,3816,15370,1,0,86.61,0.01,86.61,5.64,2026-05-24 18:26:42,0,0.0,0.0,3,2
3817,37,3817,12,0,0,-0.05,0.0,,-4.17,2026-05-24 18:26:42,0,0.0,,2,2
3818,90,3818,12,0,0,-0.05,0.0,,-4.17,2026-05-24 18:26:42,0,0.0,,1,3
3819,143,3819,12,0,0,-0.05,0.0,,-4.17,2026-05-24 18:26:42,0,0.0,,3,4
3820,34,3820,299,3,0,419.9,1.0,139.97,1404.35,2026-05-24 18:26:42,0,0.0,0.0,2,3
3821,87,3821,299,3,0,419.9,1.0,139.97,1404.35,2026-05-24 18:26:42,0,0.0,0.0,1,4
3822,140,3822,299,3,0,419.9,1.0,139.97,1404.35,2026-05-24 18:26:42,0,0.0,0.0,3,1
3823,22,3823,314,16,0,-677.56,5.1,-42.35,-2157.83,2026-05-24 18:26:42,0,0.0,0.0,2,3
3824,75,3824,314,16,0,-677.56,5.1,-42.35,-2157.83,2026-05-24 18:26:42,0,0.0,0.0,1,4
3825,128,3825,314,16,0,-677.56,5.1,-42.35,-2157.83,2026-05-24 18:26:42,0,0.0,0.0,3,1
3826,19,3826,1,0,0,0.89,0.0,,890.0,2026-05-24 18:26:42,0,0.0,,2,4
3827,72,3827,1,0,0,0.89,0.0,,890.0,2026-05-24 18:26:42,0,0.0,,1,1
3828,125,3828,1,0,0,0.89,0.0,,890.0,2026-05-24 18:26:42,0,0.0,,3,2
3829,34,3829,226,10,0,293.41,4.42,29.34,1298.27,2026-05-24 18:26:42,0,0.0,0.0,2,3
3830,87,3830,226,10,0,293.41,4.42,29.34,1298.27,2026-05-24 18:26:42,0,0.0,0.0,1,4
3831,140,3831,226,10,0,293.41,4.42,29.34,1298.27,2026-05-24 18:26:42,0,0.0,0.0,3,1
3832,35,3832,69,8,0,19.35,11.59,2.42,280.43,2026-05-24 18:26:42,0,0.0,0.0,3,4
3833,88,3833,69,8,0,19.35,11.59,2.42,280.43,2026-05-24 18:26:42,0,0.0,0.0,2,1
3834,141,3834,69,8,0,19.35,11.59,2.42,280.43,2026-05-24 18:26:42,0,0.0,0.0,1,2
3835,47,3835,1202,61,0,355490.24,5.07,5827.71,295748.95,2026-05-24 18:26:42,0,0.0,0.0,3,4
3836,100,3836,1202,61,0,355490.24,5.07,5827.71,295748.95,2026-05-24 18:26:42,0,0.0,0.0,2,1
3837,153,3837,1202,61,0,355490.24,5.07,5827.71,295748.95,2026-05-24 18:26:42,0,0.0,0.0,1,2
3838,41,3838,601,24,0,458.41,3.99,19.1,762.75,2026-05-24 18:26:42,0,0.0,0.0,3,2
3839,94,3839,601,24,0,458.41,3.99,19.1,762.75,2026-05-24 18:26:42,0,0.0,0.0,2,3
3840,147,3840,601,24,0,458.41,3.99,19.1,762.75,2026-05-24 18:26:42,0,0.0,0.0,1,4
3841,34,3841,379,15,0,227.91,3.96,15.19,601.35,2026-05-24 18:26:42,0,0.0,0.0,2,3
3842,87,3842,379,15,0,227.91,3.96,15.19,601.35,2026-05-24 18:26:42,0,0.0,0.0,1,4
3843,140,3843,379,15,0,227.91,3.96,15.19,601.35,2026-05-24 18:26:42,0,0.0,0.0,3,1
3844,30,3844,5858,51,0,131703.50630100002,0.87,2582.42,22482.67,2026-05-24 18:26:42,0,0.0,0.0,1,3
3845,83,3845,5858,51,0,131703.50630100002,0.87,2582.42,22482.67,2026-05-24 18:26:42,0,0.0,0.0,3,4
3846,136,3846,5858,51,0,131703.50630100002,0.87,2582.42,22482.67,2026-05-24 18:26:42,0,0.0,0.0,2,1
3847,19,3847,791,59,0,1605.1,7.46,27.21,2029.2,2026-05-24 18:26:42,0,0.0,0.0,2,4
3848,72,3848,791,59,0,1605.1,7.46,27.21,2029.2,2026-05-24 18:26:42,0,0.0,0.0,1,1
3849,125,3849,791,59,0,1605.1,7.46,27.21,2029.2,2026-05-24 18:26:42,0,0.0,0.0,3,2
3850,29,3850,83606,3067,0,1272.11,3.67,0.41,15.22,2026-05-24 18:26:42,0,0.0,0.0,3,2
3851,82,3851,83606,3067,0,1272.11,3.67,0.41,15.22,2026-05-24 18:26:42,0,0.0,0.0,2,3
3852,135,3852,83606,3067,0,1272.11,3.67,0.41,15.22,2026-05-24 18:26:42,0,0.0,0.0,1,4
3853,30,3853,762,19,0,735.318382,2.49,38.7,964.98,2026-05-24 18:26:42,0,0.0,0.0,1,3
3854,83,3854,762,19,0,735.318382,2.49,38.7,964.98,2026-05-24 18:26:42,0,0.0,0.0,3,4
3855,136,3855,762,19,0,735.318382,2.49,38.7,964.98,2026-05-24 18:26:42,0,0.0,0.0,2,1
3856,19,3856,13,1,0,32.46,7.69,32.46,2496.92,2026-05-24 18:26:42,0,0.0,0.0,2,4
3857,72,3857,13,1,0,32.46,7.69,32.46,2496.92,2026-05-24 18:26:42,0,0.0,0.0,1,1
3858,125,3858,13,1,0,32.46,7.69,32.46,2496.92,2026-05-24 18:26:42,0,0.0,0.0,3,2
3859,9,3859,385700,144,0,4068.95,0.04,28.26,10.55,2026-05-24 18:26:42,0,0.0,0.0,1,2
3860,62,3860,385700,144,0,4068.95,0.04,28.26,10.55,2026-05-24 18:26:42,0,0.0,0.0,3,3
3861,115,3861,385700,144,0,4068.95,0.04,28.26,10.55,2026-05-24 18:26:42,0,0.0,0.0,2,4
3862,29,3862,19672,1949,0,634.06,9.91,0.33,32.23,2026-05-24 18:26:42,0,0.0,0.0,3,2
3863,82,3863,19672,1949,0,634.06,9.91,0.33,32.23,2026-05-24 18:26:42,0,0.0,0.0,2,3
3864,135,3864,19672,1949,0,634.06,9.91,0.33,32.23,2026-05-24 18:26:42,0,0.0,0.0,1,4
3865,29,3865,34752,1396,0,2190.37,4.02,1.57,63.03,2026-05-24 18:26:42,0,0.0,0.0,3,2
3866,82,3866,34752,1396,0,2190.37,4.02,1.57,63.03,2026-05-24 18:26:42,0,0.0,0.0,2,3
3867,135,3867,34752,1396,0,2190.37,4.02,1.57,63.03,2026-05-24 18:26:42,0,0.0,0.0,1,4
3868,18,3868,210,15,0,254.51,7.14,16.97,1211.95,2026-05-24 18:26:42,0,0.0,0.0,1,3
3869,71,3869,210,15,0,254.51,7.14,16.97,1211.95,2026-05-24 18:26:42,0,0.0,0.0,3,4
3870,124,3870,210,15,0,254.51,7.14,16.97,1211.95,2026-05-24 18:26:42,0,0.0,0.0,2,1
3871,30,3871,39,2,0,11.34,5.13,5.67,290.77,2026-05-24 18:26:42,0,0.0,0.0,1,3
3872,83,3872,39,2,0,11.34,5.13,5.67,290.77,2026-05-24 18:26:42,0,0.0,0.0,3,4
3873,136,3873,39,2,0,11.34,5.13,5.67,290.77,2026-05-24 18:26:42,0,0.0,0.0,2,1
3874,19,3874,0,0,0,0.0,,,,2026-05-24 18:26:42,0,,,2,4
3875,72,3875,0,0,0,0.0,,,,2026-05-24 18:26:42,0,,,1,1
3876,125,3876,0,0,0,0.0,,,,2026-05-24 18:26:42,0,,,3,2
3877,19,3877,71,7,0,51.21,9.86,7.32,721.27,2026-05-24 18:26:42,0,0.0,0.0,2,4
3878,72,3878,71,7,0,51.21,9.86,7.32,721.27,2026-05-24 18:26:42,0,0.0,0.0,1,1
3879,125,3879,71,7,0,51.21,9.86,7.32,721.27,2026-05-24 18:26:42,0,0.0,0.0,3,2
3880,18,3880,1627,138,0,2683.48,8.48,19.45,1649.34,2026-05-24 18:26:42,0,0.0,0.0,1,3
3881,71,3881,1627,138,0,2683.48,8.48,19.45,1649.34,2026-05-24 18:26:42,0,0.0,0.0,3,4
3882,124,3882,1627,138,0,2683.48,8.48,19.45,1649.34,2026-05-24 18:26:42,0,0.0,0.0,2,1
3883,19,3883,2900,11,0,58.1,0.38,5.28,20.03,2026-05-24 18:26:42,0,0.0,0.0,2,4
3884,72,3884,2900,11,0,58.1,0.38,5.28,20.03,2026-05-24 18:26:42,0,0.0,0.0,1,1
3885,125,3885,2900,11,0,58.1,0.38,5.28,20.03,2026-05-24 18:26:42,0,0.0,0.0,3,2
3886,30,3886,0,0,0,0.0,,,,2026-05-24 18:26:42,0,,,1,3
3887,83,3887,0,0,0,0.0,,,,2026-05-24 18:26:42,0,,,3,4
3888,136,3888,0,0,0,0.0,,,,2026-05-24 18:26:42,0,,,2,1
3889,21,3889,108,3,0,178.83,2.78,59.61,1655.83,2026-05-24 18:26:42,0,0.0,0.0,1,2
3890,74,3890,108,3,0,178.83,2.78,59.61,1655.83,2026-05-24 18:26:42,0,0.0,0.0,3,3
3891,127,3891,108,3,0,178.83,2.78,59.61,1655.83,2026-05-24 18:26:42,0,0.0,0.0,2,4
3892,32,3892,929,87,0,1193.0,9.36,13.71,1284.18,2026-05-24 18:26:42,0,0.0,0.0,3,1
3893,85,3893,929,87,0,1193.0,9.36,13.71,1284.18,2026-05-24 18:26:42,0,0.0,0.0,2,2
3894,138,3894,929,87,0,1193.0,9.36,13.71,1284.18,2026-05-24 18:26:42,0,0.0,0.0,1,3
3895,31,3895,661200,211,0,7933.82,0.03,37.6,12.0,2026-05-24 18:26:42,0,0.0,0.0,2,4
3896,84,3896,661200,211,0,7933.82,0.03,37.6,12.0,2026-05-24 18:26:42,0,0.0,0.0,1,1
3897,137,3897,661200,211,0,7933.82,0.03,37.6,12.0,2026-05-24 18:26:42,0,0.0,0.0,3,2
3898,29,3898,33355,100900,0,2012.03,302.5,0.02,60.32,2026-05-24 18:26:42,0,0.0,0.0,3,2
3899,82,3899,33355,100900,0,2012.03,302.5,0.02,60.32,2026-05-24 18:26:42,0,0.0,0.0,2,3
3900,135,3900,33355,100900,0,2012.03,302.5,0.02,60.32,2026-05-24 18:26:42,0,0.0,0.0,1,4
3901,36,3901,93,40,0,70.07,43.01,1.75,753.44,2026-05-24 18:26:42,0,0.0,0.0,1,1
3902,89,3902,93,40,0,70.07,43.01,1.75,753.44,2026-05-24 18:26:42,0,0.0,0.0,3,2
3903,142,3903,93,40,0,70.07,43.01,1.75,753.44,2026-05-24 18:26:42,0,0.0,0.0,2,3
3904,30,3904,1420,26,0,1087.361804,1.83,41.82,765.75,2026-05-24 18:26:42,0,0.0,0.0,1,3
3905,83,3905,1420,26,0,1087.361804,1.83,41.82,765.75,2026-05-24 18:26:42,0,0.0,0.0,3,4
3906,136,3906,1420,26,0,1087.361804,1.83,41.82,765.75,2026-05-24 18:26:42,0,0.0,0.0,2,1
3907,35,3907,2,0,0,0.57,0.0,,285.0,2026-05-24 18:26:42,0,0.0,,3,4
3908,88,3908,2,0,0,0.57,0.0,,285.0,2026-05-24 18:26:42,0,0.0,,2,1
3909,141,3909,2,0,0,0.57,0.0,,285.0,2026-05-24 18:26:42,0,0.0,,1,2
3910,25,3910,0,0,0,0.0,,,,2026-05-24 18:26:42,0,,,2,2
3911,78,3911,0,0,0,0.0,,,,2026-05-24 18:26:42,0,,,1,3
3912,131,3912,0,0,0,0.0,,,,2026-05-24 18:26:42,0,,,3,4
3913,21,3913,87,4,0,84.09,4.6,21.02,966.55,2026-05-24 18:26:42,0,0.0,0.0,1,2
3914,74,3914,87,4,0,84.09,4.6,21.02,966.55,2026-05-24 18:26:42,0,0.0,0.0,3,3
3915,127,3915,87,4,0,84.09,4.6,21.02,966.55,2026-05-24 18:26:42,0,0.0,0.0,2,4
3916,19,3916,117,0,0,104.079118,0.0,,889.57,2026-05-24 18:26:42,0,0.0,,2,4
3917,72,3917,117,0,0,104.079118,0.0,,889.57,2026-05-24 18:26:42,0,0.0,,1,1
3918,125,3918,117,0,0,104.079118,0.0,,889.57,2026-05-24 18:26:42,0,0.0,,3,2
3919,8,3919,97,-2,0,71.77,-2.06,-35.88,739.9,2026-05-24 18:26:42,0,0.0,0.0,3,1
3920,61,3920,97,-2,0,71.77,-2.06,-35.88,739.9,2026-05-24 18:26:42,0,0.0,0.0,2,2
3921,114,3921,97,-2,0,71.77,-2.06,-35.88,739.9,2026-05-24 18:26:42,0,0.0,0.0,1,3
3922,21,3922,382,33,0,335.83,8.64,10.18,879.14,2026-05-24 18:26:42,0,0.0,0.0,1,2
3923,74,3923,382,33,0,335.83,8.64,10.18,879.14,2026-05-24 18:26:42,0,0.0,0.0,3,3
3924,127,3924,382,33,0,335.83,8.64,10.18,879.14,2026-05-24 18:26:42,0,0.0,0.0,2,4
3925,36,3925,178,36,0,116.49,20.22,3.24,654.44,2026-05-24 18:26:42,0,0.0,0.0,1,1
3926,89,3926,178,36,0,116.49,20.22,3.24,654.44,2026-05-24 18:26:42,0,0.0,0.0,3,2
3927,142,3927,178,36,0,116.49,20.22,3.24,654.44,2026-05-24 18:26:42,0,0.0,0.0,2,3
3928,20,3928,12450,378,0,521.45,3.04,1.38,41.88,2026-05-24 18:26:42,0,0.0,0.0,3,1
3929,73,3929,12450,378,0,521.45,3.04,1.38,41.88,2026-05-24 18:26:42,0,0.0,0.0,2,2
3930,126,3930,12450,378,0,521.45,3.04,1.38,41.88,2026-05-24 18:26:42,0,0.0,0.0,1,3
3931,52,3931,66,8,0,42.89,12.12,5.36,649.85,2026-05-24 18:26:42,0,0.0,0.0,2,1
3932,105,3932,66,8,0,42.89,12.12,5.36,649.85,2026-05-24 18:26:42,0,0.0,0.0,1,2
3933,158,3933,66,8,0,42.89,12.12,5.36,649.85,2026-05-24 18:26:42,0,0.0,0.0,3,3
3934,21,3934,18560,-2,0,155.22,-0.01,-77.61,8.36,2026-05-24 18:26:42,0,0.0,0.0,1,2
3935,74,3935,18560,-2,0,155.22,-0.01,-77.61,8.36,2026-05-24 18:26:42,0,0.0,0.0,3,3
3936,127,3936,18560,-2,0,155.22,-0.01,-77.61,8.36,2026-05-24 18:26:42,0,0.0,0.0,2,4
3937,21,3937,537,20,0,356.87,3.72,17.84,664.56,2026-05-24 18:26:42,0,0.0,0.0,1,2
3938,74,3938,537,20,0,356.87,3.72,17.84,664.56,2026-05-24 18:26:42,0,0.0,0.0,3,3
3939,127,3939,537,20,0,356.87,3.72,17.84,664.56,2026-05-24 18:26:42,0,0.0,0.0,2,4
3940,20,3940,1946,63,0,-93.26,3.24,-1.48,-47.92,2026-05-24 18:26:42,0,0.0,0.0,3,1
3941,73,3941,1946,63,0,-93.26,3.24,-1.48,-47.92,2026-05-24 18:26:42,0,0.0,0.0,2,2
3942,126,3942,1946,63,0,-93.26,3.24,-1.48,-47.92,2026-05-24 18:26:42,0,0.0,0.0,1,3
3943,30,3943,-4310,31800,0,927.91,-737.82,0.03,-215.29,2026-05-24 18:26:42,0,0.0,0.0,1,3
3944,83,3944,-4310,31800,0,927.91,-737.82,0.03,-215.29,2026-05-24 18:26:42,0,0.0,0.0,3,4
3945,136,3945,-4310,31800,0,927.91,-737.82,0.03,-215.29,2026-05-24 18:26:42,0,0.0,0.0,2,1
3946,30,3946,0,0,0,0.0,,,,2026-05-24 18:26:42,0,,,1,3
3947,83,3947,0,0,0,0.0,,,,2026-05-24 18:26:42,0,,,3,4
3948,136,3948,0,0,0,0.0,,,,2026-05-24 18:26:42,0,,,2,1
3949,18,3949,10,2,0,18.55,20.0,9.28,1855.0,2026-05-24 18:26:42,0,0.0,0.0,1,3
3950,71,3950,10,2,0,18.55,20.0,9.28,1855.0,2026-05-24 18:26:42,0,0.0,0.0,3,4
3951,124,3951,10,2,0,18.55,20.0,9.28,1855.0,2026-05-24 18:26:42,0,0.0,0.0,2,1
3952,36,3952,9,0,0,7.12,0.0,,791.11,2026-05-24 18:26:42,0,0.0,,1,1
3953,89,3953,9,0,0,7.12,0.0,,791.11,2026-05-24 18:26:42,0,0.0,,3,2
3954,142,3954,9,0,0,7.12,0.0,,791.11,2026-05-24 18:26:42,0,0.0,,2,3
3955,22,3955,428,22,0,125382.85,5.14,5699.22,292950.58,2026-05-24 18:26:42,0,0.0,0.0,2,3
3956,75,3956,428,22,0,125382.85,5.14,5699.22,292950.58,2026-05-24 18:26:42,0,0.0,0.0,1,4
3957,128,3957,428,22,0,125382.85,5.14,5699.22,292950.58,2026-05-24 18:26:42,0,0.0,0.0,3,1
3958,23,3958,351,36,0,517.75,10.26,14.38,1475.07,2026-05-24 18:26:42,0,0.0,0.0,3,4
3959,76,3959,351,36,0,517.75,10.26,14.38,1475.07,2026-05-24 18:26:42,0,0.0,0.0,2,1
3960,129,3960,351,36,0,517.75,10.26,14.38,1475.07,2026-05-24 18:26:42,0,0.0,0.0,1,2
3961,19,3961,26970,18,0,139.51,0.07,7.75,5.17,2026-05-24 18:26:42,0,0.0,0.0,2,4
3962,72,3962,26970,18,0,139.51,0.07,7.75,5.17,2026-05-24 18:26:42,0,0.0,0.0,1,1
3963,125,3963,26970,18,0,139.51,0.07,7.75,5.17,2026-05-24 18:26:42,0,0.0,0.0,3,2
3964,33,3964,-14,0,0,46.29,0.0,,-3306.43,2026-05-24 18:26:42,0,0.0,,1,2
3965,86,3965,-14,0,0,46.29,0.0,,-3306.43,2026-05-24 18:26:42,0,0.0,,3,3
3966,139,3966,-14,0,0,46.29,0.0,,-3306.43,2026-05-24 18:26:42,0,0.0,,2,4
